run,task,model,classifier,configured_lr,effective_lr,n_last_blocks,avgpool,status,validation_top1_percent,validation_top5_percent,is_selected,name_collision_size
caltech101/metaclip,caltech101,metaclip,classifier_1_blocks_avgpool_False_lr_0_00001,1e-05,5e-06,1,False,missing_name_collision,,,False,2
caltech101/metaclip,caltech101,metaclip,classifier_1_blocks_avgpool_False_lr_0_00001,2e-05,1e-05,1,False,evaluated,5.28,17.66,False,2
caltech101/metaclip,caltech101,metaclip,classifier_1_blocks_avgpool_False_lr_0_00003,5e-05,2.5e-05,1,False,evaluated,40.04,70.89,False,1
caltech101/metaclip,caltech101,metaclip,classifier_1_blocks_avgpool_False_lr_0_00005,0.0001,5e-05,1,False,evaluated,77.49,96.51,False,1
caltech101/metaclip,caltech101,metaclip,classifier_1_blocks_avgpool_False_lr_0_00010,0.0002,0.0001,1,False,evaluated,89.07,99.59,False,1
caltech101/metaclip,caltech101,metaclip,classifier_1_blocks_avgpool_False_lr_0_00025,0.0005,0.00025,1,False,evaluated,93.52,99.88,False,1
caltech101/metaclip,caltech101,metaclip,classifier_1_blocks_avgpool_False_lr_0_00050,0.001,0.0005,1,False,evaluated,94.07,99.91,False,1
caltech101/metaclip,caltech101,metaclip,classifier_1_blocks_avgpool_False_lr_0_00100,0.002,0.001,1,False,evaluated,95.77,99.89,False,1
caltech101/metaclip,caltech101,metaclip,classifier_1_blocks_avgpool_False_lr_0_00250,0.005,0.0025,1,False,evaluated,96.92,99.93,False,1
caltech101/metaclip,caltech101,metaclip,classifier_1_blocks_avgpool_False_lr_0_00500,0.01,0.005,1,False,evaluated,97.11,99.91,False,1
caltech101/metaclip,caltech101,metaclip,classifier_1_blocks_avgpool_False_lr_0_01000,0.02,0.01,1,False,evaluated,96.95,99.89,False,1
caltech101/metaclip,caltech101,metaclip,classifier_1_blocks_avgpool_False_lr_0_02500,0.05,0.025,1,False,evaluated,96.39,99.93,False,1
caltech101/metaclip,caltech101,metaclip,classifier_1_blocks_avgpool_False_lr_0_05000,0.1,0.05,1,False,evaluated,95.89,99.91,False,1
caltech101/metaclip,caltech101,metaclip,classifier_1_blocks_avgpool_True_lr_0_00001,1e-05,5e-06,1,True,missing_name_collision,,,False,2
caltech101/metaclip,caltech101,metaclip,classifier_1_blocks_avgpool_True_lr_0_00001,2e-05,1e-05,1,True,evaluated,5.7,20.01,False,2
caltech101/metaclip,caltech101,metaclip,classifier_1_blocks_avgpool_True_lr_0_00003,5e-05,2.5e-05,1,True,evaluated,47.46,81.0,False,1
caltech101/metaclip,caltech101,metaclip,classifier_1_blocks_avgpool_True_lr_0_00005,0.0001,5e-05,1,True,evaluated,81.96,97.31,False,1
caltech101/metaclip,caltech101,metaclip,classifier_1_blocks_avgpool_True_lr_0_00010,0.0002,0.0001,1,True,evaluated,89.18,99.52,False,1
caltech101/metaclip,caltech101,metaclip,classifier_1_blocks_avgpool_True_lr_0_00025,0.0005,0.00025,1,True,evaluated,93.84,99.88,False,1
caltech101/metaclip,caltech101,metaclip,classifier_1_blocks_avgpool_True_lr_0_00050,0.001,0.0005,1,True,evaluated,94.58,99.89,False,1
caltech101/metaclip,caltech101,metaclip,classifier_1_blocks_avgpool_True_lr_0_00100,0.002,0.001,1,True,evaluated,95.84,99.93,False,1
caltech101/metaclip,caltech101,metaclip,classifier_1_blocks_avgpool_True_lr_0_00250,0.005,0.0025,1,True,evaluated,96.85,99.91,False,1
caltech101/metaclip,caltech101,metaclip,classifier_1_blocks_avgpool_True_lr_0_00500,0.01,0.005,1,True,evaluated,96.95,99.95,False,1
caltech101/metaclip,caltech101,metaclip,classifier_1_blocks_avgpool_True_lr_0_01000,0.02,0.01,1,True,evaluated,96.64,99.93,False,1
caltech101/metaclip,caltech101,metaclip,classifier_1_blocks_avgpool_True_lr_0_02500,0.05,0.025,1,True,evaluated,96.05,99.93,False,1
caltech101/metaclip,caltech101,metaclip,classifier_1_blocks_avgpool_True_lr_0_05000,0.1,0.05,1,True,evaluated,95.71,99.91,False,1
caltech101/metaclip,caltech101,metaclip,classifier_4_blocks_avgpool_False_lr_0_00001,1e-05,5e-06,4,False,missing_name_collision,,,False,2
caltech101/metaclip,caltech101,metaclip,classifier_4_blocks_avgpool_False_lr_0_00001,2e-05,1e-05,4,False,evaluated,8.96,30.14,False,2
caltech101/metaclip,caltech101,metaclip,classifier_4_blocks_avgpool_False_lr_0_00003,5e-05,2.5e-05,4,False,evaluated,44.04,77.53,False,1
caltech101/metaclip,caltech101,metaclip,classifier_4_blocks_avgpool_False_lr_0_00005,0.0001,5e-05,4,False,evaluated,83.99,97.08,False,1
caltech101/metaclip,caltech101,metaclip,classifier_4_blocks_avgpool_False_lr_0_00010,0.0002,0.0001,4,False,evaluated,91.82,99.36,False,1
caltech101/metaclip,caltech101,metaclip,classifier_4_blocks_avgpool_False_lr_0_00025,0.0005,0.00025,4,False,evaluated,94.88,99.84,False,1
caltech101/metaclip,caltech101,metaclip,classifier_4_blocks_avgpool_False_lr_0_00050,0.001,0.0005,4,False,evaluated,96.19,99.91,False,1
caltech101/metaclip,caltech101,metaclip,classifier_4_blocks_avgpool_False_lr_0_00100,0.002,0.001,4,False,evaluated,97.22,99.89,False,1
caltech101/metaclip,caltech101,metaclip,classifier_4_blocks_avgpool_False_lr_0_00250,0.005,0.0025,4,False,evaluated,97.59,99.91,False,1
caltech101/metaclip,caltech101,metaclip,classifier_4_blocks_avgpool_False_lr_0_00500,0.01,0.005,4,False,evaluated,97.77,99.89,True,1
caltech101/metaclip,caltech101,metaclip,classifier_4_blocks_avgpool_False_lr_0_01000,0.02,0.01,4,False,evaluated,97.31,99.91,False,1
caltech101/metaclip,caltech101,metaclip,classifier_4_blocks_avgpool_False_lr_0_02500,0.05,0.025,4,False,evaluated,96.6,99.91,False,1
caltech101/metaclip,caltech101,metaclip,classifier_4_blocks_avgpool_False_lr_0_05000,0.1,0.05,4,False,evaluated,96.26,99.88,False,1
caltech101/metaclip,caltech101,metaclip,classifier_4_blocks_avgpool_True_lr_0_00001,1e-05,5e-06,4,True,missing_name_collision,,,False,2
caltech101/metaclip,caltech101,metaclip,classifier_4_blocks_avgpool_True_lr_0_00001,2e-05,1e-05,4,True,evaluated,12.41,29.82,False,2
caltech101/metaclip,caltech101,metaclip,classifier_4_blocks_avgpool_True_lr_0_00003,5e-05,2.5e-05,4,True,evaluated,60.58,85.66,False,1
caltech101/metaclip,caltech101,metaclip,classifier_4_blocks_avgpool_True_lr_0_00005,0.0001,5e-05,4,True,evaluated,82.24,97.43,False,1
caltech101/metaclip,caltech101,metaclip,classifier_4_blocks_avgpool_True_lr_0_00010,0.0002,0.0001,4,True,evaluated,91.06,99.49,False,1
caltech101/metaclip,caltech101,metaclip,classifier_4_blocks_avgpool_True_lr_0_00025,0.0005,0.00025,4,True,evaluated,95.17,99.88,False,1
caltech101/metaclip,caltech101,metaclip,classifier_4_blocks_avgpool_True_lr_0_00050,0.001,0.0005,4,True,evaluated,96.53,99.89,False,1
caltech101/metaclip,caltech101,metaclip,classifier_4_blocks_avgpool_True_lr_0_00100,0.002,0.001,4,True,evaluated,97.31,99.91,False,1
caltech101/metaclip,caltech101,metaclip,classifier_4_blocks_avgpool_True_lr_0_00250,0.005,0.0025,4,True,evaluated,97.63,99.89,False,1
caltech101/metaclip,caltech101,metaclip,classifier_4_blocks_avgpool_True_lr_0_00500,0.01,0.005,4,True,evaluated,97.43,99.91,False,1
caltech101/metaclip,caltech101,metaclip,classifier_4_blocks_avgpool_True_lr_0_01000,0.02,0.01,4,True,evaluated,97.33,99.91,False,1
caltech101/metaclip,caltech101,metaclip,classifier_4_blocks_avgpool_True_lr_0_02500,0.05,0.025,4,True,evaluated,96.55,99.93,False,1
caltech101/metaclip,caltech101,metaclip,classifier_4_blocks_avgpool_True_lr_0_05000,0.1,0.05,4,True,evaluated,96.26,99.89,False,1
caltech101/toklipl,caltech101,toklipl,classifier_1_blocks_avgpool_False_lr_0_00001,1e-05,5e-06,1,False,missing_name_collision,,,False,2
caltech101/toklipl,caltech101,toklipl,classifier_1_blocks_avgpool_False_lr_0_00001,2e-05,1e-05,1,False,evaluated,1.58,9.85,False,2
caltech101/toklipl,caltech101,toklipl,classifier_1_blocks_avgpool_False_lr_0_00003,5e-05,2.5e-05,1,False,evaluated,6.59,18.31,False,1
caltech101/toklipl,caltech101,toklipl,classifier_1_blocks_avgpool_False_lr_0_00005,0.0001,5e-05,1,False,evaluated,34.21,66.55,False,1
caltech101/toklipl,caltech101,toklipl,classifier_1_blocks_avgpool_False_lr_0_00010,0.0002,0.0001,1,False,evaluated,73.3,94.33,False,1
caltech101/toklipl,caltech101,toklipl,classifier_1_blocks_avgpool_False_lr_0_00025,0.0005,0.00025,1,False,evaluated,85.94,99.36,False,1
caltech101/toklipl,caltech101,toklipl,classifier_1_blocks_avgpool_False_lr_0_00050,0.001,0.0005,1,False,evaluated,89.18,99.65,False,1
caltech101/toklipl,caltech101,toklipl,classifier_1_blocks_avgpool_False_lr_0_00100,0.002,0.001,1,False,evaluated,91.55,99.73,False,1
caltech101/toklipl,caltech101,toklipl,classifier_1_blocks_avgpool_False_lr_0_00250,0.005,0.0025,1,False,evaluated,92.12,99.88,False,1
caltech101/toklipl,caltech101,toklipl,classifier_1_blocks_avgpool_False_lr_0_00500,0.01,0.005,1,False,evaluated,92.37,99.82,False,1
caltech101/toklipl,caltech101,toklipl,classifier_1_blocks_avgpool_False_lr_0_01000,0.02,0.01,1,False,evaluated,92.81,99.86,False,1
caltech101/toklipl,caltech101,toklipl,classifier_1_blocks_avgpool_False_lr_0_02500,0.05,0.025,1,False,evaluated,93.5,99.88,True,1
caltech101/toklipl,caltech101,toklipl,classifier_1_blocks_avgpool_False_lr_0_05000,0.1,0.05,1,False,evaluated,93.34,99.89,False,1
caltech101/toklipl,caltech101,toklipl,classifier_1_blocks_avgpool_True_lr_0_00001,1e-05,5e-06,1,True,missing_name_collision,,,False,2
caltech101/toklipl,caltech101,toklipl,classifier_1_blocks_avgpool_True_lr_0_00001,2e-05,1e-05,1,True,evaluated,2.44,9.35,False,2
caltech101/toklipl,caltech101,toklipl,classifier_1_blocks_avgpool_True_lr_0_00003,5e-05,2.5e-05,1,True,evaluated,19.25,43.33,False,1
caltech101/toklipl,caltech101,toklipl,classifier_1_blocks_avgpool_True_lr_0_00005,0.0001,5e-05,1,True,evaluated,56.99,83.16,False,1
caltech101/toklipl,caltech101,toklipl,classifier_1_blocks_avgpool_True_lr_0_00010,0.0002,0.0001,1,True,evaluated,82.19,98.46,False,1
caltech101/toklipl,caltech101,toklipl,classifier_1_blocks_avgpool_True_lr_0_00025,0.0005,0.00025,1,True,evaluated,88.52,99.61,False,1
caltech101/toklipl,caltech101,toklipl,classifier_1_blocks_avgpool_True_lr_0_00050,0.001,0.0005,1,True,evaluated,90.38,99.72,False,1
caltech101/toklipl,caltech101,toklipl,classifier_1_blocks_avgpool_True_lr_0_00100,0.002,0.001,1,True,evaluated,92.07,99.77,False,1
caltech101/toklipl,caltech101,toklipl,classifier_1_blocks_avgpool_True_lr_0_00250,0.005,0.0025,1,True,evaluated,92.49,99.84,False,1
caltech101/toklipl,caltech101,toklipl,classifier_1_blocks_avgpool_True_lr_0_00500,0.01,0.005,1,True,evaluated,93.04,99.88,False,1
caltech101/toklipl,caltech101,toklipl,classifier_1_blocks_avgpool_True_lr_0_01000,0.02,0.01,1,True,evaluated,93.43,99.89,False,1
caltech101/toklipl,caltech101,toklipl,classifier_1_blocks_avgpool_True_lr_0_02500,0.05,0.025,1,True,evaluated,93.39,99.89,False,1
caltech101/toklipl,caltech101,toklipl,classifier_1_blocks_avgpool_True_lr_0_05000,0.1,0.05,1,True,evaluated,93.11,99.88,False,1
caltech101/toklipl,caltech101,toklipl,classifier_4_blocks_avgpool_False_lr_0_00001,1e-05,5e-06,4,False,missing_name_collision,,,False,2
caltech101/toklipl,caltech101,toklipl,classifier_4_blocks_avgpool_False_lr_0_00001,2e-05,1e-05,4,False,evaluated,4.48,17.0,False,2
caltech101/toklipl,caltech101,toklipl,classifier_4_blocks_avgpool_False_lr_0_00003,5e-05,2.5e-05,4,False,evaluated,41.46,67.82,False,1
caltech101/toklipl,caltech101,toklipl,classifier_4_blocks_avgpool_False_lr_0_00005,0.0001,5e-05,4,False,evaluated,75.3,96.33,False,1
caltech101/toklipl,caltech101,toklipl,classifier_4_blocks_avgpool_False_lr_0_00010,0.0002,0.0001,4,False,evaluated,87.46,99.13,False,1
caltech101/toklipl,caltech101,toklipl,classifier_4_blocks_avgpool_False_lr_0_00025,0.0005,0.00025,4,False,evaluated,91.25,99.75,False,1
caltech101/toklipl,caltech101,toklipl,classifier_4_blocks_avgpool_False_lr_0_00050,0.001,0.0005,4,False,evaluated,91.87,99.77,False,1
caltech101/toklipl,caltech101,toklipl,classifier_4_blocks_avgpool_False_lr_0_00100,0.002,0.001,4,False,evaluated,92.33,99.82,False,1
caltech101/toklipl,caltech101,toklipl,classifier_4_blocks_avgpool_False_lr_0_00250,0.005,0.0025,4,False,evaluated,92.86,99.84,False,1
caltech101/toklipl,caltech101,toklipl,classifier_4_blocks_avgpool_False_lr_0_00500,0.01,0.005,4,False,evaluated,93.43,99.89,False,1
caltech101/toklipl,caltech101,toklipl,classifier_4_blocks_avgpool_False_lr_0_01000,0.02,0.01,4,False,evaluated,93.47,99.89,False,1
caltech101/toklipl,caltech101,toklipl,classifier_4_blocks_avgpool_False_lr_0_02500,0.05,0.025,4,False,evaluated,93.16,99.88,False,1
caltech101/toklipl,caltech101,toklipl,classifier_4_blocks_avgpool_False_lr_0_05000,0.1,0.05,4,False,evaluated,92.86,99.86,False,1
caltech101/toklipl,caltech101,toklipl,classifier_4_blocks_avgpool_True_lr_0_00001,1e-05,5e-06,4,True,missing_name_collision,,,False,2
caltech101/toklipl,caltech101,toklipl,classifier_4_blocks_avgpool_True_lr_0_00001,2e-05,1e-05,4,True,evaluated,7.05,23.91,False,2
caltech101/toklipl,caltech101,toklipl,classifier_4_blocks_avgpool_True_lr_0_00003,5e-05,2.5e-05,4,True,evaluated,37.97,69.68,False,1
caltech101/toklipl,caltech101,toklipl,classifier_4_blocks_avgpool_True_lr_0_00005,0.0001,5e-05,4,True,evaluated,72.52,96.64,False,1
caltech101/toklipl,caltech101,toklipl,classifier_4_blocks_avgpool_True_lr_0_00010,0.0002,0.0001,4,True,evaluated,87.41,99.42,False,1
caltech101/toklipl,caltech101,toklipl,classifier_4_blocks_avgpool_True_lr_0_00025,0.0005,0.00025,4,True,evaluated,91.66,99.77,False,1
caltech101/toklipl,caltech101,toklipl,classifier_4_blocks_avgpool_True_lr_0_00050,0.001,0.0005,4,True,evaluated,92.17,99.77,False,1
caltech101/toklipl,caltech101,toklipl,classifier_4_blocks_avgpool_True_lr_0_00100,0.002,0.001,4,True,evaluated,92.42,99.84,False,1
caltech101/toklipl,caltech101,toklipl,classifier_4_blocks_avgpool_True_lr_0_00250,0.005,0.0025,4,True,evaluated,93.18,99.84,False,1
caltech101/toklipl,caltech101,toklipl,classifier_4_blocks_avgpool_True_lr_0_00500,0.01,0.005,4,True,evaluated,93.5,99.89,False,1
caltech101/toklipl,caltech101,toklipl,classifier_4_blocks_avgpool_True_lr_0_01000,0.02,0.01,4,True,evaluated,93.41,99.89,False,1
caltech101/toklipl,caltech101,toklipl,classifier_4_blocks_avgpool_True_lr_0_02500,0.05,0.025,4,True,evaluated,93.04,99.88,False,1
caltech101/toklipl,caltech101,toklipl,classifier_4_blocks_avgpool_True_lr_0_05000,0.1,0.05,4,True,evaluated,92.83,99.91,False,1
caltech101/toklips,caltech101,toklips,classifier_1_blocks_avgpool_False_lr_0_00001,1e-05,5e-06,1,False,missing_name_collision,,,False,2
caltech101/toklips,caltech101,toklips,classifier_1_blocks_avgpool_False_lr_0_00001,2e-05,1e-05,1,False,evaluated,0.57,5.06,False,2
caltech101/toklips,caltech101,toklips,classifier_1_blocks_avgpool_False_lr_0_00003,5e-05,2.5e-05,1,False,evaluated,22.68,51.58,False,1
caltech101/toklips,caltech101,toklips,classifier_1_blocks_avgpool_False_lr_0_00005,0.0001,5e-05,1,False,evaluated,38.04,70.78,False,1
caltech101/toklips,caltech101,toklips,classifier_1_blocks_avgpool_False_lr_0_00010,0.0002,0.0001,1,False,evaluated,77.03,96.41,False,1
caltech101/toklips,caltech101,toklips,classifier_1_blocks_avgpool_False_lr_0_00025,0.0005,0.00025,1,False,evaluated,87.83,99.42,False,1
caltech101/toklips,caltech101,toklips,classifier_1_blocks_avgpool_False_lr_0_00050,0.001,0.0005,1,False,evaluated,90.17,99.66,False,1
caltech101/toklips,caltech101,toklips,classifier_1_blocks_avgpool_False_lr_0_00100,0.002,0.001,1,False,evaluated,91.84,99.73,False,1
caltech101/toklips,caltech101,toklips,classifier_1_blocks_avgpool_False_lr_0_00250,0.005,0.0025,1,False,evaluated,92.31,99.81,False,1
caltech101/toklips,caltech101,toklips,classifier_1_blocks_avgpool_False_lr_0_00500,0.01,0.005,1,False,evaluated,92.67,99.82,False,1
caltech101/toklips,caltech101,toklips,classifier_1_blocks_avgpool_False_lr_0_01000,0.02,0.01,1,False,evaluated,92.92,99.79,False,1
caltech101/toklips,caltech101,toklips,classifier_1_blocks_avgpool_False_lr_0_02500,0.05,0.025,1,False,evaluated,93.16,99.82,False,1
caltech101/toklips,caltech101,toklips,classifier_1_blocks_avgpool_False_lr_0_05000,0.1,0.05,1,False,evaluated,93.06,99.82,False,1
caltech101/toklips,caltech101,toklips,classifier_1_blocks_avgpool_True_lr_0_00001,1e-05,5e-06,1,True,missing_name_collision,,,False,2
caltech101/toklips,caltech101,toklips,classifier_1_blocks_avgpool_True_lr_0_00001,2e-05,1e-05,1,True,evaluated,3.93,13.53,False,2
caltech101/toklips,caltech101,toklips,classifier_1_blocks_avgpool_True_lr_0_00003,5e-05,2.5e-05,1,True,evaluated,27.71,58.44,False,1
caltech101/toklips,caltech101,toklips,classifier_1_blocks_avgpool_True_lr_0_00005,0.0001,5e-05,1,True,evaluated,66.3,92.35,False,1
caltech101/toklips,caltech101,toklips,classifier_1_blocks_avgpool_True_lr_0_00010,0.0002,0.0001,1,True,evaluated,83.71,98.51,False,1
caltech101/toklips,caltech101,toklips,classifier_1_blocks_avgpool_True_lr_0_00025,0.0005,0.00025,1,True,evaluated,89.62,99.59,False,1
caltech101/toklips,caltech101,toklips,classifier_1_blocks_avgpool_True_lr_0_00050,0.001,0.0005,1,True,evaluated,91.45,99.79,False,1
caltech101/toklips,caltech101,toklips,classifier_1_blocks_avgpool_True_lr_0_00100,0.002,0.001,1,True,evaluated,92.08,99.79,False,1
caltech101/toklips,caltech101,toklips,classifier_1_blocks_avgpool_True_lr_0_00250,0.005,0.0025,1,True,evaluated,92.79,99.84,False,1
caltech101/toklips,caltech101,toklips,classifier_1_blocks_avgpool_True_lr_0_00500,0.01,0.005,1,True,evaluated,92.86,99.81,False,1
caltech101/toklips,caltech101,toklips,classifier_1_blocks_avgpool_True_lr_0_01000,0.02,0.01,1,True,evaluated,93.18,99.82,True,1
caltech101/toklips,caltech101,toklips,classifier_1_blocks_avgpool_True_lr_0_02500,0.05,0.025,1,True,evaluated,93.02,99.82,False,1
caltech101/toklips,caltech101,toklips,classifier_1_blocks_avgpool_True_lr_0_05000,0.1,0.05,1,True,evaluated,92.83,99.84,False,1
caltech101/toklips,caltech101,toklips,classifier_4_blocks_avgpool_False_lr_0_00001,1e-05,5e-06,4,False,missing_name_collision,,,False,2
caltech101/toklips,caltech101,toklips,classifier_4_blocks_avgpool_False_lr_0_00001,2e-05,1e-05,4,False,evaluated,5.42,21.06,False,2
caltech101/toklips,caltech101,toklips,classifier_4_blocks_avgpool_False_lr_0_00003,5e-05,2.5e-05,4,False,evaluated,54.7,79.16,False,1
caltech101/toklips,caltech101,toklips,classifier_4_blocks_avgpool_False_lr_0_00005,0.0001,5e-05,4,False,evaluated,77.12,96.69,False,1
caltech101/toklips,caltech101,toklips,classifier_4_blocks_avgpool_False_lr_0_00010,0.0002,0.0001,4,False,evaluated,86.1,99.29,False,1
caltech101/toklips,caltech101,toklips,classifier_4_blocks_avgpool_False_lr_0_00025,0.0005,0.00025,4,False,evaluated,91.0,99.7,False,1
caltech101/toklips,caltech101,toklips,classifier_4_blocks_avgpool_False_lr_0_00050,0.001,0.0005,4,False,evaluated,91.87,99.77,False,1
caltech101/toklips,caltech101,toklips,classifier_4_blocks_avgpool_False_lr_0_00100,0.002,0.001,4,False,evaluated,92.56,99.81,False,1
caltech101/toklips,caltech101,toklips,classifier_4_blocks_avgpool_False_lr_0_00250,0.005,0.0025,4,False,evaluated,92.92,99.81,False,1
caltech101/toklips,caltech101,toklips,classifier_4_blocks_avgpool_False_lr_0_00500,0.01,0.005,4,False,evaluated,93.04,99.82,False,1
caltech101/toklips,caltech101,toklips,classifier_4_blocks_avgpool_False_lr_0_01000,0.02,0.01,4,False,evaluated,93.11,99.84,False,1
caltech101/toklips,caltech101,toklips,classifier_4_blocks_avgpool_False_lr_0_02500,0.05,0.025,4,False,evaluated,92.83,99.84,False,1
caltech101/toklips,caltech101,toklips,classifier_4_blocks_avgpool_False_lr_0_05000,0.1,0.05,4,False,evaluated,92.72,99.84,False,1
caltech101/toklips,caltech101,toklips,classifier_4_blocks_avgpool_True_lr_0_00001,1e-05,5e-06,4,True,missing_name_collision,,,False,2
caltech101/toklips,caltech101,toklips,classifier_4_blocks_avgpool_True_lr_0_00001,2e-05,1e-05,4,True,evaluated,12.22,26.69,False,2
caltech101/toklips,caltech101,toklips,classifier_4_blocks_avgpool_True_lr_0_00003,5e-05,2.5e-05,4,True,evaluated,57.61,84.79,False,1
caltech101/toklips,caltech101,toklips,classifier_4_blocks_avgpool_True_lr_0_00005,0.0001,5e-05,4,True,evaluated,81.76,97.41,False,1
caltech101/toklips,caltech101,toklips,classifier_4_blocks_avgpool_True_lr_0_00010,0.0002,0.0001,4,True,evaluated,88.63,99.52,False,1
caltech101/toklips,caltech101,toklips,classifier_4_blocks_avgpool_True_lr_0_00025,0.0005,0.00025,4,True,evaluated,91.89,99.73,False,1
caltech101/toklips,caltech101,toklips,classifier_4_blocks_avgpool_True_lr_0_00050,0.001,0.0005,4,True,evaluated,92.14,99.79,False,1
caltech101/toklips,caltech101,toklips,classifier_4_blocks_avgpool_True_lr_0_00100,0.002,0.001,4,True,evaluated,92.4,99.81,False,1
caltech101/toklips,caltech101,toklips,classifier_4_blocks_avgpool_True_lr_0_00250,0.005,0.0025,4,True,evaluated,93.08,99.82,False,1
caltech101/toklips,caltech101,toklips,classifier_4_blocks_avgpool_True_lr_0_00500,0.01,0.005,4,True,evaluated,92.97,99.82,False,1
caltech101/toklips,caltech101,toklips,classifier_4_blocks_avgpool_True_lr_0_01000,0.02,0.01,4,True,evaluated,92.92,99.82,False,1
caltech101/toklips,caltech101,toklips,classifier_4_blocks_avgpool_True_lr_0_02500,0.05,0.025,4,True,evaluated,92.85,99.86,False,1
caltech101/toklips,caltech101,toklips,classifier_4_blocks_avgpool_True_lr_0_05000,0.1,0.05,4,True,evaluated,92.51,99.86,False,1
caltech101/unitok,caltech101,unitok,classifier_1_blocks_avgpool_False_lr_0_00001,1e-05,5e-06,1,False,missing_name_collision,,,False,2
caltech101/unitok,caltech101,unitok,classifier_1_blocks_avgpool_False_lr_0_00001,2e-05,1e-05,1,False,evaluated,8.87,28.4,False,2
caltech101/unitok,caltech101,unitok,classifier_1_blocks_avgpool_False_lr_0_00003,5e-05,2.5e-05,1,False,evaluated,48.01,82.57,False,1
caltech101/unitok,caltech101,unitok,classifier_1_blocks_avgpool_False_lr_0_00005,0.0001,5e-05,1,False,evaluated,84.06,98.9,False,1
caltech101/unitok,caltech101,unitok,classifier_1_blocks_avgpool_False_lr_0_00010,0.0002,0.0001,1,False,evaluated,88.93,99.68,False,1
caltech101/unitok,caltech101,unitok,classifier_1_blocks_avgpool_False_lr_0_00025,0.0005,0.00025,1,False,evaluated,91.82,99.84,False,1
caltech101/unitok,caltech101,unitok,classifier_1_blocks_avgpool_False_lr_0_00050,0.001,0.0005,1,False,evaluated,92.49,99.88,False,1
caltech101/unitok,caltech101,unitok,classifier_1_blocks_avgpool_False_lr_0_00100,0.002,0.001,1,False,evaluated,93.87,99.86,False,1
caltech101/unitok,caltech101,unitok,classifier_1_blocks_avgpool_False_lr_0_00250,0.005,0.0025,1,False,evaluated,95.18,99.82,False,1
caltech101/unitok,caltech101,unitok,classifier_1_blocks_avgpool_False_lr_0_00500,0.01,0.005,1,False,evaluated,95.57,99.84,False,1
caltech101/unitok,caltech101,unitok,classifier_1_blocks_avgpool_False_lr_0_01000,0.02,0.01,1,False,evaluated,95.91,99.82,False,1
caltech101/unitok,caltech101,unitok,classifier_1_blocks_avgpool_False_lr_0_02500,0.05,0.025,1,False,evaluated,95.77,99.81,False,1
caltech101/unitok,caltech101,unitok,classifier_1_blocks_avgpool_False_lr_0_05000,0.1,0.05,1,False,evaluated,95.79,99.82,False,1
caltech101/unitok,caltech101,unitok,classifier_1_blocks_avgpool_True_lr_0_00001,1e-05,5e-06,1,True,missing_name_collision,,,False,2
caltech101/unitok,caltech101,unitok,classifier_1_blocks_avgpool_True_lr_0_00001,2e-05,1e-05,1,True,evaluated,16.08,40.85,False,2
caltech101/unitok,caltech101,unitok,classifier_1_blocks_avgpool_True_lr_0_00003,5e-05,2.5e-05,1,True,evaluated,58.1,89.32,False,1
caltech101/unitok,caltech101,unitok,classifier_1_blocks_avgpool_True_lr_0_00005,0.0001,5e-05,1,True,evaluated,87.09,99.26,False,1
caltech101/unitok,caltech101,unitok,classifier_1_blocks_avgpool_True_lr_0_00010,0.0002,0.0001,1,True,evaluated,91.36,99.72,False,1
caltech101/unitok,caltech101,unitok,classifier_1_blocks_avgpool_True_lr_0_00025,0.0005,0.00025,1,True,evaluated,92.58,99.82,False,1
caltech101/unitok,caltech101,unitok,classifier_1_blocks_avgpool_True_lr_0_00050,0.001,0.0005,1,True,evaluated,92.63,99.88,False,1
caltech101/unitok,caltech101,unitok,classifier_1_blocks_avgpool_True_lr_0_00100,0.002,0.001,1,True,evaluated,94.44,99.88,False,1
caltech101/unitok,caltech101,unitok,classifier_1_blocks_avgpool_True_lr_0_00250,0.005,0.0025,1,True,evaluated,95.24,99.84,False,1
caltech101/unitok,caltech101,unitok,classifier_1_blocks_avgpool_True_lr_0_00500,0.01,0.005,1,True,evaluated,95.75,99.82,False,1
caltech101/unitok,caltech101,unitok,classifier_1_blocks_avgpool_True_lr_0_01000,0.02,0.01,1,True,evaluated,95.84,99.82,False,1
caltech101/unitok,caltech101,unitok,classifier_1_blocks_avgpool_True_lr_0_02500,0.05,0.025,1,True,evaluated,95.89,99.81,False,1
caltech101/unitok,caltech101,unitok,classifier_1_blocks_avgpool_True_lr_0_05000,0.1,0.05,1,True,evaluated,95.75,99.81,False,1
caltech101/unitok,caltech101,unitok,classifier_4_blocks_avgpool_False_lr_0_00001,1e-05,5e-06,4,False,missing_name_collision,,,False,2
caltech101/unitok,caltech101,unitok,classifier_4_blocks_avgpool_False_lr_0_00001,2e-05,1e-05,4,False,evaluated,52.54,80.49,False,2
caltech101/unitok,caltech101,unitok,classifier_4_blocks_avgpool_False_lr_0_00003,5e-05,2.5e-05,4,False,evaluated,84.63,99.33,False,1
caltech101/unitok,caltech101,unitok,classifier_4_blocks_avgpool_False_lr_0_00005,0.0001,5e-05,4,False,evaluated,91.22,99.81,False,1
caltech101/unitok,caltech101,unitok,classifier_4_blocks_avgpool_False_lr_0_00010,0.0002,0.0001,4,False,evaluated,91.62,99.86,False,1
caltech101/unitok,caltech101,unitok,classifier_4_blocks_avgpool_False_lr_0_00025,0.0005,0.00025,4,False,evaluated,93.66,99.86,False,1
caltech101/unitok,caltech101,unitok,classifier_4_blocks_avgpool_False_lr_0_00050,0.001,0.0005,4,False,evaluated,94.97,99.86,False,1
caltech101/unitok,caltech101,unitok,classifier_4_blocks_avgpool_False_lr_0_00100,0.002,0.001,4,False,evaluated,95.29,99.88,False,1
caltech101/unitok,caltech101,unitok,classifier_4_blocks_avgpool_False_lr_0_00250,0.005,0.0025,4,False,evaluated,95.82,99.82,False,1
caltech101/unitok,caltech101,unitok,classifier_4_blocks_avgpool_False_lr_0_00500,0.01,0.005,4,False,evaluated,95.89,99.82,False,1
caltech101/unitok,caltech101,unitok,classifier_4_blocks_avgpool_False_lr_0_01000,0.02,0.01,4,False,evaluated,95.87,99.84,False,1
caltech101/unitok,caltech101,unitok,classifier_4_blocks_avgpool_False_lr_0_02500,0.05,0.025,4,False,evaluated,95.54,99.79,False,1
caltech101/unitok,caltech101,unitok,classifier_4_blocks_avgpool_False_lr_0_05000,0.1,0.05,4,False,evaluated,95.48,99.75,False,1
caltech101/unitok,caltech101,unitok,classifier_4_blocks_avgpool_True_lr_0_00001,1e-05,5e-06,4,True,missing_name_collision,,,False,2
caltech101/unitok,caltech101,unitok,classifier_4_blocks_avgpool_True_lr_0_00001,2e-05,1e-05,4,True,evaluated,46.36,78.54,False,2
caltech101/unitok,caltech101,unitok,classifier_4_blocks_avgpool_True_lr_0_00003,5e-05,2.5e-05,4,True,evaluated,86.49,99.33,False,1
caltech101/unitok,caltech101,unitok,classifier_4_blocks_avgpool_True_lr_0_00005,0.0001,5e-05,4,True,evaluated,92.23,99.81,False,1
caltech101/unitok,caltech101,unitok,classifier_4_blocks_avgpool_True_lr_0_00010,0.0002,0.0001,4,True,evaluated,92.63,99.79,False,1
caltech101/unitok,caltech101,unitok,classifier_4_blocks_avgpool_True_lr_0_00025,0.0005,0.00025,4,True,evaluated,94.55,99.86,False,1
caltech101/unitok,caltech101,unitok,classifier_4_blocks_avgpool_True_lr_0_00050,0.001,0.0005,4,True,evaluated,94.92,99.77,False,1
caltech101/unitok,caltech101,unitok,classifier_4_blocks_avgpool_True_lr_0_00100,0.002,0.001,4,True,evaluated,95.68,99.86,False,1
caltech101/unitok,caltech101,unitok,classifier_4_blocks_avgpool_True_lr_0_00250,0.005,0.0025,4,True,evaluated,95.84,99.82,False,1
caltech101/unitok,caltech101,unitok,classifier_4_blocks_avgpool_True_lr_0_00500,0.01,0.005,4,True,evaluated,95.93,99.81,True,1
caltech101/unitok,caltech101,unitok,classifier_4_blocks_avgpool_True_lr_0_01000,0.02,0.01,4,True,evaluated,95.82,99.82,False,1
caltech101/unitok,caltech101,unitok,classifier_4_blocks_avgpool_True_lr_0_02500,0.05,0.025,4,True,evaluated,95.52,99.81,False,1
caltech101/unitok,caltech101,unitok,classifier_4_blocks_avgpool_True_lr_0_05000,0.1,0.05,4,True,evaluated,95.31,99.73,False,1
caltech101/vilau,caltech101,vilau,classifier_1_blocks_avgpool_False_lr_0_00001,1e-05,5e-06,1,False,missing_name_collision,,,False,2
caltech101/vilau,caltech101,vilau,classifier_1_blocks_avgpool_False_lr_0_00001,2e-05,1e-05,1,False,evaluated,2.9,14.45,False,2
caltech101/vilau,caltech101,vilau,classifier_1_blocks_avgpool_False_lr_0_00003,5e-05,2.5e-05,1,False,evaluated,17.07,39.44,False,1
caltech101/vilau,caltech101,vilau,classifier_1_blocks_avgpool_False_lr_0_00005,0.0001,5e-05,1,False,evaluated,37.26,69.98,False,1
caltech101/vilau,caltech101,vilau,classifier_1_blocks_avgpool_False_lr_0_00010,0.0002,0.0001,1,False,evaluated,72.43,91.94,False,1
caltech101/vilau,caltech101,vilau,classifier_1_blocks_avgpool_False_lr_0_00025,0.0005,0.00025,1,False,evaluated,88.15,98.03,False,1
caltech101/vilau,caltech101,vilau,classifier_1_blocks_avgpool_False_lr_0_00050,0.001,0.0005,1,False,evaluated,91.92,99.38,False,1
caltech101/vilau,caltech101,vilau,classifier_1_blocks_avgpool_False_lr_0_00100,0.002,0.001,1,False,evaluated,93.57,99.73,False,1
caltech101/vilau,caltech101,vilau,classifier_1_blocks_avgpool_False_lr_0_00250,0.005,0.0025,1,False,evaluated,94.86,99.82,False,1
caltech101/vilau,caltech101,vilau,classifier_1_blocks_avgpool_False_lr_0_00500,0.01,0.005,1,False,evaluated,95.56,99.82,False,1
caltech101/vilau,caltech101,vilau,classifier_1_blocks_avgpool_False_lr_0_01000,0.02,0.01,1,False,evaluated,95.71,99.82,True,1
caltech101/vilau,caltech101,vilau,classifier_1_blocks_avgpool_False_lr_0_02500,0.05,0.025,1,False,evaluated,95.5,99.81,False,1
caltech101/vilau,caltech101,vilau,classifier_1_blocks_avgpool_False_lr_0_05000,0.1,0.05,1,False,evaluated,95.31,99.75,False,1
caltech101/vilau,caltech101,vilau,classifier_1_blocks_avgpool_True_lr_0_00001,1e-05,5e-06,1,True,missing_name_collision,,,False,2
caltech101/vilau,caltech101,vilau,classifier_1_blocks_avgpool_True_lr_0_00001,2e-05,1e-05,1,True,evaluated,4.76,15.51,False,2
caltech101/vilau,caltech101,vilau,classifier_1_blocks_avgpool_True_lr_0_00003,5e-05,2.5e-05,1,True,evaluated,25.06,49.48,False,1
caltech101/vilau,caltech101,vilau,classifier_1_blocks_avgpool_True_lr_0_00005,0.0001,5e-05,1,True,evaluated,53.21,81.55,False,1
caltech101/vilau,caltech101,vilau,classifier_1_blocks_avgpool_True_lr_0_00010,0.0002,0.0001,1,True,evaluated,83.94,95.75,False,1
caltech101/vilau,caltech101,vilau,classifier_1_blocks_avgpool_True_lr_0_00025,0.0005,0.00025,1,True,evaluated,92.14,99.26,False,1
caltech101/vilau,caltech101,vilau,classifier_1_blocks_avgpool_True_lr_0_00050,0.001,0.0005,1,True,evaluated,92.6,99.68,False,1
caltech101/vilau,caltech101,vilau,classifier_1_blocks_avgpool_True_lr_0_00100,0.002,0.001,1,True,evaluated,94.3,99.81,False,1
caltech101/vilau,caltech101,vilau,classifier_1_blocks_avgpool_True_lr_0_00250,0.005,0.0025,1,True,evaluated,95.52,99.82,False,1
caltech101/vilau,caltech101,vilau,classifier_1_blocks_avgpool_True_lr_0_00500,0.01,0.005,1,True,evaluated,95.63,99.86,False,1
caltech101/vilau,caltech101,vilau,classifier_1_blocks_avgpool_True_lr_0_01000,0.02,0.01,1,True,evaluated,95.52,99.82,False,1
caltech101/vilau,caltech101,vilau,classifier_1_blocks_avgpool_True_lr_0_02500,0.05,0.025,1,True,evaluated,95.24,99.77,False,1
caltech101/vilau,caltech101,vilau,classifier_1_blocks_avgpool_True_lr_0_05000,0.1,0.05,1,True,evaluated,95.04,99.72,False,1
caltech101/vilau,caltech101,vilau,classifier_4_blocks_avgpool_False_lr_0_00001,1e-05,5e-06,4,False,missing_name_collision,,,False,2
caltech101/vilau,caltech101,vilau,classifier_4_blocks_avgpool_False_lr_0_00001,2e-05,1e-05,4,False,evaluated,9.07,24.86,False,2
caltech101/vilau,caltech101,vilau,classifier_4_blocks_avgpool_False_lr_0_00003,5e-05,2.5e-05,4,False,evaluated,48.65,74.71,False,1
caltech101/vilau,caltech101,vilau,classifier_4_blocks_avgpool_False_lr_0_00005,0.0001,5e-05,4,False,evaluated,71.12,93.45,False,1
caltech101/vilau,caltech101,vilau,classifier_4_blocks_avgpool_False_lr_0_00010,0.0002,0.0001,4,False,evaluated,89.73,98.21,False,1
caltech101/vilau,caltech101,vilau,classifier_4_blocks_avgpool_False_lr_0_00025,0.0005,0.00025,4,False,evaluated,92.63,99.73,False,1
caltech101/vilau,caltech101,vilau,classifier_4_blocks_avgpool_False_lr_0_00050,0.001,0.0005,4,False,evaluated,94.58,99.81,False,1
caltech101/vilau,caltech101,vilau,classifier_4_blocks_avgpool_False_lr_0_00100,0.002,0.001,4,False,evaluated,95.17,99.82,False,1
caltech101/vilau,caltech101,vilau,classifier_4_blocks_avgpool_False_lr_0_00250,0.005,0.0025,4,False,evaluated,95.66,99.84,False,1
caltech101/vilau,caltech101,vilau,classifier_4_blocks_avgpool_False_lr_0_00500,0.01,0.005,4,False,evaluated,95.48,99.82,False,1
caltech101/vilau,caltech101,vilau,classifier_4_blocks_avgpool_False_lr_0_01000,0.02,0.01,4,False,evaluated,95.41,99.79,False,1
caltech101/vilau,caltech101,vilau,classifier_4_blocks_avgpool_False_lr_0_02500,0.05,0.025,4,False,evaluated,94.99,99.72,False,1
caltech101/vilau,caltech101,vilau,classifier_4_blocks_avgpool_False_lr_0_05000,0.1,0.05,4,False,evaluated,94.47,99.63,False,1
caltech101/vilau,caltech101,vilau,classifier_4_blocks_avgpool_True_lr_0_00001,1e-05,5e-06,4,True,missing_name_collision,,,False,2
caltech101/vilau,caltech101,vilau,classifier_4_blocks_avgpool_True_lr_0_00001,2e-05,1e-05,4,True,evaluated,12.2,32.35,False,2
caltech101/vilau,caltech101,vilau,classifier_4_blocks_avgpool_True_lr_0_00003,5e-05,2.5e-05,4,True,evaluated,52.74,81.49,False,1
caltech101/vilau,caltech101,vilau,classifier_4_blocks_avgpool_True_lr_0_00005,0.0001,5e-05,4,True,evaluated,81.62,95.75,False,1
caltech101/vilau,caltech101,vilau,classifier_4_blocks_avgpool_True_lr_0_00010,0.0002,0.0001,4,True,evaluated,88.76,99.03,False,1
caltech101/vilau,caltech101,vilau,classifier_4_blocks_avgpool_True_lr_0_00025,0.0005,0.00025,4,True,evaluated,93.04,99.73,False,1
caltech101/vilau,caltech101,vilau,classifier_4_blocks_avgpool_True_lr_0_00050,0.001,0.0005,4,True,evaluated,94.81,99.81,False,1
caltech101/vilau,caltech101,vilau,classifier_4_blocks_avgpool_True_lr_0_00100,0.002,0.001,4,True,evaluated,95.27,99.81,False,1
caltech101/vilau,caltech101,vilau,classifier_4_blocks_avgpool_True_lr_0_00250,0.005,0.0025,4,True,evaluated,95.64,99.82,False,1
caltech101/vilau,caltech101,vilau,classifier_4_blocks_avgpool_True_lr_0_00500,0.01,0.005,4,True,evaluated,95.5,99.79,False,1
caltech101/vilau,caltech101,vilau,classifier_4_blocks_avgpool_True_lr_0_01000,0.02,0.01,4,True,evaluated,95.24,99.77,False,1
caltech101/vilau,caltech101,vilau,classifier_4_blocks_avgpool_True_lr_0_02500,0.05,0.025,4,True,evaluated,94.49,99.66,False,1
caltech101/vilau,caltech101,vilau,classifier_4_blocks_avgpool_True_lr_0_05000,0.1,0.05,4,True,evaluated,94.56,99.68,False,1
cifar100/metaclip,cifar100,metaclip,classifier_1_blocks_avgpool_False_lr_0_00001,1e-05,5e-06,1,False,missing_name_collision,,,False,2
cifar100/metaclip,cifar100,metaclip,classifier_1_blocks_avgpool_False_lr_0_00001,2e-05,1e-05,1,False,evaluated,7.74,21.53,False,2
cifar100/metaclip,cifar100,metaclip,classifier_1_blocks_avgpool_False_lr_0_00003,5e-05,2.5e-05,1,False,evaluated,28.56,59.57,False,1
cifar100/metaclip,cifar100,metaclip,classifier_1_blocks_avgpool_False_lr_0_00005,0.0001,5e-05,1,False,evaluated,51.02,79.96,False,1
cifar100/metaclip,cifar100,metaclip,classifier_1_blocks_avgpool_False_lr_0_00010,0.0002,0.0001,1,False,evaluated,62.12,88.6,False,1
cifar100/metaclip,cifar100,metaclip,classifier_1_blocks_avgpool_False_lr_0_00025,0.0005,0.00025,1,False,evaluated,72.94,93.59,False,1
cifar100/metaclip,cifar100,metaclip,classifier_1_blocks_avgpool_False_lr_0_00050,0.001,0.0005,1,False,evaluated,78.09,95.11,False,1
cifar100/metaclip,cifar100,metaclip,classifier_1_blocks_avgpool_False_lr_0_00100,0.002,0.001,1,False,evaluated,80.32,95.92,False,1
cifar100/metaclip,cifar100,metaclip,classifier_1_blocks_avgpool_False_lr_0_00250,0.005,0.0025,1,False,evaluated,82.6,96.61,False,1
cifar100/metaclip,cifar100,metaclip,classifier_1_blocks_avgpool_False_lr_0_00500,0.01,0.005,1,False,evaluated,84.21,96.98,False,1
cifar100/metaclip,cifar100,metaclip,classifier_1_blocks_avgpool_False_lr_0_01000,0.02,0.01,1,False,evaluated,84.85,97.31,False,1
cifar100/metaclip,cifar100,metaclip,classifier_1_blocks_avgpool_False_lr_0_02500,0.05,0.025,1,False,evaluated,85.48,97.51,False,1
cifar100/metaclip,cifar100,metaclip,classifier_1_blocks_avgpool_False_lr_0_05000,0.1,0.05,1,False,evaluated,85.6,97.45,False,1
cifar100/metaclip,cifar100,metaclip,classifier_1_blocks_avgpool_True_lr_0_00001,1e-05,5e-06,1,True,missing_name_collision,,,False,2
cifar100/metaclip,cifar100,metaclip,classifier_1_blocks_avgpool_True_lr_0_00001,2e-05,1e-05,1,True,evaluated,9.54,29.24,False,2
cifar100/metaclip,cifar100,metaclip,classifier_1_blocks_avgpool_True_lr_0_00003,5e-05,2.5e-05,1,True,evaluated,34.82,65.77,False,1
cifar100/metaclip,cifar100,metaclip,classifier_1_blocks_avgpool_True_lr_0_00005,0.0001,5e-05,1,True,evaluated,53.24,82.14,False,1
cifar100/metaclip,cifar100,metaclip,classifier_1_blocks_avgpool_True_lr_0_00010,0.0002,0.0001,1,True,evaluated,64.25,89.91,False,1
cifar100/metaclip,cifar100,metaclip,classifier_1_blocks_avgpool_True_lr_0_00025,0.0005,0.00025,1,True,evaluated,74.97,94.19,False,1
cifar100/metaclip,cifar100,metaclip,classifier_1_blocks_avgpool_True_lr_0_00050,0.001,0.0005,1,True,evaluated,79.28,95.42,False,1
cifar100/metaclip,cifar100,metaclip,classifier_1_blocks_avgpool_True_lr_0_00100,0.002,0.001,1,True,evaluated,81.07,96.12,False,1
cifar100/metaclip,cifar100,metaclip,classifier_1_blocks_avgpool_True_lr_0_00250,0.005,0.0025,1,True,evaluated,83.25,96.79,False,1
cifar100/metaclip,cifar100,metaclip,classifier_1_blocks_avgpool_True_lr_0_00500,0.01,0.005,1,True,evaluated,84.73,97.27,False,1
cifar100/metaclip,cifar100,metaclip,classifier_1_blocks_avgpool_True_lr_0_01000,0.02,0.01,1,True,evaluated,85.55,97.5,False,1
cifar100/metaclip,cifar100,metaclip,classifier_1_blocks_avgpool_True_lr_0_02500,0.05,0.025,1,True,evaluated,86.11,97.54,False,1
cifar100/metaclip,cifar100,metaclip,classifier_1_blocks_avgpool_True_lr_0_05000,0.1,0.05,1,True,evaluated,86.31,97.71,True,1
cifar100/metaclip,cifar100,metaclip,classifier_4_blocks_avgpool_False_lr_0_00001,1e-05,5e-06,4,False,missing_name_collision,,,False,2
cifar100/metaclip,cifar100,metaclip,classifier_4_blocks_avgpool_False_lr_0_00001,2e-05,1e-05,4,False,evaluated,9.28,26.49,False,2
cifar100/metaclip,cifar100,metaclip,classifier_4_blocks_avgpool_False_lr_0_00003,5e-05,2.5e-05,4,False,evaluated,28.48,63.01,False,1
cifar100/metaclip,cifar100,metaclip,classifier_4_blocks_avgpool_False_lr_0_00005,0.0001,5e-05,4,False,evaluated,48.03,77.83,False,1
cifar100/metaclip,cifar100,metaclip,classifier_4_blocks_avgpool_False_lr_0_00010,0.0002,0.0001,4,False,evaluated,61.87,88.14,False,1
cifar100/metaclip,cifar100,metaclip,classifier_4_blocks_avgpool_False_lr_0_00025,0.0005,0.00025,4,False,evaluated,73.07,93.36,False,1
cifar100/metaclip,cifar100,metaclip,classifier_4_blocks_avgpool_False_lr_0_00050,0.001,0.0005,4,False,evaluated,77.63,94.96,False,1
cifar100/metaclip,cifar100,metaclip,classifier_4_blocks_avgpool_False_lr_0_00100,0.002,0.001,4,False,evaluated,80.26,96.18,False,1
cifar100/metaclip,cifar100,metaclip,classifier_4_blocks_avgpool_False_lr_0_00250,0.005,0.0025,4,False,evaluated,83.08,96.85,False,1
cifar100/metaclip,cifar100,metaclip,classifier_4_blocks_avgpool_False_lr_0_00500,0.01,0.005,4,False,evaluated,84.42,97.3,False,1
cifar100/metaclip,cifar100,metaclip,classifier_4_blocks_avgpool_False_lr_0_01000,0.02,0.01,4,False,evaluated,85.34,97.48,False,1
cifar100/metaclip,cifar100,metaclip,classifier_4_blocks_avgpool_False_lr_0_02500,0.05,0.025,4,False,evaluated,85.92,97.5,False,1
cifar100/metaclip,cifar100,metaclip,classifier_4_blocks_avgpool_False_lr_0_05000,0.1,0.05,4,False,evaluated,85.99,97.48,False,1
cifar100/metaclip,cifar100,metaclip,classifier_4_blocks_avgpool_True_lr_0_00001,1e-05,5e-06,4,True,missing_name_collision,,,False,2
cifar100/metaclip,cifar100,metaclip,classifier_4_blocks_avgpool_True_lr_0_00001,2e-05,1e-05,4,True,evaluated,12.2,33.76,False,2
cifar100/metaclip,cifar100,metaclip,classifier_4_blocks_avgpool_True_lr_0_00003,5e-05,2.5e-05,4,True,evaluated,34.76,65.62,False,1
cifar100/metaclip,cifar100,metaclip,classifier_4_blocks_avgpool_True_lr_0_00005,0.0001,5e-05,4,True,evaluated,53.39,81.99,False,1
cifar100/metaclip,cifar100,metaclip,classifier_4_blocks_avgpool_True_lr_0_00010,0.0002,0.0001,4,True,evaluated,64.89,89.32,False,1
cifar100/metaclip,cifar100,metaclip,classifier_4_blocks_avgpool_True_lr_0_00025,0.0005,0.00025,4,True,evaluated,75.29,93.87,False,1
cifar100/metaclip,cifar100,metaclip,classifier_4_blocks_avgpool_True_lr_0_00050,0.001,0.0005,4,True,evaluated,79.08,95.4,False,1
cifar100/metaclip,cifar100,metaclip,classifier_4_blocks_avgpool_True_lr_0_00100,0.002,0.001,4,True,evaluated,81.36,96.33,False,1
cifar100/metaclip,cifar100,metaclip,classifier_4_blocks_avgpool_True_lr_0_00250,0.005,0.0025,4,True,evaluated,83.67,96.88,False,1
cifar100/metaclip,cifar100,metaclip,classifier_4_blocks_avgpool_True_lr_0_00500,0.01,0.005,4,True,evaluated,85.06,97.4,False,1
cifar100/metaclip,cifar100,metaclip,classifier_4_blocks_avgpool_True_lr_0_01000,0.02,0.01,4,True,evaluated,85.88,97.57,False,1
cifar100/metaclip,cifar100,metaclip,classifier_4_blocks_avgpool_True_lr_0_02500,0.05,0.025,4,True,evaluated,86.16,97.64,False,1
cifar100/metaclip,cifar100,metaclip,classifier_4_blocks_avgpool_True_lr_0_05000,0.1,0.05,4,True,evaluated,86.24,97.7,False,1
cifar100/toklipl,cifar100,toklipl,classifier_1_blocks_avgpool_False_lr_0_00001,1e-05,5e-06,1,False,missing_name_collision,,,False,2
cifar100/toklipl,cifar100,toklipl,classifier_1_blocks_avgpool_False_lr_0_00001,2e-05,1e-05,1,False,evaluated,4.79,17.26,False,2
cifar100/toklipl,cifar100,toklipl,classifier_1_blocks_avgpool_False_lr_0_00003,5e-05,2.5e-05,1,False,evaluated,16.37,39.55,False,1
cifar100/toklipl,cifar100,toklipl,classifier_1_blocks_avgpool_False_lr_0_00005,0.0001,5e-05,1,False,evaluated,27.04,56.74,False,1
cifar100/toklipl,cifar100,toklipl,classifier_1_blocks_avgpool_False_lr_0_00010,0.0002,0.0001,1,False,evaluated,36.79,70.4,False,1
cifar100/toklipl,cifar100,toklipl,classifier_1_blocks_avgpool_False_lr_0_00025,0.0005,0.00025,1,False,evaluated,45.69,76.43,False,1
cifar100/toklipl,cifar100,toklipl,classifier_1_blocks_avgpool_False_lr_0_00050,0.001,0.0005,1,False,evaluated,53.19,81.31,False,1
cifar100/toklipl,cifar100,toklipl,classifier_1_blocks_avgpool_False_lr_0_00100,0.002,0.001,1,False,evaluated,59.77,85.35,False,1
cifar100/toklipl,cifar100,toklipl,classifier_1_blocks_avgpool_False_lr_0_00250,0.005,0.0025,1,False,evaluated,68.23,89.67,False,1
cifar100/toklipl,cifar100,toklipl,classifier_1_blocks_avgpool_False_lr_0_00500,0.01,0.005,1,False,evaluated,72.18,91.66,False,1
cifar100/toklipl,cifar100,toklipl,classifier_1_blocks_avgpool_False_lr_0_01000,0.02,0.01,1,False,evaluated,75.43,93.31,False,1
cifar100/toklipl,cifar100,toklipl,classifier_1_blocks_avgpool_False_lr_0_02500,0.05,0.025,1,False,evaluated,78.76,94.92,False,1
cifar100/toklipl,cifar100,toklipl,classifier_1_blocks_avgpool_False_lr_0_05000,0.1,0.05,1,False,evaluated,80.67,95.48,False,1
cifar100/toklipl,cifar100,toklipl,classifier_1_blocks_avgpool_True_lr_0_00001,1e-05,5e-06,1,True,missing_name_collision,,,False,2
cifar100/toklipl,cifar100,toklipl,classifier_1_blocks_avgpool_True_lr_0_00001,2e-05,1e-05,1,True,evaluated,7.33,23.89,False,2
cifar100/toklipl,cifar100,toklipl,classifier_1_blocks_avgpool_True_lr_0_00003,5e-05,2.5e-05,1,True,evaluated,21.5,49.7,False,1
cifar100/toklipl,cifar100,toklipl,classifier_1_blocks_avgpool_True_lr_0_00005,0.0001,5e-05,1,True,evaluated,32.6,64.9,False,1
cifar100/toklipl,cifar100,toklipl,classifier_1_blocks_avgpool_True_lr_0_00010,0.0002,0.0001,1,True,evaluated,42.24,74.18,False,1
cifar100/toklipl,cifar100,toklipl,classifier_1_blocks_avgpool_True_lr_0_00025,0.0005,0.00025,1,True,evaluated,52.89,81.2,False,1
cifar100/toklipl,cifar100,toklipl,classifier_1_blocks_avgpool_True_lr_0_00050,0.001,0.0005,1,True,evaluated,59.94,85.24,False,1
cifar100/toklipl,cifar100,toklipl,classifier_1_blocks_avgpool_True_lr_0_00100,0.002,0.001,1,True,evaluated,66.41,88.99,False,1
cifar100/toklipl,cifar100,toklipl,classifier_1_blocks_avgpool_True_lr_0_00250,0.005,0.0025,1,True,evaluated,72.34,91.67,False,1
cifar100/toklipl,cifar100,toklipl,classifier_1_blocks_avgpool_True_lr_0_00500,0.01,0.005,1,True,evaluated,75.6,93.29,False,1
cifar100/toklipl,cifar100,toklipl,classifier_1_blocks_avgpool_True_lr_0_01000,0.02,0.01,1,True,evaluated,78.09,94.54,False,1
cifar100/toklipl,cifar100,toklipl,classifier_1_blocks_avgpool_True_lr_0_02500,0.05,0.025,1,True,evaluated,80.77,95.51,False,1
cifar100/toklipl,cifar100,toklipl,classifier_1_blocks_avgpool_True_lr_0_05000,0.1,0.05,1,True,evaluated,82.05,96.02,False,1
cifar100/toklipl,cifar100,toklipl,classifier_4_blocks_avgpool_False_lr_0_00001,1e-05,5e-06,4,False,missing_name_collision,,,False,2
cifar100/toklipl,cifar100,toklipl,classifier_4_blocks_avgpool_False_lr_0_00001,2e-05,1e-05,4,False,evaluated,11.52,30.39,False,2
cifar100/toklipl,cifar100,toklipl,classifier_4_blocks_avgpool_False_lr_0_00003,5e-05,2.5e-05,4,False,evaluated,28.06,61.66,False,1
cifar100/toklipl,cifar100,toklipl,classifier_4_blocks_avgpool_False_lr_0_00005,0.0001,5e-05,4,False,evaluated,40.8,71.9,False,1
cifar100/toklipl,cifar100,toklipl,classifier_4_blocks_avgpool_False_lr_0_00010,0.0002,0.0001,4,False,evaluated,48.37,78.32,False,1
cifar100/toklipl,cifar100,toklipl,classifier_4_blocks_avgpool_False_lr_0_00025,0.0005,0.00025,4,False,evaluated,59.68,85.29,False,1
cifar100/toklipl,cifar100,toklipl,classifier_4_blocks_avgpool_False_lr_0_00050,0.001,0.0005,4,False,evaluated,66.22,88.64,False,1
cifar100/toklipl,cifar100,toklipl,classifier_4_blocks_avgpool_False_lr_0_00100,0.002,0.001,4,False,evaluated,71.01,91.08,False,1
cifar100/toklipl,cifar100,toklipl,classifier_4_blocks_avgpool_False_lr_0_00250,0.005,0.0025,4,False,evaluated,75.45,93.36,False,1
cifar100/toklipl,cifar100,toklipl,classifier_4_blocks_avgpool_False_lr_0_00500,0.01,0.005,4,False,evaluated,78.14,94.51,False,1
cifar100/toklipl,cifar100,toklipl,classifier_4_blocks_avgpool_False_lr_0_01000,0.02,0.01,4,False,evaluated,80.07,95.31,False,1
cifar100/toklipl,cifar100,toklipl,classifier_4_blocks_avgpool_False_lr_0_02500,0.05,0.025,4,False,evaluated,81.95,96.02,False,1
cifar100/toklipl,cifar100,toklipl,classifier_4_blocks_avgpool_False_lr_0_05000,0.1,0.05,4,False,evaluated,82.36,96.29,True,1
cifar100/toklipl,cifar100,toklipl,classifier_4_blocks_avgpool_True_lr_0_00001,1e-05,5e-06,4,True,missing_name_collision,,,False,2
cifar100/toklipl,cifar100,toklipl,classifier_4_blocks_avgpool_True_lr_0_00001,2e-05,1e-05,4,True,evaluated,13.47,33.64,False,2
cifar100/toklipl,cifar100,toklipl,classifier_4_blocks_avgpool_True_lr_0_00003,5e-05,2.5e-05,4,True,evaluated,29.9,60.23,False,1
cifar100/toklipl,cifar100,toklipl,classifier_4_blocks_avgpool_True_lr_0_00005,0.0001,5e-05,4,True,evaluated,44.29,74.2,False,1
cifar100/toklipl,cifar100,toklipl,classifier_4_blocks_avgpool_True_lr_0_00010,0.0002,0.0001,4,True,evaluated,51.31,80.32,False,1
cifar100/toklipl,cifar100,toklipl,classifier_4_blocks_avgpool_True_lr_0_00025,0.0005,0.00025,4,True,evaluated,61.75,86.68,False,1
cifar100/toklipl,cifar100,toklipl,classifier_4_blocks_avgpool_True_lr_0_00050,0.001,0.0005,4,True,evaluated,68.06,89.63,False,1
cifar100/toklipl,cifar100,toklipl,classifier_4_blocks_avgpool_True_lr_0_00100,0.002,0.001,4,True,evaluated,72.24,91.52,False,1
cifar100/toklipl,cifar100,toklipl,classifier_4_blocks_avgpool_True_lr_0_00250,0.005,0.0025,4,True,evaluated,76.2,93.66,False,1
cifar100/toklipl,cifar100,toklipl,classifier_4_blocks_avgpool_True_lr_0_00500,0.01,0.005,4,True,evaluated,78.69,94.85,False,1
cifar100/toklipl,cifar100,toklipl,classifier_4_blocks_avgpool_True_lr_0_01000,0.02,0.01,4,True,evaluated,80.75,95.48,False,1
cifar100/toklipl,cifar100,toklipl,classifier_4_blocks_avgpool_True_lr_0_02500,0.05,0.025,4,True,evaluated,82.13,96.18,False,1
cifar100/toklipl,cifar100,toklipl,classifier_4_blocks_avgpool_True_lr_0_05000,0.1,0.05,4,True,evaluated,82.22,96.27,False,1
cifar100/toklips,cifar100,toklips,classifier_1_blocks_avgpool_False_lr_0_00001,1e-05,5e-06,1,False,missing_name_collision,,,False,2
cifar100/toklips,cifar100,toklips,classifier_1_blocks_avgpool_False_lr_0_00001,2e-05,1e-05,1,False,evaluated,5.99,19.33,False,2
cifar100/toklips,cifar100,toklips,classifier_1_blocks_avgpool_False_lr_0_00003,5e-05,2.5e-05,1,False,evaluated,21.15,48.96,False,1
cifar100/toklips,cifar100,toklips,classifier_1_blocks_avgpool_False_lr_0_00005,0.0001,5e-05,1,False,evaluated,38.19,68.2,False,1
cifar100/toklips,cifar100,toklips,classifier_1_blocks_avgpool_False_lr_0_00010,0.0002,0.0001,1,False,evaluated,47.0,78.45,False,1
cifar100/toklips,cifar100,toklips,classifier_1_blocks_avgpool_False_lr_0_00025,0.0005,0.00025,1,False,evaluated,56.89,84.5,False,1
cifar100/toklips,cifar100,toklips,classifier_1_blocks_avgpool_False_lr_0_00050,0.001,0.0005,1,False,evaluated,63.42,87.61,False,1
cifar100/toklips,cifar100,toklips,classifier_1_blocks_avgpool_False_lr_0_00100,0.002,0.001,1,False,evaluated,69.98,89.85,False,1
cifar100/toklips,cifar100,toklips,classifier_1_blocks_avgpool_False_lr_0_00250,0.005,0.0025,1,False,evaluated,74.89,92.72,False,1
cifar100/toklips,cifar100,toklips,classifier_1_blocks_avgpool_False_lr_0_00500,0.01,0.005,1,False,evaluated,77.83,94.04,False,1
cifar100/toklips,cifar100,toklips,classifier_1_blocks_avgpool_False_lr_0_01000,0.02,0.01,1,False,evaluated,80.26,94.98,False,1
cifar100/toklips,cifar100,toklips,classifier_1_blocks_avgpool_False_lr_0_02500,0.05,0.025,1,False,evaluated,82.07,95.94,False,1
cifar100/toklips,cifar100,toklips,classifier_1_blocks_avgpool_False_lr_0_05000,0.1,0.05,1,False,evaluated,83.16,96.33,False,1
cifar100/toklips,cifar100,toklips,classifier_1_blocks_avgpool_True_lr_0_00001,1e-05,5e-06,1,True,missing_name_collision,,,False,2
cifar100/toklips,cifar100,toklips,classifier_1_blocks_avgpool_True_lr_0_00001,2e-05,1e-05,1,True,evaluated,10.74,28.13,False,2
cifar100/toklips,cifar100,toklips,classifier_1_blocks_avgpool_True_lr_0_00003,5e-05,2.5e-05,1,True,evaluated,30.86,62.46,False,1
cifar100/toklips,cifar100,toklips,classifier_1_blocks_avgpool_True_lr_0_00005,0.0001,5e-05,1,True,evaluated,41.72,75.27,False,1
cifar100/toklips,cifar100,toklips,classifier_1_blocks_avgpool_True_lr_0_00010,0.0002,0.0001,1,True,evaluated,52.68,82.06,False,1
cifar100/toklips,cifar100,toklips,classifier_1_blocks_avgpool_True_lr_0_00025,0.0005,0.00025,1,True,evaluated,63.43,87.4,False,1
cifar100/toklips,cifar100,toklips,classifier_1_blocks_avgpool_True_lr_0_00050,0.001,0.0005,1,True,evaluated,69.76,90.1,False,1
cifar100/toklips,cifar100,toklips,classifier_1_blocks_avgpool_True_lr_0_00100,0.002,0.001,1,True,evaluated,74.01,92.04,False,1
cifar100/toklips,cifar100,toklips,classifier_1_blocks_avgpool_True_lr_0_00250,0.005,0.0025,1,True,evaluated,77.74,94.05,False,1
cifar100/toklips,cifar100,toklips,classifier_1_blocks_avgpool_True_lr_0_00500,0.01,0.005,1,True,evaluated,80.11,94.93,False,1
cifar100/toklips,cifar100,toklips,classifier_1_blocks_avgpool_True_lr_0_01000,0.02,0.01,1,True,evaluated,81.69,95.69,False,1
cifar100/toklips,cifar100,toklips,classifier_1_blocks_avgpool_True_lr_0_02500,0.05,0.025,1,True,evaluated,83.2,96.37,False,1
cifar100/toklips,cifar100,toklips,classifier_1_blocks_avgpool_True_lr_0_05000,0.1,0.05,1,True,evaluated,84.17,96.72,False,1
cifar100/toklips,cifar100,toklips,classifier_4_blocks_avgpool_False_lr_0_00001,1e-05,5e-06,4,False,missing_name_collision,,,False,2
cifar100/toklips,cifar100,toklips,classifier_4_blocks_avgpool_False_lr_0_00001,2e-05,1e-05,4,False,evaluated,17.41,40.76,False,2
cifar100/toklips,cifar100,toklips,classifier_4_blocks_avgpool_False_lr_0_00003,5e-05,2.5e-05,4,False,evaluated,36.53,69.52,False,1
cifar100/toklips,cifar100,toklips,classifier_4_blocks_avgpool_False_lr_0_00005,0.0001,5e-05,4,False,evaluated,50.31,81.0,False,1
cifar100/toklips,cifar100,toklips,classifier_4_blocks_avgpool_False_lr_0_00010,0.0002,0.0001,4,False,evaluated,60.09,85.58,False,1
cifar100/toklips,cifar100,toklips,classifier_4_blocks_avgpool_False_lr_0_00025,0.0005,0.00025,4,False,evaluated,69.34,89.82,False,1
cifar100/toklips,cifar100,toklips,classifier_4_blocks_avgpool_False_lr_0_00050,0.001,0.0005,4,False,evaluated,73.9,91.99,False,1
cifar100/toklips,cifar100,toklips,classifier_4_blocks_avgpool_False_lr_0_00100,0.002,0.001,4,False,evaluated,76.71,93.57,False,1
cifar100/toklips,cifar100,toklips,classifier_4_blocks_avgpool_False_lr_0_00250,0.005,0.0025,4,False,evaluated,80.14,94.91,False,1
cifar100/toklips,cifar100,toklips,classifier_4_blocks_avgpool_False_lr_0_00500,0.01,0.005,4,False,evaluated,81.61,95.69,False,1
cifar100/toklips,cifar100,toklips,classifier_4_blocks_avgpool_False_lr_0_01000,0.02,0.01,4,False,evaluated,82.94,96.21,False,1
cifar100/toklips,cifar100,toklips,classifier_4_blocks_avgpool_False_lr_0_02500,0.05,0.025,4,False,evaluated,84.08,96.62,False,1
cifar100/toklips,cifar100,toklips,classifier_4_blocks_avgpool_False_lr_0_05000,0.1,0.05,4,False,evaluated,84.34,96.73,False,1
cifar100/toklips,cifar100,toklips,classifier_4_blocks_avgpool_True_lr_0_00001,1e-05,5e-06,4,True,missing_name_collision,,,False,2
cifar100/toklips,cifar100,toklips,classifier_4_blocks_avgpool_True_lr_0_00001,2e-05,1e-05,4,True,evaluated,21.26,46.36,False,2
cifar100/toklips,cifar100,toklips,classifier_4_blocks_avgpool_True_lr_0_00003,5e-05,2.5e-05,4,True,evaluated,41.35,72.28,False,1
cifar100/toklips,cifar100,toklips,classifier_4_blocks_avgpool_True_lr_0_00005,0.0001,5e-05,4,True,evaluated,53.17,81.56,False,1
cifar100/toklips,cifar100,toklips,classifier_4_blocks_avgpool_True_lr_0_00010,0.0002,0.0001,4,True,evaluated,62.37,86.62,False,1
cifar100/toklips,cifar100,toklips,classifier_4_blocks_avgpool_True_lr_0_00025,0.0005,0.00025,4,True,evaluated,70.71,90.48,False,1
cifar100/toklips,cifar100,toklips,classifier_4_blocks_avgpool_True_lr_0_00050,0.001,0.0005,4,True,evaluated,74.76,92.48,False,1
cifar100/toklips,cifar100,toklips,classifier_4_blocks_avgpool_True_lr_0_00100,0.002,0.001,4,True,evaluated,77.76,94.07,False,1
cifar100/toklips,cifar100,toklips,classifier_4_blocks_avgpool_True_lr_0_00250,0.005,0.0025,4,True,evaluated,80.67,95.11,False,1
cifar100/toklips,cifar100,toklips,classifier_4_blocks_avgpool_True_lr_0_00500,0.01,0.005,4,True,evaluated,82.07,95.88,False,1
cifar100/toklips,cifar100,toklips,classifier_4_blocks_avgpool_True_lr_0_01000,0.02,0.01,4,True,evaluated,83.28,96.38,False,1
cifar100/toklips,cifar100,toklips,classifier_4_blocks_avgpool_True_lr_0_02500,0.05,0.025,4,True,evaluated,84.35,96.74,True,1
cifar100/toklips,cifar100,toklips,classifier_4_blocks_avgpool_True_lr_0_05000,0.1,0.05,4,True,evaluated,84.22,96.75,False,1
cifar100/unitok,cifar100,unitok,classifier_1_blocks_avgpool_False_lr_0_00001,1e-05,5e-06,1,False,missing_name_collision,,,False,2
cifar100/unitok,cifar100,unitok,classifier_1_blocks_avgpool_False_lr_0_00001,2e-05,1e-05,1,False,evaluated,30.04,60.81,False,2
cifar100/unitok,cifar100,unitok,classifier_1_blocks_avgpool_False_lr_0_00003,5e-05,2.5e-05,1,False,evaluated,60.23,88.08,False,1
cifar100/unitok,cifar100,unitok,classifier_1_blocks_avgpool_False_lr_0_00005,0.0001,5e-05,1,False,evaluated,71.79,93.86,False,1
cifar100/unitok,cifar100,unitok,classifier_1_blocks_avgpool_False_lr_0_00010,0.0002,0.0001,1,False,evaluated,78.39,96.16,False,1
cifar100/unitok,cifar100,unitok,classifier_1_blocks_avgpool_False_lr_0_00025,0.0005,0.00025,1,False,evaluated,82.79,97.18,False,1
cifar100/unitok,cifar100,unitok,classifier_1_blocks_avgpool_False_lr_0_00050,0.001,0.0005,1,False,evaluated,84.05,97.56,False,1
cifar100/unitok,cifar100,unitok,classifier_1_blocks_avgpool_False_lr_0_00100,0.002,0.001,1,False,evaluated,84.95,97.76,False,1
cifar100/unitok,cifar100,unitok,classifier_1_blocks_avgpool_False_lr_0_00250,0.005,0.0025,1,False,evaluated,85.89,97.95,False,1
cifar100/unitok,cifar100,unitok,classifier_1_blocks_avgpool_False_lr_0_00500,0.01,0.005,1,False,evaluated,86.2,97.98,False,1
cifar100/unitok,cifar100,unitok,classifier_1_blocks_avgpool_False_lr_0_01000,0.02,0.01,1,False,evaluated,86.38,97.98,False,1
cifar100/unitok,cifar100,unitok,classifier_1_blocks_avgpool_False_lr_0_02500,0.05,0.025,1,False,evaluated,86.38,98.07,False,1
cifar100/unitok,cifar100,unitok,classifier_1_blocks_avgpool_False_lr_0_05000,0.1,0.05,1,False,evaluated,86.33,98.05,False,1
cifar100/unitok,cifar100,unitok,classifier_1_blocks_avgpool_True_lr_0_00001,1e-05,5e-06,1,True,missing_name_collision,,,False,2
cifar100/unitok,cifar100,unitok,classifier_1_blocks_avgpool_True_lr_0_00001,2e-05,1e-05,1,True,evaluated,33.46,63.65,False,2
cifar100/unitok,cifar100,unitok,classifier_1_blocks_avgpool_True_lr_0_00003,5e-05,2.5e-05,1,True,evaluated,61.3,88.65,False,1
cifar100/unitok,cifar100,unitok,classifier_1_blocks_avgpool_True_lr_0_00005,0.0001,5e-05,1,True,evaluated,73.0,94.69,False,1
cifar100/unitok,cifar100,unitok,classifier_1_blocks_avgpool_True_lr_0_00010,0.0002,0.0001,1,True,evaluated,79.63,96.29,False,1
cifar100/unitok,cifar100,unitok,classifier_1_blocks_avgpool_True_lr_0_00025,0.0005,0.00025,1,True,evaluated,83.06,97.47,False,1
cifar100/unitok,cifar100,unitok,classifier_1_blocks_avgpool_True_lr_0_00050,0.001,0.0005,1,True,evaluated,84.25,97.63,False,1
cifar100/unitok,cifar100,unitok,classifier_1_blocks_avgpool_True_lr_0_00100,0.002,0.001,1,True,evaluated,85.07,97.83,False,1
cifar100/unitok,cifar100,unitok,classifier_1_blocks_avgpool_True_lr_0_00250,0.005,0.0025,1,True,evaluated,86.0,97.96,False,1
cifar100/unitok,cifar100,unitok,classifier_1_blocks_avgpool_True_lr_0_00500,0.01,0.005,1,True,evaluated,86.36,98.01,False,1
cifar100/unitok,cifar100,unitok,classifier_1_blocks_avgpool_True_lr_0_01000,0.02,0.01,1,True,evaluated,86.38,97.99,False,1
cifar100/unitok,cifar100,unitok,classifier_1_blocks_avgpool_True_lr_0_02500,0.05,0.025,1,True,evaluated,86.47,98.15,False,1
cifar100/unitok,cifar100,unitok,classifier_1_blocks_avgpool_True_lr_0_05000,0.1,0.05,1,True,evaluated,86.28,98.07,False,1
cifar100/unitok,cifar100,unitok,classifier_4_blocks_avgpool_False_lr_0_00001,1e-05,5e-06,4,False,missing_name_collision,,,False,2
cifar100/unitok,cifar100,unitok,classifier_4_blocks_avgpool_False_lr_0_00001,2e-05,1e-05,4,False,evaluated,58.49,86.14,False,2
cifar100/unitok,cifar100,unitok,classifier_4_blocks_avgpool_False_lr_0_00003,5e-05,2.5e-05,4,False,evaluated,75.53,94.5,False,1
cifar100/unitok,cifar100,unitok,classifier_4_blocks_avgpool_False_lr_0_00005,0.0001,5e-05,4,False,evaluated,81.23,96.92,False,1
cifar100/unitok,cifar100,unitok,classifier_4_blocks_avgpool_False_lr_0_00010,0.0002,0.0001,4,False,evaluated,83.44,97.41,False,1
cifar100/unitok,cifar100,unitok,classifier_4_blocks_avgpool_False_lr_0_00025,0.0005,0.00025,4,False,evaluated,84.93,97.73,False,1
cifar100/unitok,cifar100,unitok,classifier_4_blocks_avgpool_False_lr_0_00050,0.001,0.0005,4,False,evaluated,85.76,97.87,False,1
cifar100/unitok,cifar100,unitok,classifier_4_blocks_avgpool_False_lr_0_00100,0.002,0.001,4,False,evaluated,86.08,97.94,False,1
cifar100/unitok,cifar100,unitok,classifier_4_blocks_avgpool_False_lr_0_00250,0.005,0.0025,4,False,evaluated,86.3,98.01,False,1
cifar100/unitok,cifar100,unitok,classifier_4_blocks_avgpool_False_lr_0_00500,0.01,0.005,4,False,evaluated,86.28,98.08,False,1
cifar100/unitok,cifar100,unitok,classifier_4_blocks_avgpool_False_lr_0_01000,0.02,0.01,4,False,evaluated,86.48,98.09,True,1
cifar100/unitok,cifar100,unitok,classifier_4_blocks_avgpool_False_lr_0_02500,0.05,0.025,4,False,evaluated,86.05,97.88,False,1
cifar100/unitok,cifar100,unitok,classifier_4_blocks_avgpool_False_lr_0_05000,0.1,0.05,4,False,evaluated,85.24,97.61,False,1
cifar100/unitok,cifar100,unitok,classifier_4_blocks_avgpool_True_lr_0_00001,1e-05,5e-06,4,True,missing_name_collision,,,False,2
cifar100/unitok,cifar100,unitok,classifier_4_blocks_avgpool_True_lr_0_00001,2e-05,1e-05,4,True,evaluated,57.88,85.83,False,2
cifar100/unitok,cifar100,unitok,classifier_4_blocks_avgpool_True_lr_0_00003,5e-05,2.5e-05,4,True,evaluated,75.8,95.01,False,1
cifar100/unitok,cifar100,unitok,classifier_4_blocks_avgpool_True_lr_0_00005,0.0001,5e-05,4,True,evaluated,81.39,96.92,False,1
cifar100/unitok,cifar100,unitok,classifier_4_blocks_avgpool_True_lr_0_00010,0.0002,0.0001,4,True,evaluated,83.56,97.4,False,1
cifar100/unitok,cifar100,unitok,classifier_4_blocks_avgpool_True_lr_0_00025,0.0005,0.00025,4,True,evaluated,84.99,97.77,False,1
cifar100/unitok,cifar100,unitok,classifier_4_blocks_avgpool_True_lr_0_00050,0.001,0.0005,4,True,evaluated,85.78,97.95,False,1
cifar100/unitok,cifar100,unitok,classifier_4_blocks_avgpool_True_lr_0_00100,0.002,0.001,4,True,evaluated,86.11,97.91,False,1
cifar100/unitok,cifar100,unitok,classifier_4_blocks_avgpool_True_lr_0_00250,0.005,0.0025,4,True,evaluated,86.29,98.02,False,1
cifar100/unitok,cifar100,unitok,classifier_4_blocks_avgpool_True_lr_0_00500,0.01,0.005,4,True,evaluated,86.4,98.11,False,1
cifar100/unitok,cifar100,unitok,classifier_4_blocks_avgpool_True_lr_0_01000,0.02,0.01,4,True,evaluated,86.32,98.09,False,1
cifar100/unitok,cifar100,unitok,classifier_4_blocks_avgpool_True_lr_0_02500,0.05,0.025,4,True,evaluated,85.97,97.9,False,1
cifar100/unitok,cifar100,unitok,classifier_4_blocks_avgpool_True_lr_0_05000,0.1,0.05,4,True,evaluated,85.21,97.49,False,1
cifar100/vilau,cifar100,vilau,classifier_1_blocks_avgpool_False_lr_0_00001,1e-05,5e-06,1,False,missing_name_collision,,,False,2
cifar100/vilau,cifar100,vilau,classifier_1_blocks_avgpool_False_lr_0_00001,2e-05,1e-05,1,False,evaluated,8.45,25.46,False,2
cifar100/vilau,cifar100,vilau,classifier_1_blocks_avgpool_False_lr_0_00003,5e-05,2.5e-05,1,False,evaluated,24.91,52.71,False,1
cifar100/vilau,cifar100,vilau,classifier_1_blocks_avgpool_False_lr_0_00005,0.0001,5e-05,1,False,evaluated,42.02,71.8,False,1
cifar100/vilau,cifar100,vilau,classifier_1_blocks_avgpool_False_lr_0_00010,0.0002,0.0001,1,False,evaluated,55.03,83.27,False,1
cifar100/vilau,cifar100,vilau,classifier_1_blocks_avgpool_False_lr_0_00025,0.0005,0.00025,1,False,evaluated,71.01,91.87,False,1
cifar100/vilau,cifar100,vilau,classifier_1_blocks_avgpool_False_lr_0_00050,0.001,0.0005,1,False,evaluated,77.34,94.45,False,1
cifar100/vilau,cifar100,vilau,classifier_1_blocks_avgpool_False_lr_0_00100,0.002,0.001,1,False,evaluated,80.51,95.88,False,1
cifar100/vilau,cifar100,vilau,classifier_1_blocks_avgpool_False_lr_0_00250,0.005,0.0025,1,False,evaluated,83.33,96.89,False,1
cifar100/vilau,cifar100,vilau,classifier_1_blocks_avgpool_False_lr_0_00500,0.01,0.005,1,False,evaluated,84.31,97.42,False,1
cifar100/vilau,cifar100,vilau,classifier_1_blocks_avgpool_False_lr_0_01000,0.02,0.01,1,False,evaluated,85.28,97.53,False,1
cifar100/vilau,cifar100,vilau,classifier_1_blocks_avgpool_False_lr_0_02500,0.05,0.025,1,False,evaluated,86.05,97.61,False,1
cifar100/vilau,cifar100,vilau,classifier_1_blocks_avgpool_False_lr_0_05000,0.1,0.05,1,False,evaluated,86.39,97.54,True,1
cifar100/vilau,cifar100,vilau,classifier_1_blocks_avgpool_True_lr_0_00001,1e-05,5e-06,1,True,missing_name_collision,,,False,2
cifar100/vilau,cifar100,vilau,classifier_1_blocks_avgpool_True_lr_0_00001,2e-05,1e-05,1,True,evaluated,13.01,33.5,False,2
cifar100/vilau,cifar100,vilau,classifier_1_blocks_avgpool_True_lr_0_00003,5e-05,2.5e-05,1,True,evaluated,32.06,64.43,False,1
cifar100/vilau,cifar100,vilau,classifier_1_blocks_avgpool_True_lr_0_00005,0.0001,5e-05,1,True,evaluated,54.17,82.37,False,1
cifar100/vilau,cifar100,vilau,classifier_1_blocks_avgpool_True_lr_0_00010,0.0002,0.0001,1,True,evaluated,66.66,89.67,False,1
cifar100/vilau,cifar100,vilau,classifier_1_blocks_avgpool_True_lr_0_00025,0.0005,0.00025,1,True,evaluated,76.58,94.26,False,1
cifar100/vilau,cifar100,vilau,classifier_1_blocks_avgpool_True_lr_0_00050,0.001,0.0005,1,True,evaluated,80.46,95.85,False,1
cifar100/vilau,cifar100,vilau,classifier_1_blocks_avgpool_True_lr_0_00100,0.002,0.001,1,True,evaluated,82.56,96.66,False,1
cifar100/vilau,cifar100,vilau,classifier_1_blocks_avgpool_True_lr_0_00250,0.005,0.0025,1,True,evaluated,84.3,97.4,False,1
cifar100/vilau,cifar100,vilau,classifier_1_blocks_avgpool_True_lr_0_00500,0.01,0.005,1,True,evaluated,85.13,97.47,False,1
cifar100/vilau,cifar100,vilau,classifier_1_blocks_avgpool_True_lr_0_01000,0.02,0.01,1,True,evaluated,86.0,97.58,False,1
cifar100/vilau,cifar100,vilau,classifier_1_blocks_avgpool_True_lr_0_02500,0.05,0.025,1,True,evaluated,86.33,97.52,False,1
cifar100/vilau,cifar100,vilau,classifier_1_blocks_avgpool_True_lr_0_05000,0.1,0.05,1,True,evaluated,86.24,97.35,False,1
cifar100/vilau,cifar100,vilau,classifier_4_blocks_avgpool_False_lr_0_00001,1e-05,5e-06,4,False,missing_name_collision,,,False,2
cifar100/vilau,cifar100,vilau,classifier_4_blocks_avgpool_False_lr_0_00001,2e-05,1e-05,4,False,evaluated,21.35,48.97,False,2
cifar100/vilau,cifar100,vilau,classifier_4_blocks_avgpool_False_lr_0_00003,5e-05,2.5e-05,4,False,evaluated,48.97,77.88,False,1
cifar100/vilau,cifar100,vilau,classifier_4_blocks_avgpool_False_lr_0_00005,0.0001,5e-05,4,False,evaluated,64.88,88.89,False,1
cifar100/vilau,cifar100,vilau,classifier_4_blocks_avgpool_False_lr_0_00010,0.0002,0.0001,4,False,evaluated,74.56,93.39,False,1
cifar100/vilau,cifar100,vilau,classifier_4_blocks_avgpool_False_lr_0_00025,0.0005,0.00025,4,False,evaluated,80.52,95.7,False,1
cifar100/vilau,cifar100,vilau,classifier_4_blocks_avgpool_False_lr_0_00050,0.001,0.0005,4,False,evaluated,82.48,96.65,False,1
cifar100/vilau,cifar100,vilau,classifier_4_blocks_avgpool_False_lr_0_00100,0.002,0.001,4,False,evaluated,84.08,97.19,False,1
cifar100/vilau,cifar100,vilau,classifier_4_blocks_avgpool_False_lr_0_00250,0.005,0.0025,4,False,evaluated,85.23,97.45,False,1
cifar100/vilau,cifar100,vilau,classifier_4_blocks_avgpool_False_lr_0_00500,0.01,0.005,4,False,evaluated,85.92,97.6,False,1
cifar100/vilau,cifar100,vilau,classifier_4_blocks_avgpool_False_lr_0_01000,0.02,0.01,4,False,evaluated,86.25,97.6,False,1
cifar100/vilau,cifar100,vilau,classifier_4_blocks_avgpool_False_lr_0_02500,0.05,0.025,4,False,evaluated,86.34,97.39,False,1
cifar100/vilau,cifar100,vilau,classifier_4_blocks_avgpool_False_lr_0_05000,0.1,0.05,4,False,evaluated,86.12,97.36,False,1
cifar100/vilau,cifar100,vilau,classifier_4_blocks_avgpool_True_lr_0_00001,1e-05,5e-06,4,True,missing_name_collision,,,False,2
cifar100/vilau,cifar100,vilau,classifier_4_blocks_avgpool_True_lr_0_00001,2e-05,1e-05,4,True,evaluated,24.16,52.85,False,2
cifar100/vilau,cifar100,vilau,classifier_4_blocks_avgpool_True_lr_0_00003,5e-05,2.5e-05,4,True,evaluated,52.71,81.09,False,1
cifar100/vilau,cifar100,vilau,classifier_4_blocks_avgpool_True_lr_0_00005,0.0001,5e-05,4,True,evaluated,67.6,90.42,False,1
cifar100/vilau,cifar100,vilau,classifier_4_blocks_avgpool_True_lr_0_00010,0.0002,0.0001,4,True,evaluated,76.26,93.98,False,1
cifar100/vilau,cifar100,vilau,classifier_4_blocks_avgpool_True_lr_0_00025,0.0005,0.00025,4,True,evaluated,81.29,96.04,False,1
cifar100/vilau,cifar100,vilau,classifier_4_blocks_avgpool_True_lr_0_00050,0.001,0.0005,4,True,evaluated,83.17,96.76,False,1
cifar100/vilau,cifar100,vilau,classifier_4_blocks_avgpool_True_lr_0_00100,0.002,0.001,4,True,evaluated,84.19,97.32,False,1
cifar100/vilau,cifar100,vilau,classifier_4_blocks_avgpool_True_lr_0_00250,0.005,0.0025,4,True,evaluated,85.56,97.57,False,1
cifar100/vilau,cifar100,vilau,classifier_4_blocks_avgpool_True_lr_0_00500,0.01,0.005,4,True,evaluated,86.11,97.62,False,1
cifar100/vilau,cifar100,vilau,classifier_4_blocks_avgpool_True_lr_0_01000,0.02,0.01,4,True,evaluated,86.35,97.57,False,1
cifar100/vilau,cifar100,vilau,classifier_4_blocks_avgpool_True_lr_0_02500,0.05,0.025,4,True,evaluated,86.2,97.35,False,1
cifar100/vilau,cifar100,vilau,classifier_4_blocks_avgpool_True_lr_0_05000,0.1,0.05,4,True,evaluated,86.04,97.18,False,1
dtd/metaclip,dtd,metaclip,classifier_1_blocks_avgpool_False_lr_0_00001,1e-05,5e-06,1,False,missing_name_collision,,,False,2
dtd/metaclip,dtd,metaclip,classifier_1_blocks_avgpool_False_lr_0_00001,2e-05,1e-05,1,False,evaluated,20.9,47.34,False,2
dtd/metaclip,dtd,metaclip,classifier_1_blocks_avgpool_False_lr_0_00003,5e-05,2.5e-05,1,False,evaluated,53.72,81.7,False,1
dtd/metaclip,dtd,metaclip,classifier_1_blocks_avgpool_False_lr_0_00005,0.0001,5e-05,1,False,evaluated,65.16,88.83,False,1
dtd/metaclip,dtd,metaclip,classifier_1_blocks_avgpool_False_lr_0_00010,0.0002,0.0001,1,False,evaluated,69.63,92.29,False,1
dtd/metaclip,dtd,metaclip,classifier_1_blocks_avgpool_False_lr_0_00025,0.0005,0.00025,1,False,evaluated,74.68,94.41,False,1
dtd/metaclip,dtd,metaclip,classifier_1_blocks_avgpool_False_lr_0_00050,0.001,0.0005,1,False,evaluated,77.13,95.69,False,1
dtd/metaclip,dtd,metaclip,classifier_1_blocks_avgpool_False_lr_0_00100,0.002,0.001,1,False,evaluated,79.26,96.12,False,1
dtd/metaclip,dtd,metaclip,classifier_1_blocks_avgpool_False_lr_0_00250,0.005,0.0025,1,False,evaluated,80.53,96.22,False,1
dtd/metaclip,dtd,metaclip,classifier_1_blocks_avgpool_False_lr_0_00500,0.01,0.005,1,False,evaluated,80.16,96.01,False,1
dtd/metaclip,dtd,metaclip,classifier_1_blocks_avgpool_False_lr_0_01000,0.02,0.01,1,False,evaluated,80.21,95.69,False,1
dtd/metaclip,dtd,metaclip,classifier_1_blocks_avgpool_False_lr_0_02500,0.05,0.025,1,False,evaluated,79.79,95.43,False,1
dtd/metaclip,dtd,metaclip,classifier_1_blocks_avgpool_False_lr_0_05000,0.1,0.05,1,False,evaluated,79.31,95.11,False,1
dtd/metaclip,dtd,metaclip,classifier_1_blocks_avgpool_True_lr_0_00001,1e-05,5e-06,1,True,missing_name_collision,,,False,2
dtd/metaclip,dtd,metaclip,classifier_1_blocks_avgpool_True_lr_0_00001,2e-05,1e-05,1,True,evaluated,31.7,59.57,False,2
dtd/metaclip,dtd,metaclip,classifier_1_blocks_avgpool_True_lr_0_00003,5e-05,2.5e-05,1,True,evaluated,55.05,82.34,False,1
dtd/metaclip,dtd,metaclip,classifier_1_blocks_avgpool_True_lr_0_00005,0.0001,5e-05,1,True,evaluated,67.34,90.96,False,1
dtd/metaclip,dtd,metaclip,classifier_1_blocks_avgpool_True_lr_0_00010,0.0002,0.0001,1,True,evaluated,72.29,93.46,False,1
dtd/metaclip,dtd,metaclip,classifier_1_blocks_avgpool_True_lr_0_00025,0.0005,0.00025,1,True,evaluated,76.33,95.05,False,1
dtd/metaclip,dtd,metaclip,classifier_1_blocks_avgpool_True_lr_0_00050,0.001,0.0005,1,True,evaluated,79.15,96.17,False,1
dtd/metaclip,dtd,metaclip,classifier_1_blocks_avgpool_True_lr_0_00100,0.002,0.001,1,True,evaluated,80.69,96.33,False,1
dtd/metaclip,dtd,metaclip,classifier_1_blocks_avgpool_True_lr_0_00250,0.005,0.0025,1,True,evaluated,81.33,96.7,True,1
dtd/metaclip,dtd,metaclip,classifier_1_blocks_avgpool_True_lr_0_00500,0.01,0.005,1,True,evaluated,81.01,96.33,False,1
dtd/metaclip,dtd,metaclip,classifier_1_blocks_avgpool_True_lr_0_01000,0.02,0.01,1,True,evaluated,81.06,95.9,False,1
dtd/metaclip,dtd,metaclip,classifier_1_blocks_avgpool_True_lr_0_02500,0.05,0.025,1,True,evaluated,80.21,95.69,False,1
dtd/metaclip,dtd,metaclip,classifier_1_blocks_avgpool_True_lr_0_05000,0.1,0.05,1,True,evaluated,80.27,95.59,False,1
dtd/metaclip,dtd,metaclip,classifier_4_blocks_avgpool_False_lr_0_00001,1e-05,5e-06,4,False,missing_name_collision,,,False,2
dtd/metaclip,dtd,metaclip,classifier_4_blocks_avgpool_False_lr_0_00001,2e-05,1e-05,4,False,evaluated,26.17,53.51,False,2
dtd/metaclip,dtd,metaclip,classifier_4_blocks_avgpool_False_lr_0_00003,5e-05,2.5e-05,4,False,evaluated,53.88,80.8,False,1
dtd/metaclip,dtd,metaclip,classifier_4_blocks_avgpool_False_lr_0_00005,0.0001,5e-05,4,False,evaluated,62.34,87.93,False,1
dtd/metaclip,dtd,metaclip,classifier_4_blocks_avgpool_False_lr_0_00010,0.0002,0.0001,4,False,evaluated,69.52,91.28,False,1
dtd/metaclip,dtd,metaclip,classifier_4_blocks_avgpool_False_lr_0_00025,0.0005,0.00025,4,False,evaluated,74.26,94.57,False,1
dtd/metaclip,dtd,metaclip,classifier_4_blocks_avgpool_False_lr_0_00050,0.001,0.0005,4,False,evaluated,77.02,95.43,False,1
dtd/metaclip,dtd,metaclip,classifier_4_blocks_avgpool_False_lr_0_00100,0.002,0.001,4,False,evaluated,79.15,96.06,False,1
dtd/metaclip,dtd,metaclip,classifier_4_blocks_avgpool_False_lr_0_00250,0.005,0.0025,4,False,evaluated,80.05,96.06,False,1
dtd/metaclip,dtd,metaclip,classifier_4_blocks_avgpool_False_lr_0_00500,0.01,0.005,4,False,evaluated,80.0,95.59,False,1
dtd/metaclip,dtd,metaclip,classifier_4_blocks_avgpool_False_lr_0_01000,0.02,0.01,4,False,evaluated,80.27,95.53,False,1
dtd/metaclip,dtd,metaclip,classifier_4_blocks_avgpool_False_lr_0_02500,0.05,0.025,4,False,evaluated,80.16,95.69,False,1
dtd/metaclip,dtd,metaclip,classifier_4_blocks_avgpool_False_lr_0_05000,0.1,0.05,4,False,evaluated,79.36,94.95,False,1
dtd/metaclip,dtd,metaclip,classifier_4_blocks_avgpool_True_lr_0_00001,1e-05,5e-06,4,True,missing_name_collision,,,False,2
dtd/metaclip,dtd,metaclip,classifier_4_blocks_avgpool_True_lr_0_00001,2e-05,1e-05,4,True,evaluated,30.96,61.28,False,2
dtd/metaclip,dtd,metaclip,classifier_4_blocks_avgpool_True_lr_0_00003,5e-05,2.5e-05,4,True,evaluated,57.29,84.63,False,1
dtd/metaclip,dtd,metaclip,classifier_4_blocks_avgpool_True_lr_0_00005,0.0001,5e-05,4,True,evaluated,65.74,89.79,False,1
dtd/metaclip,dtd,metaclip,classifier_4_blocks_avgpool_True_lr_0_00010,0.0002,0.0001,4,True,evaluated,72.02,92.98,False,1
dtd/metaclip,dtd,metaclip,classifier_4_blocks_avgpool_True_lr_0_00025,0.0005,0.00025,4,True,evaluated,76.6,94.95,False,1
dtd/metaclip,dtd,metaclip,classifier_4_blocks_avgpool_True_lr_0_00050,0.001,0.0005,4,True,evaluated,78.62,95.74,False,1
dtd/metaclip,dtd,metaclip,classifier_4_blocks_avgpool_True_lr_0_00100,0.002,0.001,4,True,evaluated,79.68,96.06,False,1
dtd/metaclip,dtd,metaclip,classifier_4_blocks_avgpool_True_lr_0_00250,0.005,0.0025,4,True,evaluated,80.32,96.28,False,1
dtd/metaclip,dtd,metaclip,classifier_4_blocks_avgpool_True_lr_0_00500,0.01,0.005,4,True,evaluated,80.69,96.01,False,1
dtd/metaclip,dtd,metaclip,classifier_4_blocks_avgpool_True_lr_0_01000,0.02,0.01,4,True,evaluated,80.74,96.01,False,1
dtd/metaclip,dtd,metaclip,classifier_4_blocks_avgpool_True_lr_0_02500,0.05,0.025,4,True,evaluated,80.43,95.59,False,1
dtd/metaclip,dtd,metaclip,classifier_4_blocks_avgpool_True_lr_0_05000,0.1,0.05,4,True,evaluated,79.79,95.11,False,1
dtd/toklipl,dtd,toklipl,classifier_1_blocks_avgpool_False_lr_0_00001,1e-05,5e-06,1,False,missing_name_collision,,,False,2
dtd/toklipl,dtd,toklipl,classifier_1_blocks_avgpool_False_lr_0_00001,2e-05,1e-05,1,False,evaluated,14.15,41.01,False,2
dtd/toklipl,dtd,toklipl,classifier_1_blocks_avgpool_False_lr_0_00003,5e-05,2.5e-05,1,False,evaluated,50.74,78.09,False,1
dtd/toklipl,dtd,toklipl,classifier_1_blocks_avgpool_False_lr_0_00005,0.0001,5e-05,1,False,evaluated,64.95,90.21,False,1
dtd/toklipl,dtd,toklipl,classifier_1_blocks_avgpool_False_lr_0_00010,0.0002,0.0001,1,False,evaluated,69.95,92.98,False,1
dtd/toklipl,dtd,toklipl,classifier_1_blocks_avgpool_False_lr_0_00025,0.0005,0.00025,1,False,evaluated,74.26,95.74,False,1
dtd/toklipl,dtd,toklipl,classifier_1_blocks_avgpool_False_lr_0_00050,0.001,0.0005,1,False,evaluated,76.97,95.9,False,1
dtd/toklipl,dtd,toklipl,classifier_1_blocks_avgpool_False_lr_0_00100,0.002,0.001,1,False,evaluated,78.94,96.81,False,1
dtd/toklipl,dtd,toklipl,classifier_1_blocks_avgpool_False_lr_0_00250,0.005,0.0025,1,False,evaluated,81.54,97.18,False,1
dtd/toklipl,dtd,toklipl,classifier_1_blocks_avgpool_False_lr_0_00500,0.01,0.005,1,False,evaluated,81.91,97.66,False,1
dtd/toklipl,dtd,toklipl,classifier_1_blocks_avgpool_False_lr_0_01000,0.02,0.01,1,False,evaluated,82.34,97.39,False,1
dtd/toklipl,dtd,toklipl,classifier_1_blocks_avgpool_False_lr_0_02500,0.05,0.025,1,False,evaluated,82.61,96.91,False,1
dtd/toklipl,dtd,toklipl,classifier_1_blocks_avgpool_False_lr_0_05000,0.1,0.05,1,False,evaluated,82.34,96.86,False,1
dtd/toklipl,dtd,toklipl,classifier_1_blocks_avgpool_True_lr_0_00001,1e-05,5e-06,1,True,missing_name_collision,,,False,2
dtd/toklipl,dtd,toklipl,classifier_1_blocks_avgpool_True_lr_0_00001,2e-05,1e-05,1,True,evaluated,28.88,59.84,False,2
dtd/toklipl,dtd,toklipl,classifier_1_blocks_avgpool_True_lr_0_00003,5e-05,2.5e-05,1,True,evaluated,57.66,85.59,False,1
dtd/toklipl,dtd,toklipl,classifier_1_blocks_avgpool_True_lr_0_00005,0.0001,5e-05,1,True,evaluated,66.28,90.32,False,1
dtd/toklipl,dtd,toklipl,classifier_1_blocks_avgpool_True_lr_0_00010,0.0002,0.0001,1,True,evaluated,72.87,94.84,False,1
dtd/toklipl,dtd,toklipl,classifier_1_blocks_avgpool_True_lr_0_00025,0.0005,0.00025,1,True,evaluated,76.44,96.17,False,1
dtd/toklipl,dtd,toklipl,classifier_1_blocks_avgpool_True_lr_0_00050,0.001,0.0005,1,True,evaluated,79.04,96.65,False,1
dtd/toklipl,dtd,toklipl,classifier_1_blocks_avgpool_True_lr_0_00100,0.002,0.001,1,True,evaluated,80.85,97.13,False,1
dtd/toklipl,dtd,toklipl,classifier_1_blocks_avgpool_True_lr_0_00250,0.005,0.0025,1,True,evaluated,81.86,97.71,False,1
dtd/toklipl,dtd,toklipl,classifier_1_blocks_avgpool_True_lr_0_00500,0.01,0.005,1,True,evaluated,82.5,97.34,False,1
dtd/toklipl,dtd,toklipl,classifier_1_blocks_avgpool_True_lr_0_01000,0.02,0.01,1,True,evaluated,82.66,97.07,False,1
dtd/toklipl,dtd,toklipl,classifier_1_blocks_avgpool_True_lr_0_02500,0.05,0.025,1,True,evaluated,82.5,97.02,False,1
dtd/toklipl,dtd,toklipl,classifier_1_blocks_avgpool_True_lr_0_05000,0.1,0.05,1,True,evaluated,82.34,96.49,False,1
dtd/toklipl,dtd,toklipl,classifier_4_blocks_avgpool_False_lr_0_00001,1e-05,5e-06,4,False,missing_name_collision,,,False,2
dtd/toklipl,dtd,toklipl,classifier_4_blocks_avgpool_False_lr_0_00001,2e-05,1e-05,4,False,evaluated,41.38,71.65,False,2
dtd/toklipl,dtd,toklipl,classifier_4_blocks_avgpool_False_lr_0_00003,5e-05,2.5e-05,4,False,evaluated,65.0,90.05,False,1
dtd/toklipl,dtd,toklipl,classifier_4_blocks_avgpool_False_lr_0_00005,0.0001,5e-05,4,False,evaluated,71.12,94.2,False,1
dtd/toklipl,dtd,toklipl,classifier_4_blocks_avgpool_False_lr_0_00010,0.0002,0.0001,4,False,evaluated,75.53,95.96,False,1
dtd/toklipl,dtd,toklipl,classifier_4_blocks_avgpool_False_lr_0_00025,0.0005,0.00025,4,False,evaluated,78.83,96.54,False,1
dtd/toklipl,dtd,toklipl,classifier_4_blocks_avgpool_False_lr_0_00050,0.001,0.0005,4,False,evaluated,81.01,97.18,False,1
dtd/toklipl,dtd,toklipl,classifier_4_blocks_avgpool_False_lr_0_00100,0.002,0.001,4,False,evaluated,81.28,97.39,False,1
dtd/toklipl,dtd,toklipl,classifier_4_blocks_avgpool_False_lr_0_00250,0.005,0.0025,4,False,evaluated,82.5,97.29,False,1
dtd/toklipl,dtd,toklipl,classifier_4_blocks_avgpool_False_lr_0_00500,0.01,0.005,4,False,evaluated,82.71,97.18,True,1
dtd/toklipl,dtd,toklipl,classifier_4_blocks_avgpool_False_lr_0_01000,0.02,0.01,4,False,evaluated,82.61,96.86,False,1
dtd/toklipl,dtd,toklipl,classifier_4_blocks_avgpool_False_lr_0_02500,0.05,0.025,4,False,evaluated,82.07,96.49,False,1
dtd/toklipl,dtd,toklipl,classifier_4_blocks_avgpool_False_lr_0_05000,0.1,0.05,4,False,evaluated,81.91,96.65,False,1
dtd/toklipl,dtd,toklipl,classifier_4_blocks_avgpool_True_lr_0_00001,1e-05,5e-06,4,True,missing_name_collision,,,False,2
dtd/toklipl,dtd,toklipl,classifier_4_blocks_avgpool_True_lr_0_00001,2e-05,1e-05,4,True,evaluated,44.26,75.43,False,2
dtd/toklipl,dtd,toklipl,classifier_4_blocks_avgpool_True_lr_0_00003,5e-05,2.5e-05,4,True,evaluated,67.66,90.27,False,1
dtd/toklipl,dtd,toklipl,classifier_4_blocks_avgpool_True_lr_0_00005,0.0001,5e-05,4,True,evaluated,72.07,94.57,False,1
dtd/toklipl,dtd,toklipl,classifier_4_blocks_avgpool_True_lr_0_00010,0.0002,0.0001,4,True,evaluated,76.38,96.12,False,1
dtd/toklipl,dtd,toklipl,classifier_4_blocks_avgpool_True_lr_0_00025,0.0005,0.00025,4,True,evaluated,79.36,96.65,False,1
dtd/toklipl,dtd,toklipl,classifier_4_blocks_avgpool_True_lr_0_00050,0.001,0.0005,4,True,evaluated,81.22,97.29,False,1
dtd/toklipl,dtd,toklipl,classifier_4_blocks_avgpool_True_lr_0_00100,0.002,0.001,4,True,evaluated,81.91,97.23,False,1
dtd/toklipl,dtd,toklipl,classifier_4_blocks_avgpool_True_lr_0_00250,0.005,0.0025,4,True,evaluated,82.66,97.23,False,1
dtd/toklipl,dtd,toklipl,classifier_4_blocks_avgpool_True_lr_0_00500,0.01,0.005,4,True,evaluated,82.61,97.18,False,1
dtd/toklipl,dtd,toklipl,classifier_4_blocks_avgpool_True_lr_0_01000,0.02,0.01,4,True,evaluated,82.34,96.65,False,1
dtd/toklipl,dtd,toklipl,classifier_4_blocks_avgpool_True_lr_0_02500,0.05,0.025,4,True,evaluated,82.29,96.44,False,1
dtd/toklipl,dtd,toklipl,classifier_4_blocks_avgpool_True_lr_0_05000,0.1,0.05,4,True,evaluated,81.76,96.6,False,1
dtd/toklips,dtd,toklips,classifier_1_blocks_avgpool_False_lr_0_00001,1e-05,5e-06,1,False,missing_name_collision,,,False,2
dtd/toklips,dtd,toklips,classifier_1_blocks_avgpool_False_lr_0_00001,2e-05,1e-05,1,False,evaluated,12.77,41.54,False,2
dtd/toklips,dtd,toklips,classifier_1_blocks_avgpool_False_lr_0_00003,5e-05,2.5e-05,1,False,evaluated,49.89,79.15,False,1
dtd/toklips,dtd,toklips,classifier_1_blocks_avgpool_False_lr_0_00005,0.0001,5e-05,1,False,evaluated,61.97,88.99,False,1
dtd/toklips,dtd,toklips,classifier_1_blocks_avgpool_False_lr_0_00010,0.0002,0.0001,1,False,evaluated,68.09,92.29,False,1
dtd/toklips,dtd,toklips,classifier_1_blocks_avgpool_False_lr_0_00025,0.0005,0.00025,1,False,evaluated,73.4,95.21,False,1
dtd/toklips,dtd,toklips,classifier_1_blocks_avgpool_False_lr_0_00050,0.001,0.0005,1,False,evaluated,75.27,95.8,False,1
dtd/toklips,dtd,toklips,classifier_1_blocks_avgpool_False_lr_0_00100,0.002,0.001,1,False,evaluated,77.39,96.54,False,1
dtd/toklips,dtd,toklips,classifier_1_blocks_avgpool_False_lr_0_00250,0.005,0.0025,1,False,evaluated,79.89,96.65,False,1
dtd/toklips,dtd,toklips,classifier_1_blocks_avgpool_False_lr_0_00500,0.01,0.005,1,False,evaluated,81.01,96.76,True,1
dtd/toklips,dtd,toklips,classifier_1_blocks_avgpool_False_lr_0_01000,0.02,0.01,1,False,evaluated,80.96,96.33,False,1
dtd/toklips,dtd,toklips,classifier_1_blocks_avgpool_False_lr_0_02500,0.05,0.025,1,False,evaluated,80.64,96.22,False,1
dtd/toklips,dtd,toklips,classifier_1_blocks_avgpool_False_lr_0_05000,0.1,0.05,1,False,evaluated,80.48,95.96,False,1
dtd/toklips,dtd,toklips,classifier_1_blocks_avgpool_True_lr_0_00001,1e-05,5e-06,1,True,missing_name_collision,,,False,2
dtd/toklips,dtd,toklips,classifier_1_blocks_avgpool_True_lr_0_00001,2e-05,1e-05,1,True,evaluated,32.71,63.62,False,2
dtd/toklips,dtd,toklips,classifier_1_blocks_avgpool_True_lr_0_00003,5e-05,2.5e-05,1,True,evaluated,57.55,83.56,False,1
dtd/toklips,dtd,toklips,classifier_1_blocks_avgpool_True_lr_0_00005,0.0001,5e-05,1,True,evaluated,68.72,92.18,False,1
dtd/toklips,dtd,toklips,classifier_1_blocks_avgpool_True_lr_0_00010,0.0002,0.0001,1,True,evaluated,71.7,93.78,False,1
dtd/toklips,dtd,toklips,classifier_1_blocks_avgpool_True_lr_0_00025,0.0005,0.00025,1,True,evaluated,75.0,96.06,False,1
dtd/toklips,dtd,toklips,classifier_1_blocks_avgpool_True_lr_0_00050,0.001,0.0005,1,True,evaluated,77.39,96.6,False,1
dtd/toklips,dtd,toklips,classifier_1_blocks_avgpool_True_lr_0_00100,0.002,0.001,1,True,evaluated,79.36,96.81,False,1
dtd/toklips,dtd,toklips,classifier_1_blocks_avgpool_True_lr_0_00250,0.005,0.0025,1,True,evaluated,80.74,96.65,False,1
dtd/toklips,dtd,toklips,classifier_1_blocks_avgpool_True_lr_0_00500,0.01,0.005,1,True,evaluated,80.9,96.49,False,1
dtd/toklips,dtd,toklips,classifier_1_blocks_avgpool_True_lr_0_01000,0.02,0.01,1,True,evaluated,80.8,96.17,False,1
dtd/toklips,dtd,toklips,classifier_1_blocks_avgpool_True_lr_0_02500,0.05,0.025,1,True,evaluated,80.53,96.12,False,1
dtd/toklips,dtd,toklips,classifier_1_blocks_avgpool_True_lr_0_05000,0.1,0.05,1,True,evaluated,79.79,95.85,False,1
dtd/toklips,dtd,toklips,classifier_4_blocks_avgpool_False_lr_0_00001,1e-05,5e-06,4,False,missing_name_collision,,,False,2
dtd/toklips,dtd,toklips,classifier_4_blocks_avgpool_False_lr_0_00001,2e-05,1e-05,4,False,evaluated,43.3,73.46,False,2
dtd/toklips,dtd,toklips,classifier_4_blocks_avgpool_False_lr_0_00003,5e-05,2.5e-05,4,False,evaluated,64.68,88.78,False,1
dtd/toklips,dtd,toklips,classifier_4_blocks_avgpool_False_lr_0_00005,0.0001,5e-05,4,False,evaluated,70.85,93.67,False,1
dtd/toklips,dtd,toklips,classifier_4_blocks_avgpool_False_lr_0_00010,0.0002,0.0001,4,False,evaluated,73.72,95.8,False,1
dtd/toklips,dtd,toklips,classifier_4_blocks_avgpool_False_lr_0_00025,0.0005,0.00025,4,False,evaluated,76.97,96.12,False,1
dtd/toklips,dtd,toklips,classifier_4_blocks_avgpool_False_lr_0_00050,0.001,0.0005,4,False,evaluated,78.83,96.86,False,1
dtd/toklips,dtd,toklips,classifier_4_blocks_avgpool_False_lr_0_00100,0.002,0.001,4,False,evaluated,80.43,96.7,False,1
dtd/toklips,dtd,toklips,classifier_4_blocks_avgpool_False_lr_0_00250,0.005,0.0025,4,False,evaluated,80.64,96.54,False,1
dtd/toklips,dtd,toklips,classifier_4_blocks_avgpool_False_lr_0_00500,0.01,0.005,4,False,evaluated,80.8,96.17,False,1
dtd/toklips,dtd,toklips,classifier_4_blocks_avgpool_False_lr_0_01000,0.02,0.01,4,False,evaluated,80.59,96.06,False,1
dtd/toklips,dtd,toklips,classifier_4_blocks_avgpool_False_lr_0_02500,0.05,0.025,4,False,evaluated,79.95,95.74,False,1
dtd/toklips,dtd,toklips,classifier_4_blocks_avgpool_False_lr_0_05000,0.1,0.05,4,False,evaluated,79.79,95.85,False,1
dtd/toklips,dtd,toklips,classifier_4_blocks_avgpool_True_lr_0_00001,1e-05,5e-06,4,True,missing_name_collision,,,False,2
dtd/toklips,dtd,toklips,classifier_4_blocks_avgpool_True_lr_0_00001,2e-05,1e-05,4,True,evaluated,45.59,75.8,False,2
dtd/toklips,dtd,toklips,classifier_4_blocks_avgpool_True_lr_0_00003,5e-05,2.5e-05,4,True,evaluated,65.69,90.69,False,1
dtd/toklips,dtd,toklips,classifier_4_blocks_avgpool_True_lr_0_00005,0.0001,5e-05,4,True,evaluated,71.65,94.63,False,1
dtd/toklips,dtd,toklips,classifier_4_blocks_avgpool_True_lr_0_00010,0.0002,0.0001,4,True,evaluated,74.95,95.53,False,1
dtd/toklips,dtd,toklips,classifier_4_blocks_avgpool_True_lr_0_00025,0.0005,0.00025,4,True,evaluated,77.71,96.65,False,1
dtd/toklips,dtd,toklips,classifier_4_blocks_avgpool_True_lr_0_00050,0.001,0.0005,4,True,evaluated,79.73,96.7,False,1
dtd/toklips,dtd,toklips,classifier_4_blocks_avgpool_True_lr_0_00100,0.002,0.001,4,True,evaluated,80.96,96.81,False,1
dtd/toklips,dtd,toklips,classifier_4_blocks_avgpool_True_lr_0_00250,0.005,0.0025,4,True,evaluated,80.74,96.38,False,1
dtd/toklips,dtd,toklips,classifier_4_blocks_avgpool_True_lr_0_00500,0.01,0.005,4,True,evaluated,80.85,96.06,False,1
dtd/toklips,dtd,toklips,classifier_4_blocks_avgpool_True_lr_0_01000,0.02,0.01,4,True,evaluated,80.48,96.06,False,1
dtd/toklips,dtd,toklips,classifier_4_blocks_avgpool_True_lr_0_02500,0.05,0.025,4,True,evaluated,80.37,95.69,False,1
dtd/toklips,dtd,toklips,classifier_4_blocks_avgpool_True_lr_0_05000,0.1,0.05,4,True,evaluated,79.47,95.85,False,1
dtd/unitok,dtd,unitok,classifier_1_blocks_avgpool_False_lr_0_00001,1e-05,5e-06,1,False,missing_name_collision,,,False,2
dtd/unitok,dtd,unitok,classifier_1_blocks_avgpool_False_lr_0_00001,2e-05,1e-05,1,False,evaluated,33.35,62.87,False,2
dtd/unitok,dtd,unitok,classifier_1_blocks_avgpool_False_lr_0_00003,5e-05,2.5e-05,1,False,evaluated,58.88,85.74,False,1
dtd/unitok,dtd,unitok,classifier_1_blocks_avgpool_False_lr_0_00005,0.0001,5e-05,1,False,evaluated,68.09,91.6,False,1
dtd/unitok,dtd,unitok,classifier_1_blocks_avgpool_False_lr_0_00010,0.0002,0.0001,1,False,evaluated,75.11,94.73,False,1
dtd/unitok,dtd,unitok,classifier_1_blocks_avgpool_False_lr_0_00025,0.0005,0.00025,1,False,evaluated,78.24,95.8,False,1
dtd/unitok,dtd,unitok,classifier_1_blocks_avgpool_False_lr_0_00050,0.001,0.0005,1,False,evaluated,78.88,96.7,False,1
dtd/unitok,dtd,unitok,classifier_1_blocks_avgpool_False_lr_0_00100,0.002,0.001,1,False,evaluated,80.0,96.76,False,1
dtd/unitok,dtd,unitok,classifier_1_blocks_avgpool_False_lr_0_00250,0.005,0.0025,1,False,evaluated,80.8,96.6,False,1
dtd/unitok,dtd,unitok,classifier_1_blocks_avgpool_False_lr_0_00500,0.01,0.005,1,False,evaluated,80.43,96.49,False,1
dtd/unitok,dtd,unitok,classifier_1_blocks_avgpool_False_lr_0_01000,0.02,0.01,1,False,evaluated,80.53,95.96,False,1
dtd/unitok,dtd,unitok,classifier_1_blocks_avgpool_False_lr_0_02500,0.05,0.025,1,False,evaluated,79.73,95.48,False,1
dtd/unitok,dtd,unitok,classifier_1_blocks_avgpool_False_lr_0_05000,0.1,0.05,1,False,evaluated,78.99,95.21,False,1
dtd/unitok,dtd,unitok,classifier_1_blocks_avgpool_True_lr_0_00001,1e-05,5e-06,1,True,missing_name_collision,,,False,2
dtd/unitok,dtd,unitok,classifier_1_blocks_avgpool_True_lr_0_00001,2e-05,1e-05,1,True,evaluated,35.43,69.57,False,2
dtd/unitok,dtd,unitok,classifier_1_blocks_avgpool_True_lr_0_00003,5e-05,2.5e-05,1,True,evaluated,62.45,88.51,False,1
dtd/unitok,dtd,unitok,classifier_1_blocks_avgpool_True_lr_0_00005,0.0001,5e-05,1,True,evaluated,69.47,92.87,False,1
dtd/unitok,dtd,unitok,classifier_1_blocks_avgpool_True_lr_0_00010,0.0002,0.0001,1,True,evaluated,75.21,95.0,False,1
dtd/unitok,dtd,unitok,classifier_1_blocks_avgpool_True_lr_0_00025,0.0005,0.00025,1,True,evaluated,77.77,95.59,False,1
dtd/unitok,dtd,unitok,classifier_1_blocks_avgpool_True_lr_0_00050,0.001,0.0005,1,True,evaluated,79.52,96.38,False,1
dtd/unitok,dtd,unitok,classifier_1_blocks_avgpool_True_lr_0_00100,0.002,0.001,1,True,evaluated,80.48,96.76,False,1
dtd/unitok,dtd,unitok,classifier_1_blocks_avgpool_True_lr_0_00250,0.005,0.0025,1,True,evaluated,80.69,96.44,False,1
dtd/unitok,dtd,unitok,classifier_1_blocks_avgpool_True_lr_0_00500,0.01,0.005,1,True,evaluated,80.69,96.28,False,1
dtd/unitok,dtd,unitok,classifier_1_blocks_avgpool_True_lr_0_01000,0.02,0.01,1,True,evaluated,80.37,95.96,False,1
dtd/unitok,dtd,unitok,classifier_1_blocks_avgpool_True_lr_0_02500,0.05,0.025,1,True,evaluated,79.84,95.43,False,1
dtd/unitok,dtd,unitok,classifier_1_blocks_avgpool_True_lr_0_05000,0.1,0.05,1,True,evaluated,78.88,95.11,False,1
dtd/unitok,dtd,unitok,classifier_4_blocks_avgpool_False_lr_0_00001,1e-05,5e-06,4,False,missing_name_collision,,,False,2
dtd/unitok,dtd,unitok,classifier_4_blocks_avgpool_False_lr_0_00001,2e-05,1e-05,4,False,evaluated,55.96,83.46,False,2
dtd/unitok,dtd,unitok,classifier_4_blocks_avgpool_False_lr_0_00003,5e-05,2.5e-05,4,False,evaluated,72.29,92.77,False,1
dtd/unitok,dtd,unitok,classifier_4_blocks_avgpool_False_lr_0_00005,0.0001,5e-05,4,False,evaluated,76.12,95.21,False,1
dtd/unitok,dtd,unitok,classifier_4_blocks_avgpool_False_lr_0_00010,0.0002,0.0001,4,False,evaluated,78.09,96.44,False,1
dtd/unitok,dtd,unitok,classifier_4_blocks_avgpool_False_lr_0_00025,0.0005,0.00025,4,False,evaluated,80.0,96.38,False,1
dtd/unitok,dtd,unitok,classifier_4_blocks_avgpool_False_lr_0_00050,0.001,0.0005,4,False,evaluated,80.48,96.81,False,1
dtd/unitok,dtd,unitok,classifier_4_blocks_avgpool_False_lr_0_00100,0.002,0.001,4,False,evaluated,80.8,96.38,False,1
dtd/unitok,dtd,unitok,classifier_4_blocks_avgpool_False_lr_0_00250,0.005,0.0025,4,False,evaluated,81.01,95.96,True,1
dtd/unitok,dtd,unitok,classifier_4_blocks_avgpool_False_lr_0_00500,0.01,0.005,4,False,evaluated,79.79,95.85,False,1
dtd/unitok,dtd,unitok,classifier_4_blocks_avgpool_False_lr_0_01000,0.02,0.01,4,False,evaluated,79.15,95.21,False,1
dtd/unitok,dtd,unitok,classifier_4_blocks_avgpool_False_lr_0_02500,0.05,0.025,4,False,evaluated,78.78,95.0,False,1
dtd/unitok,dtd,unitok,classifier_4_blocks_avgpool_False_lr_0_05000,0.1,0.05,4,False,evaluated,77.61,94.31,False,1
dtd/unitok,dtd,unitok,classifier_4_blocks_avgpool_True_lr_0_00001,1e-05,5e-06,4,True,missing_name_collision,,,False,2
dtd/unitok,dtd,unitok,classifier_4_blocks_avgpool_True_lr_0_00001,2e-05,1e-05,4,True,evaluated,58.03,83.99,False,2
dtd/unitok,dtd,unitok,classifier_4_blocks_avgpool_True_lr_0_00003,5e-05,2.5e-05,4,True,evaluated,72.55,93.3,False,1
dtd/unitok,dtd,unitok,classifier_4_blocks_avgpool_True_lr_0_00005,0.0001,5e-05,4,True,evaluated,75.64,95.27,False,1
dtd/unitok,dtd,unitok,classifier_4_blocks_avgpool_True_lr_0_00010,0.0002,0.0001,4,True,evaluated,78.09,96.22,False,1
dtd/unitok,dtd,unitok,classifier_4_blocks_avgpool_True_lr_0_00025,0.0005,0.00025,4,True,evaluated,79.73,96.7,False,1
dtd/unitok,dtd,unitok,classifier_4_blocks_avgpool_True_lr_0_00050,0.001,0.0005,4,True,evaluated,80.53,96.6,False,1
dtd/unitok,dtd,unitok,classifier_4_blocks_avgpool_True_lr_0_00100,0.002,0.001,4,True,evaluated,80.8,96.33,False,1
dtd/unitok,dtd,unitok,classifier_4_blocks_avgpool_True_lr_0_00250,0.005,0.0025,4,True,evaluated,80.21,95.85,False,1
dtd/unitok,dtd,unitok,classifier_4_blocks_avgpool_True_lr_0_00500,0.01,0.005,4,True,evaluated,79.89,95.85,False,1
dtd/unitok,dtd,unitok,classifier_4_blocks_avgpool_True_lr_0_01000,0.02,0.01,4,True,evaluated,79.47,95.32,False,1
dtd/unitok,dtd,unitok,classifier_4_blocks_avgpool_True_lr_0_02500,0.05,0.025,4,True,evaluated,79.04,94.79,False,1
dtd/unitok,dtd,unitok,classifier_4_blocks_avgpool_True_lr_0_05000,0.1,0.05,4,True,evaluated,78.3,94.47,False,1
dtd/vilau,dtd,vilau,classifier_1_blocks_avgpool_False_lr_0_00001,1e-05,5e-06,1,False,missing_name_collision,,,False,2
dtd/vilau,dtd,vilau,classifier_1_blocks_avgpool_False_lr_0_00001,2e-05,1e-05,1,False,evaluated,17.23,46.06,False,2
dtd/vilau,dtd,vilau,classifier_1_blocks_avgpool_False_lr_0_00003,5e-05,2.5e-05,1,False,evaluated,47.29,75.37,False,1
dtd/vilau,dtd,vilau,classifier_1_blocks_avgpool_False_lr_0_00005,0.0001,5e-05,1,False,evaluated,61.44,86.01,False,1
dtd/vilau,dtd,vilau,classifier_1_blocks_avgpool_False_lr_0_00010,0.0002,0.0001,1,False,evaluated,71.12,92.45,False,1
dtd/vilau,dtd,vilau,classifier_1_blocks_avgpool_False_lr_0_00025,0.0005,0.00025,1,False,evaluated,76.22,94.84,False,1
dtd/vilau,dtd,vilau,classifier_1_blocks_avgpool_False_lr_0_00050,0.001,0.0005,1,False,evaluated,78.94,95.69,False,1
dtd/vilau,dtd,vilau,classifier_1_blocks_avgpool_False_lr_0_00100,0.002,0.001,1,False,evaluated,80.85,96.22,False,1
dtd/vilau,dtd,vilau,classifier_1_blocks_avgpool_False_lr_0_00250,0.005,0.0025,1,False,evaluated,82.55,96.86,False,1
dtd/vilau,dtd,vilau,classifier_1_blocks_avgpool_False_lr_0_00500,0.01,0.005,1,False,evaluated,83.24,96.86,False,1
dtd/vilau,dtd,vilau,classifier_1_blocks_avgpool_False_lr_0_01000,0.02,0.01,1,False,evaluated,83.14,96.65,False,1
dtd/vilau,dtd,vilau,classifier_1_blocks_avgpool_False_lr_0_02500,0.05,0.025,1,False,evaluated,82.39,96.38,False,1
dtd/vilau,dtd,vilau,classifier_1_blocks_avgpool_False_lr_0_05000,0.1,0.05,1,False,evaluated,81.97,96.12,False,1
dtd/vilau,dtd,vilau,classifier_1_blocks_avgpool_True_lr_0_00001,1e-05,5e-06,1,True,missing_name_collision,,,False,2
dtd/vilau,dtd,vilau,classifier_1_blocks_avgpool_True_lr_0_00001,2e-05,1e-05,1,True,evaluated,30.43,56.38,False,2
dtd/vilau,dtd,vilau,classifier_1_blocks_avgpool_True_lr_0_00003,5e-05,2.5e-05,1,True,evaluated,58.14,83.88,False,1
dtd/vilau,dtd,vilau,classifier_1_blocks_avgpool_True_lr_0_00005,0.0001,5e-05,1,True,evaluated,68.94,92.13,False,1
dtd/vilau,dtd,vilau,classifier_1_blocks_avgpool_True_lr_0_00010,0.0002,0.0001,1,True,evaluated,75.53,93.99,False,1
dtd/vilau,dtd,vilau,classifier_1_blocks_avgpool_True_lr_0_00025,0.0005,0.00025,1,True,evaluated,77.77,95.48,False,1
dtd/vilau,dtd,vilau,classifier_1_blocks_avgpool_True_lr_0_00050,0.001,0.0005,1,True,evaluated,80.16,96.22,False,1
dtd/vilau,dtd,vilau,classifier_1_blocks_avgpool_True_lr_0_00100,0.002,0.001,1,True,evaluated,82.07,97.02,False,1
dtd/vilau,dtd,vilau,classifier_1_blocks_avgpool_True_lr_0_00250,0.005,0.0025,1,True,evaluated,82.87,96.76,False,1
dtd/vilau,dtd,vilau,classifier_1_blocks_avgpool_True_lr_0_00500,0.01,0.005,1,True,evaluated,82.98,96.54,False,1
dtd/vilau,dtd,vilau,classifier_1_blocks_avgpool_True_lr_0_01000,0.02,0.01,1,True,evaluated,82.66,96.54,False,1
dtd/vilau,dtd,vilau,classifier_1_blocks_avgpool_True_lr_0_02500,0.05,0.025,1,True,evaluated,81.91,96.06,False,1
dtd/vilau,dtd,vilau,classifier_1_blocks_avgpool_True_lr_0_05000,0.1,0.05,1,True,evaluated,81.7,95.37,False,1
dtd/vilau,dtd,vilau,classifier_4_blocks_avgpool_False_lr_0_00001,1e-05,5e-06,4,False,missing_name_collision,,,False,2
dtd/vilau,dtd,vilau,classifier_4_blocks_avgpool_False_lr_0_00001,2e-05,1e-05,4,False,evaluated,44.68,72.07,False,2
dtd/vilau,dtd,vilau,classifier_4_blocks_avgpool_False_lr_0_00003,5e-05,2.5e-05,4,False,evaluated,66.22,90.48,False,1
dtd/vilau,dtd,vilau,classifier_4_blocks_avgpool_False_lr_0_00005,0.0001,5e-05,4,False,evaluated,73.99,93.67,False,1
dtd/vilau,dtd,vilau,classifier_4_blocks_avgpool_False_lr_0_00010,0.0002,0.0001,4,False,evaluated,76.86,94.68,False,1
dtd/vilau,dtd,vilau,classifier_4_blocks_avgpool_False_lr_0_00025,0.0005,0.00025,4,False,evaluated,79.95,96.17,False,1
dtd/vilau,dtd,vilau,classifier_4_blocks_avgpool_False_lr_0_00050,0.001,0.0005,4,False,evaluated,81.65,96.54,False,1
dtd/vilau,dtd,vilau,classifier_4_blocks_avgpool_False_lr_0_00100,0.002,0.001,4,False,evaluated,82.07,96.91,False,1
dtd/vilau,dtd,vilau,classifier_4_blocks_avgpool_False_lr_0_00250,0.005,0.0025,4,False,evaluated,83.35,96.7,True,1
dtd/vilau,dtd,vilau,classifier_4_blocks_avgpool_False_lr_0_00500,0.01,0.005,4,False,evaluated,82.82,96.44,False,1
dtd/vilau,dtd,vilau,classifier_4_blocks_avgpool_False_lr_0_01000,0.02,0.01,4,False,evaluated,82.29,96.28,False,1
dtd/vilau,dtd,vilau,classifier_4_blocks_avgpool_False_lr_0_02500,0.05,0.025,4,False,evaluated,81.49,95.8,False,1
dtd/vilau,dtd,vilau,classifier_4_blocks_avgpool_False_lr_0_05000,0.1,0.05,4,False,evaluated,81.17,95.96,False,1
dtd/vilau,dtd,vilau,classifier_4_blocks_avgpool_True_lr_0_00001,1e-05,5e-06,4,True,missing_name_collision,,,False,2
dtd/vilau,dtd,vilau,classifier_4_blocks_avgpool_True_lr_0_00001,2e-05,1e-05,4,True,evaluated,46.65,74.31,False,2
dtd/vilau,dtd,vilau,classifier_4_blocks_avgpool_True_lr_0_00003,5e-05,2.5e-05,4,True,evaluated,66.91,89.95,False,1
dtd/vilau,dtd,vilau,classifier_4_blocks_avgpool_True_lr_0_00005,0.0001,5e-05,4,True,evaluated,75.69,93.99,False,1
dtd/vilau,dtd,vilau,classifier_4_blocks_avgpool_True_lr_0_00010,0.0002,0.0001,4,True,evaluated,78.3,95.48,False,1
dtd/vilau,dtd,vilau,classifier_4_blocks_avgpool_True_lr_0_00025,0.0005,0.00025,4,True,evaluated,81.01,96.17,False,1
dtd/vilau,dtd,vilau,classifier_4_blocks_avgpool_True_lr_0_00050,0.001,0.0005,4,True,evaluated,81.91,97.07,False,1
dtd/vilau,dtd,vilau,classifier_4_blocks_avgpool_True_lr_0_00100,0.002,0.001,4,True,evaluated,82.45,96.6,False,1
dtd/vilau,dtd,vilau,classifier_4_blocks_avgpool_True_lr_0_00250,0.005,0.0025,4,True,evaluated,82.87,96.49,False,1
dtd/vilau,dtd,vilau,classifier_4_blocks_avgpool_True_lr_0_00500,0.01,0.005,4,True,evaluated,82.45,96.38,False,1
dtd/vilau,dtd,vilau,classifier_4_blocks_avgpool_True_lr_0_01000,0.02,0.01,4,True,evaluated,81.76,96.01,False,1
dtd/vilau,dtd,vilau,classifier_4_blocks_avgpool_True_lr_0_02500,0.05,0.025,4,True,evaluated,80.59,95.74,False,1
dtd/vilau,dtd,vilau,classifier_4_blocks_avgpool_True_lr_0_05000,0.1,0.05,4,True,evaluated,81.7,95.69,False,1
fgvc_aircraft/metaclip,fgvc_aircraft,metaclip,classifier_1_blocks_avgpool_False_lr_0_00001,1e-05,5e-06,1,False,missing_name_collision,,,False,2
fgvc_aircraft/metaclip,fgvc_aircraft,metaclip,classifier_1_blocks_avgpool_False_lr_0_00001,2e-05,1e-05,1,False,evaluated,2.4,12.0,False,2
fgvc_aircraft/metaclip,fgvc_aircraft,metaclip,classifier_1_blocks_avgpool_False_lr_0_00003,5e-05,2.5e-05,1,False,evaluated,10.11,29.13,False,1
fgvc_aircraft/metaclip,fgvc_aircraft,metaclip,classifier_1_blocks_avgpool_False_lr_0_00005,0.0001,5e-05,1,False,evaluated,17.52,43.08,False,1
fgvc_aircraft/metaclip,fgvc_aircraft,metaclip,classifier_1_blocks_avgpool_False_lr_0_00010,0.0002,0.0001,1,False,evaluated,28.74,61.12,False,1
fgvc_aircraft/metaclip,fgvc_aircraft,metaclip,classifier_1_blocks_avgpool_False_lr_0_00025,0.0005,0.00025,1,False,evaluated,39.24,75.82,False,1
fgvc_aircraft/metaclip,fgvc_aircraft,metaclip,classifier_1_blocks_avgpool_False_lr_0_00050,0.001,0.0005,1,False,evaluated,45.63,81.07,False,1
fgvc_aircraft/metaclip,fgvc_aircraft,metaclip,classifier_1_blocks_avgpool_False_lr_0_00100,0.002,0.001,1,False,evaluated,50.44,84.76,False,1
fgvc_aircraft/metaclip,fgvc_aircraft,metaclip,classifier_1_blocks_avgpool_False_lr_0_00250,0.005,0.0025,1,False,evaluated,55.96,88.42,False,1
fgvc_aircraft/metaclip,fgvc_aircraft,metaclip,classifier_1_blocks_avgpool_False_lr_0_00500,0.01,0.005,1,False,evaluated,59.08,89.89,False,1
fgvc_aircraft/metaclip,fgvc_aircraft,metaclip,classifier_1_blocks_avgpool_False_lr_0_01000,0.02,0.01,1,False,evaluated,61.06,90.82,False,1
fgvc_aircraft/metaclip,fgvc_aircraft,metaclip,classifier_1_blocks_avgpool_False_lr_0_02500,0.05,0.025,1,False,evaluated,62.23,91.27,False,1
fgvc_aircraft/metaclip,fgvc_aircraft,metaclip,classifier_1_blocks_avgpool_False_lr_0_05000,0.1,0.05,1,False,evaluated,62.89,90.79,True,1
fgvc_aircraft/metaclip,fgvc_aircraft,metaclip,classifier_1_blocks_avgpool_True_lr_0_00001,1e-05,5e-06,1,True,missing_name_collision,,,False,2
fgvc_aircraft/metaclip,fgvc_aircraft,metaclip,classifier_1_blocks_avgpool_True_lr_0_00001,2e-05,1e-05,1,True,evaluated,3.54,12.6,False,2
fgvc_aircraft/metaclip,fgvc_aircraft,metaclip,classifier_1_blocks_avgpool_True_lr_0_00003,5e-05,2.5e-05,1,True,evaluated,9.96,28.62,False,1
fgvc_aircraft/metaclip,fgvc_aircraft,metaclip,classifier_1_blocks_avgpool_True_lr_0_00005,0.0001,5e-05,1,True,evaluated,18.3,44.73,False,1
fgvc_aircraft/metaclip,fgvc_aircraft,metaclip,classifier_1_blocks_avgpool_True_lr_0_00010,0.0002,0.0001,1,True,evaluated,26.97,61.0,False,1
fgvc_aircraft/metaclip,fgvc_aircraft,metaclip,classifier_1_blocks_avgpool_True_lr_0_00025,0.0005,0.00025,1,True,evaluated,39.42,75.37,False,1
fgvc_aircraft/metaclip,fgvc_aircraft,metaclip,classifier_1_blocks_avgpool_True_lr_0_00050,0.001,0.0005,1,True,evaluated,46.02,81.07,False,1
fgvc_aircraft/metaclip,fgvc_aircraft,metaclip,classifier_1_blocks_avgpool_True_lr_0_00100,0.002,0.001,1,True,evaluated,50.8,84.61,False,1
fgvc_aircraft/metaclip,fgvc_aircraft,metaclip,classifier_1_blocks_avgpool_True_lr_0_00250,0.005,0.0025,1,True,evaluated,56.26,88.33,False,1
fgvc_aircraft/metaclip,fgvc_aircraft,metaclip,classifier_1_blocks_avgpool_True_lr_0_00500,0.01,0.005,1,True,evaluated,58.9,90.13,False,1
fgvc_aircraft/metaclip,fgvc_aircraft,metaclip,classifier_1_blocks_avgpool_True_lr_0_01000,0.02,0.01,1,True,evaluated,60.88,91.24,False,1
fgvc_aircraft/metaclip,fgvc_aircraft,metaclip,classifier_1_blocks_avgpool_True_lr_0_02500,0.05,0.025,1,True,evaluated,62.47,91.24,False,1
fgvc_aircraft/metaclip,fgvc_aircraft,metaclip,classifier_1_blocks_avgpool_True_lr_0_05000,0.1,0.05,1,True,evaluated,62.14,90.88,False,1
fgvc_aircraft/metaclip,fgvc_aircraft,metaclip,classifier_4_blocks_avgpool_False_lr_0_00001,1e-05,5e-06,4,False,missing_name_collision,,,False,2
fgvc_aircraft/metaclip,fgvc_aircraft,metaclip,classifier_4_blocks_avgpool_False_lr_0_00001,2e-05,1e-05,4,False,evaluated,3.63,16.59,False,2
fgvc_aircraft/metaclip,fgvc_aircraft,metaclip,classifier_4_blocks_avgpool_False_lr_0_00003,5e-05,2.5e-05,4,False,evaluated,6.66,29.76,False,1
fgvc_aircraft/metaclip,fgvc_aircraft,metaclip,classifier_4_blocks_avgpool_False_lr_0_00005,0.0001,5e-05,4,False,evaluated,17.1,45.06,False,1
fgvc_aircraft/metaclip,fgvc_aircraft,metaclip,classifier_4_blocks_avgpool_False_lr_0_00010,0.0002,0.0001,4,False,evaluated,26.73,60.58,False,1
fgvc_aircraft/metaclip,fgvc_aircraft,metaclip,classifier_4_blocks_avgpool_False_lr_0_00025,0.0005,0.00025,4,False,evaluated,38.04,73.18,False,1
fgvc_aircraft/metaclip,fgvc_aircraft,metaclip,classifier_4_blocks_avgpool_False_lr_0_00050,0.001,0.0005,4,False,evaluated,45.57,79.18,False,1
fgvc_aircraft/metaclip,fgvc_aircraft,metaclip,classifier_4_blocks_avgpool_False_lr_0_00100,0.002,0.001,4,False,evaluated,50.92,84.01,False,1
fgvc_aircraft/metaclip,fgvc_aircraft,metaclip,classifier_4_blocks_avgpool_False_lr_0_00250,0.005,0.0025,4,False,evaluated,56.44,88.18,False,1
fgvc_aircraft/metaclip,fgvc_aircraft,metaclip,classifier_4_blocks_avgpool_False_lr_0_00500,0.01,0.005,4,False,evaluated,59.44,89.89,False,1
fgvc_aircraft/metaclip,fgvc_aircraft,metaclip,classifier_4_blocks_avgpool_False_lr_0_01000,0.02,0.01,4,False,evaluated,61.42,90.76,False,1
fgvc_aircraft/metaclip,fgvc_aircraft,metaclip,classifier_4_blocks_avgpool_False_lr_0_02500,0.05,0.025,4,False,evaluated,62.17,91.21,False,1
fgvc_aircraft/metaclip,fgvc_aircraft,metaclip,classifier_4_blocks_avgpool_False_lr_0_05000,0.1,0.05,4,False,evaluated,62.2,91.0,False,1
fgvc_aircraft/metaclip,fgvc_aircraft,metaclip,classifier_4_blocks_avgpool_True_lr_0_00001,1e-05,5e-06,4,True,missing_name_collision,,,False,2
fgvc_aircraft/metaclip,fgvc_aircraft,metaclip,classifier_4_blocks_avgpool_True_lr_0_00001,2e-05,1e-05,4,True,evaluated,3.15,14.25,False,2
fgvc_aircraft/metaclip,fgvc_aircraft,metaclip,classifier_4_blocks_avgpool_True_lr_0_00003,5e-05,2.5e-05,4,True,evaluated,8.46,29.64,False,1
fgvc_aircraft/metaclip,fgvc_aircraft,metaclip,classifier_4_blocks_avgpool_True_lr_0_00005,0.0001,5e-05,4,True,evaluated,15.57,45.12,False,1
fgvc_aircraft/metaclip,fgvc_aircraft,metaclip,classifier_4_blocks_avgpool_True_lr_0_00010,0.0002,0.0001,4,True,evaluated,26.7,60.79,False,1
fgvc_aircraft/metaclip,fgvc_aircraft,metaclip,classifier_4_blocks_avgpool_True_lr_0_00025,0.0005,0.00025,4,True,evaluated,38.01,73.27,False,1
fgvc_aircraft/metaclip,fgvc_aircraft,metaclip,classifier_4_blocks_avgpool_True_lr_0_00050,0.001,0.0005,4,True,evaluated,45.42,79.69,False,1
fgvc_aircraft/metaclip,fgvc_aircraft,metaclip,classifier_4_blocks_avgpool_True_lr_0_00100,0.002,0.001,4,True,evaluated,51.37,84.37,False,1
fgvc_aircraft/metaclip,fgvc_aircraft,metaclip,classifier_4_blocks_avgpool_True_lr_0_00250,0.005,0.0025,4,True,evaluated,57.19,88.18,False,1
fgvc_aircraft/metaclip,fgvc_aircraft,metaclip,classifier_4_blocks_avgpool_True_lr_0_00500,0.01,0.005,4,True,evaluated,59.62,89.83,False,1
fgvc_aircraft/metaclip,fgvc_aircraft,metaclip,classifier_4_blocks_avgpool_True_lr_0_01000,0.02,0.01,4,True,evaluated,61.33,90.91,False,1
fgvc_aircraft/metaclip,fgvc_aircraft,metaclip,classifier_4_blocks_avgpool_True_lr_0_02500,0.05,0.025,4,True,evaluated,61.93,91.18,False,1
fgvc_aircraft/metaclip,fgvc_aircraft,metaclip,classifier_4_blocks_avgpool_True_lr_0_05000,0.1,0.05,4,True,evaluated,61.63,91.03,False,1
fgvc_aircraft/toklipl,fgvc_aircraft,toklipl,classifier_1_blocks_avgpool_False_lr_0_00001,1e-05,5e-06,1,False,missing_name_collision,,,False,2
fgvc_aircraft/toklipl,fgvc_aircraft,toklipl,classifier_1_blocks_avgpool_False_lr_0_00001,2e-05,1e-05,1,False,evaluated,1.2,5.37,False,2
fgvc_aircraft/toklipl,fgvc_aircraft,toklipl,classifier_1_blocks_avgpool_False_lr_0_00003,5e-05,2.5e-05,1,False,evaluated,2.73,10.98,False,1
fgvc_aircraft/toklipl,fgvc_aircraft,toklipl,classifier_1_blocks_avgpool_False_lr_0_00005,0.0001,5e-05,1,False,evaluated,7.47,23.67,False,1
fgvc_aircraft/toklipl,fgvc_aircraft,toklipl,classifier_1_blocks_avgpool_False_lr_0_00010,0.0002,0.0001,1,False,evaluated,17.31,40.23,False,1
fgvc_aircraft/toklipl,fgvc_aircraft,toklipl,classifier_1_blocks_avgpool_False_lr_0_00025,0.0005,0.00025,1,False,evaluated,29.07,56.47,False,1
fgvc_aircraft/toklipl,fgvc_aircraft,toklipl,classifier_1_blocks_avgpool_False_lr_0_00050,0.001,0.0005,1,False,evaluated,34.71,65.47,False,1
fgvc_aircraft/toklipl,fgvc_aircraft,toklipl,classifier_1_blocks_avgpool_False_lr_0_00100,0.002,0.001,1,False,evaluated,39.21,73.15,False,1
fgvc_aircraft/toklipl,fgvc_aircraft,toklipl,classifier_1_blocks_avgpool_False_lr_0_00250,0.005,0.0025,1,False,evaluated,45.87,80.23,False,1
fgvc_aircraft/toklipl,fgvc_aircraft,toklipl,classifier_1_blocks_avgpool_False_lr_0_00500,0.01,0.005,1,False,evaluated,50.86,85.45,False,1
fgvc_aircraft/toklipl,fgvc_aircraft,toklipl,classifier_1_blocks_avgpool_False_lr_0_01000,0.02,0.01,1,False,evaluated,55.9,89.47,False,1
fgvc_aircraft/toklipl,fgvc_aircraft,toklipl,classifier_1_blocks_avgpool_False_lr_0_02500,0.05,0.025,1,False,evaluated,61.3,92.35,False,1
fgvc_aircraft/toklipl,fgvc_aircraft,toklipl,classifier_1_blocks_avgpool_False_lr_0_05000,0.1,0.05,1,False,evaluated,64.21,93.88,False,1
fgvc_aircraft/toklipl,fgvc_aircraft,toklipl,classifier_1_blocks_avgpool_True_lr_0_00001,1e-05,5e-06,1,True,missing_name_collision,,,False,2
fgvc_aircraft/toklipl,fgvc_aircraft,toklipl,classifier_1_blocks_avgpool_True_lr_0_00001,2e-05,1e-05,1,True,evaluated,2.28,9.21,False,2
fgvc_aircraft/toklipl,fgvc_aircraft,toklipl,classifier_1_blocks_avgpool_True_lr_0_00003,5e-05,2.5e-05,1,True,evaluated,6.18,18.42,False,1
fgvc_aircraft/toklipl,fgvc_aircraft,toklipl,classifier_1_blocks_avgpool_True_lr_0_00005,0.0001,5e-05,1,True,evaluated,13.2,32.4,False,1
fgvc_aircraft/toklipl,fgvc_aircraft,toklipl,classifier_1_blocks_avgpool_True_lr_0_00010,0.0002,0.0001,1,True,evaluated,21.84,46.92,False,1
fgvc_aircraft/toklipl,fgvc_aircraft,toklipl,classifier_1_blocks_avgpool_True_lr_0_00025,0.0005,0.00025,1,True,evaluated,33.66,62.53,False,1
fgvc_aircraft/toklipl,fgvc_aircraft,toklipl,classifier_1_blocks_avgpool_True_lr_0_00050,0.001,0.0005,1,True,evaluated,38.37,71.35,False,1
fgvc_aircraft/toklipl,fgvc_aircraft,toklipl,classifier_1_blocks_avgpool_True_lr_0_00100,0.002,0.001,1,True,evaluated,43.68,78.43,False,1
fgvc_aircraft/toklipl,fgvc_aircraft,toklipl,classifier_1_blocks_avgpool_True_lr_0_00250,0.005,0.0025,1,True,evaluated,51.1,85.51,False,1
fgvc_aircraft/toklipl,fgvc_aircraft,toklipl,classifier_1_blocks_avgpool_True_lr_0_00500,0.01,0.005,1,True,evaluated,56.08,89.8,False,1
fgvc_aircraft/toklipl,fgvc_aircraft,toklipl,classifier_1_blocks_avgpool_True_lr_0_01000,0.02,0.01,1,True,evaluated,60.34,91.87,False,1
fgvc_aircraft/toklipl,fgvc_aircraft,toklipl,classifier_1_blocks_avgpool_True_lr_0_02500,0.05,0.025,1,True,evaluated,64.21,93.91,False,1
fgvc_aircraft/toklipl,fgvc_aircraft,toklipl,classifier_1_blocks_avgpool_True_lr_0_05000,0.1,0.05,1,True,evaluated,66.64,94.3,False,1
fgvc_aircraft/toklipl,fgvc_aircraft,toklipl,classifier_4_blocks_avgpool_False_lr_0_00001,1e-05,5e-06,4,False,missing_name_collision,,,False,2
fgvc_aircraft/toklipl,fgvc_aircraft,toklipl,classifier_4_blocks_avgpool_False_lr_0_00001,2e-05,1e-05,4,False,evaluated,3.39,12.12,False,2
fgvc_aircraft/toklipl,fgvc_aircraft,toklipl,classifier_4_blocks_avgpool_False_lr_0_00003,5e-05,2.5e-05,4,False,evaluated,8.07,23.37,False,1
fgvc_aircraft/toklipl,fgvc_aircraft,toklipl,classifier_4_blocks_avgpool_False_lr_0_00005,0.0001,5e-05,4,False,evaluated,16.74,41.1,False,1
fgvc_aircraft/toklipl,fgvc_aircraft,toklipl,classifier_4_blocks_avgpool_False_lr_0_00010,0.0002,0.0001,4,False,evaluated,26.49,55.66,False,1
fgvc_aircraft/toklipl,fgvc_aircraft,toklipl,classifier_4_blocks_avgpool_False_lr_0_00025,0.0005,0.00025,4,False,evaluated,37.83,71.26,False,1
fgvc_aircraft/toklipl,fgvc_aircraft,toklipl,classifier_4_blocks_avgpool_False_lr_0_00050,0.001,0.0005,4,False,evaluated,43.74,77.83,False,1
fgvc_aircraft/toklipl,fgvc_aircraft,toklipl,classifier_4_blocks_avgpool_False_lr_0_00100,0.002,0.001,4,False,evaluated,48.93,83.95,False,1
fgvc_aircraft/toklipl,fgvc_aircraft,toklipl,classifier_4_blocks_avgpool_False_lr_0_00250,0.005,0.0025,4,False,evaluated,55.9,89.35,False,1
fgvc_aircraft/toklipl,fgvc_aircraft,toklipl,classifier_4_blocks_avgpool_False_lr_0_00500,0.01,0.005,4,False,evaluated,60.76,91.6,False,1
fgvc_aircraft/toklipl,fgvc_aircraft,toklipl,classifier_4_blocks_avgpool_False_lr_0_01000,0.02,0.01,4,False,evaluated,63.43,93.58,False,1
fgvc_aircraft/toklipl,fgvc_aircraft,toklipl,classifier_4_blocks_avgpool_False_lr_0_02500,0.05,0.025,4,False,evaluated,66.67,94.48,False,1
fgvc_aircraft/toklipl,fgvc_aircraft,toklipl,classifier_4_blocks_avgpool_False_lr_0_05000,0.1,0.05,4,False,evaluated,67.54,94.9,True,1
fgvc_aircraft/toklipl,fgvc_aircraft,toklipl,classifier_4_blocks_avgpool_True_lr_0_00001,1e-05,5e-06,4,True,missing_name_collision,,,False,2
fgvc_aircraft/toklipl,fgvc_aircraft,toklipl,classifier_4_blocks_avgpool_True_lr_0_00001,2e-05,1e-05,4,True,evaluated,4.05,15.33,False,2
fgvc_aircraft/toklipl,fgvc_aircraft,toklipl,classifier_4_blocks_avgpool_True_lr_0_00003,5e-05,2.5e-05,4,True,evaluated,8.91,28.11,False,1
fgvc_aircraft/toklipl,fgvc_aircraft,toklipl,classifier_4_blocks_avgpool_True_lr_0_00005,0.0001,5e-05,4,True,evaluated,20.04,42.84,False,1
fgvc_aircraft/toklipl,fgvc_aircraft,toklipl,classifier_4_blocks_avgpool_True_lr_0_00010,0.0002,0.0001,4,True,evaluated,27.75,57.64,False,1
fgvc_aircraft/toklipl,fgvc_aircraft,toklipl,classifier_4_blocks_avgpool_True_lr_0_00025,0.0005,0.00025,4,True,evaluated,39.57,72.88,False,1
fgvc_aircraft/toklipl,fgvc_aircraft,toklipl,classifier_4_blocks_avgpool_True_lr_0_00050,0.001,0.0005,4,True,evaluated,45.03,79.33,False,1
fgvc_aircraft/toklipl,fgvc_aircraft,toklipl,classifier_4_blocks_avgpool_True_lr_0_00100,0.002,0.001,4,True,evaluated,50.98,85.54,False,1
fgvc_aircraft/toklipl,fgvc_aircraft,toklipl,classifier_4_blocks_avgpool_True_lr_0_00250,0.005,0.0025,4,True,evaluated,57.25,90.58,False,1
fgvc_aircraft/toklipl,fgvc_aircraft,toklipl,classifier_4_blocks_avgpool_True_lr_0_00500,0.01,0.005,4,True,evaluated,61.09,92.11,False,1
fgvc_aircraft/toklipl,fgvc_aircraft,toklipl,classifier_4_blocks_avgpool_True_lr_0_01000,0.02,0.01,4,True,evaluated,64.42,93.82,False,1
fgvc_aircraft/toklipl,fgvc_aircraft,toklipl,classifier_4_blocks_avgpool_True_lr_0_02500,0.05,0.025,4,True,evaluated,67.03,94.45,False,1
fgvc_aircraft/toklipl,fgvc_aircraft,toklipl,classifier_4_blocks_avgpool_True_lr_0_05000,0.1,0.05,4,True,evaluated,67.42,94.99,False,1
fgvc_aircraft/toklips,fgvc_aircraft,toklips,classifier_1_blocks_avgpool_False_lr_0_00001,1e-05,5e-06,1,False,missing_name_collision,,,False,2
fgvc_aircraft/toklips,fgvc_aircraft,toklips,classifier_1_blocks_avgpool_False_lr_0_00001,2e-05,1e-05,1,False,evaluated,1.14,6.09,False,2
fgvc_aircraft/toklips,fgvc_aircraft,toklips,classifier_1_blocks_avgpool_False_lr_0_00003,5e-05,2.5e-05,1,False,evaluated,3.51,13.08,False,1
fgvc_aircraft/toklips,fgvc_aircraft,toklips,classifier_1_blocks_avgpool_False_lr_0_00005,0.0001,5e-05,1,False,evaluated,7.89,24.24,False,1
fgvc_aircraft/toklips,fgvc_aircraft,toklips,classifier_1_blocks_avgpool_False_lr_0_00010,0.0002,0.0001,1,False,evaluated,14.43,39.51,False,1
fgvc_aircraft/toklips,fgvc_aircraft,toklips,classifier_1_blocks_avgpool_False_lr_0_00025,0.0005,0.00025,1,False,evaluated,28.38,57.94,False,1
fgvc_aircraft/toklips,fgvc_aircraft,toklips,classifier_1_blocks_avgpool_False_lr_0_00050,0.001,0.0005,1,False,evaluated,35.34,67.39,False,1
fgvc_aircraft/toklips,fgvc_aircraft,toklips,classifier_1_blocks_avgpool_False_lr_0_00100,0.002,0.001,1,False,evaluated,39.12,73.96,False,1
fgvc_aircraft/toklips,fgvc_aircraft,toklips,classifier_1_blocks_avgpool_False_lr_0_00250,0.005,0.0025,1,False,evaluated,44.7,80.35,False,1
fgvc_aircraft/toklips,fgvc_aircraft,toklips,classifier_1_blocks_avgpool_False_lr_0_00500,0.01,0.005,1,False,evaluated,49.65,84.64,False,1
fgvc_aircraft/toklips,fgvc_aircraft,toklips,classifier_1_blocks_avgpool_False_lr_0_01000,0.02,0.01,1,False,evaluated,53.29,87.67,False,1
fgvc_aircraft/toklips,fgvc_aircraft,toklips,classifier_1_blocks_avgpool_False_lr_0_02500,0.05,0.025,1,False,evaluated,58.03,90.25,False,1
fgvc_aircraft/toklips,fgvc_aircraft,toklips,classifier_1_blocks_avgpool_False_lr_0_05000,0.1,0.05,1,False,evaluated,60.28,91.6,False,1
fgvc_aircraft/toklips,fgvc_aircraft,toklips,classifier_1_blocks_avgpool_True_lr_0_00001,1e-05,5e-06,1,True,missing_name_collision,,,False,2
fgvc_aircraft/toklips,fgvc_aircraft,toklips,classifier_1_blocks_avgpool_True_lr_0_00001,2e-05,1e-05,1,True,evaluated,1.95,9.33,False,2
fgvc_aircraft/toklips,fgvc_aircraft,toklips,classifier_1_blocks_avgpool_True_lr_0_00003,5e-05,2.5e-05,1,True,evaluated,7.05,20.76,False,1
fgvc_aircraft/toklips,fgvc_aircraft,toklips,classifier_1_blocks_avgpool_True_lr_0_00005,0.0001,5e-05,1,True,evaluated,11.16,33.12,False,1
fgvc_aircraft/toklips,fgvc_aircraft,toklips,classifier_1_blocks_avgpool_True_lr_0_00010,0.0002,0.0001,1,True,evaluated,22.98,49.14,False,1
fgvc_aircraft/toklips,fgvc_aircraft,toklips,classifier_1_blocks_avgpool_True_lr_0_00025,0.0005,0.00025,1,True,evaluated,32.43,64.24,False,1
fgvc_aircraft/toklips,fgvc_aircraft,toklips,classifier_1_blocks_avgpool_True_lr_0_00050,0.001,0.0005,1,True,evaluated,39.72,72.43,False,1
fgvc_aircraft/toklips,fgvc_aircraft,toklips,classifier_1_blocks_avgpool_True_lr_0_00100,0.002,0.001,1,True,evaluated,43.95,78.37,False,1
fgvc_aircraft/toklips,fgvc_aircraft,toklips,classifier_1_blocks_avgpool_True_lr_0_00250,0.005,0.0025,1,True,evaluated,49.44,83.98,False,1
fgvc_aircraft/toklips,fgvc_aircraft,toklips,classifier_1_blocks_avgpool_True_lr_0_00500,0.01,0.005,1,True,evaluated,53.38,87.79,False,1
fgvc_aircraft/toklips,fgvc_aircraft,toklips,classifier_1_blocks_avgpool_True_lr_0_01000,0.02,0.01,1,True,evaluated,57.34,89.77,False,1
fgvc_aircraft/toklips,fgvc_aircraft,toklips,classifier_1_blocks_avgpool_True_lr_0_02500,0.05,0.025,1,True,evaluated,60.34,91.69,False,1
fgvc_aircraft/toklips,fgvc_aircraft,toklips,classifier_1_blocks_avgpool_True_lr_0_05000,0.1,0.05,1,True,evaluated,61.9,92.38,False,1
fgvc_aircraft/toklips,fgvc_aircraft,toklips,classifier_4_blocks_avgpool_False_lr_0_00001,1e-05,5e-06,4,False,missing_name_collision,,,False,2
fgvc_aircraft/toklips,fgvc_aircraft,toklips,classifier_4_blocks_avgpool_False_lr_0_00001,2e-05,1e-05,4,False,evaluated,3.42,12.06,False,2
fgvc_aircraft/toklips,fgvc_aircraft,toklips,classifier_4_blocks_avgpool_False_lr_0_00003,5e-05,2.5e-05,4,False,evaluated,8.73,24.18,False,1
fgvc_aircraft/toklips,fgvc_aircraft,toklips,classifier_4_blocks_avgpool_False_lr_0_00005,0.0001,5e-05,4,False,evaluated,17.16,43.77,False,1
fgvc_aircraft/toklips,fgvc_aircraft,toklips,classifier_4_blocks_avgpool_False_lr_0_00010,0.0002,0.0001,4,False,evaluated,27.24,56.86,False,1
fgvc_aircraft/toklips,fgvc_aircraft,toklips,classifier_4_blocks_avgpool_False_lr_0_00025,0.0005,0.00025,4,False,evaluated,37.14,71.05,False,1
fgvc_aircraft/toklips,fgvc_aircraft,toklips,classifier_4_blocks_avgpool_False_lr_0_00050,0.001,0.0005,4,False,evaluated,42.87,78.55,False,1
fgvc_aircraft/toklips,fgvc_aircraft,toklips,classifier_4_blocks_avgpool_False_lr_0_00100,0.002,0.001,4,False,evaluated,47.73,83.23,False,1
fgvc_aircraft/toklips,fgvc_aircraft,toklips,classifier_4_blocks_avgpool_False_lr_0_00250,0.005,0.0025,4,False,evaluated,53.5,87.7,False,1
fgvc_aircraft/toklips,fgvc_aircraft,toklips,classifier_4_blocks_avgpool_False_lr_0_00500,0.01,0.005,4,False,evaluated,57.1,89.47,False,1
fgvc_aircraft/toklips,fgvc_aircraft,toklips,classifier_4_blocks_avgpool_False_lr_0_01000,0.02,0.01,4,False,evaluated,59.83,91.24,False,1
fgvc_aircraft/toklips,fgvc_aircraft,toklips,classifier_4_blocks_avgpool_False_lr_0_02500,0.05,0.025,4,False,evaluated,61.78,92.41,False,1
fgvc_aircraft/toklips,fgvc_aircraft,toklips,classifier_4_blocks_avgpool_False_lr_0_05000,0.1,0.05,4,False,evaluated,62.53,92.74,False,1
fgvc_aircraft/toklips,fgvc_aircraft,toklips,classifier_4_blocks_avgpool_True_lr_0_00001,1e-05,5e-06,4,True,missing_name_collision,,,False,2
fgvc_aircraft/toklips,fgvc_aircraft,toklips,classifier_4_blocks_avgpool_True_lr_0_00001,2e-05,1e-05,4,True,evaluated,3.9,13.74,False,2
fgvc_aircraft/toklips,fgvc_aircraft,toklips,classifier_4_blocks_avgpool_True_lr_0_00003,5e-05,2.5e-05,4,True,evaluated,11.4,28.83,False,1
fgvc_aircraft/toklips,fgvc_aircraft,toklips,classifier_4_blocks_avgpool_True_lr_0_00005,0.0001,5e-05,4,True,evaluated,18.69,42.87,False,1
fgvc_aircraft/toklips,fgvc_aircraft,toklips,classifier_4_blocks_avgpool_True_lr_0_00010,0.0002,0.0001,4,True,evaluated,28.44,57.4,False,1
fgvc_aircraft/toklips,fgvc_aircraft,toklips,classifier_4_blocks_avgpool_True_lr_0_00025,0.0005,0.00025,4,True,evaluated,39.66,73.54,False,1
fgvc_aircraft/toklips,fgvc_aircraft,toklips,classifier_4_blocks_avgpool_True_lr_0_00050,0.001,0.0005,4,True,evaluated,44.19,79.51,False,1
fgvc_aircraft/toklips,fgvc_aircraft,toklips,classifier_4_blocks_avgpool_True_lr_0_00100,0.002,0.001,4,True,evaluated,49.8,84.28,False,1
fgvc_aircraft/toklips,fgvc_aircraft,toklips,classifier_4_blocks_avgpool_True_lr_0_00250,0.005,0.0025,4,True,evaluated,54.28,88.51,False,1
fgvc_aircraft/toklips,fgvc_aircraft,toklips,classifier_4_blocks_avgpool_True_lr_0_00500,0.01,0.005,4,True,evaluated,57.91,90.28,False,1
fgvc_aircraft/toklips,fgvc_aircraft,toklips,classifier_4_blocks_avgpool_True_lr_0_01000,0.02,0.01,4,True,evaluated,60.34,91.78,False,1
fgvc_aircraft/toklips,fgvc_aircraft,toklips,classifier_4_blocks_avgpool_True_lr_0_02500,0.05,0.025,4,True,evaluated,62.35,92.62,False,1
fgvc_aircraft/toklips,fgvc_aircraft,toklips,classifier_4_blocks_avgpool_True_lr_0_05000,0.1,0.05,4,True,evaluated,62.86,92.86,True,1
fgvc_aircraft/unitok,fgvc_aircraft,unitok,classifier_1_blocks_avgpool_False_lr_0_00001,1e-05,5e-06,1,False,missing_name_collision,,,False,2
fgvc_aircraft/unitok,fgvc_aircraft,unitok,classifier_1_blocks_avgpool_False_lr_0_00001,2e-05,1e-05,1,False,evaluated,4.74,15.6,False,2
fgvc_aircraft/unitok,fgvc_aircraft,unitok,classifier_1_blocks_avgpool_False_lr_0_00003,5e-05,2.5e-05,1,False,evaluated,10.77,33.3,False,1
fgvc_aircraft/unitok,fgvc_aircraft,unitok,classifier_1_blocks_avgpool_False_lr_0_00005,0.0001,5e-05,1,False,evaluated,19.98,48.57,False,1
fgvc_aircraft/unitok,fgvc_aircraft,unitok,classifier_1_blocks_avgpool_False_lr_0_00010,0.0002,0.0001,1,False,evaluated,27.54,60.64,False,1
fgvc_aircraft/unitok,fgvc_aircraft,unitok,classifier_1_blocks_avgpool_False_lr_0_00025,0.0005,0.00025,1,False,evaluated,38.01,70.57,False,1
fgvc_aircraft/unitok,fgvc_aircraft,unitok,classifier_1_blocks_avgpool_False_lr_0_00050,0.001,0.0005,1,False,evaluated,41.16,76.33,False,1
fgvc_aircraft/unitok,fgvc_aircraft,unitok,classifier_1_blocks_avgpool_False_lr_0_00100,0.002,0.001,1,False,evaluated,45.21,79.24,False,1
fgvc_aircraft/unitok,fgvc_aircraft,unitok,classifier_1_blocks_avgpool_False_lr_0_00250,0.005,0.0025,1,False,evaluated,47.94,81.19,False,1
fgvc_aircraft/unitok,fgvc_aircraft,unitok,classifier_1_blocks_avgpool_False_lr_0_00500,0.01,0.005,1,False,evaluated,49.5,83.02,False,1
fgvc_aircraft/unitok,fgvc_aircraft,unitok,classifier_1_blocks_avgpool_False_lr_0_01000,0.02,0.01,1,False,evaluated,51.07,83.62,False,1
fgvc_aircraft/unitok,fgvc_aircraft,unitok,classifier_1_blocks_avgpool_False_lr_0_02500,0.05,0.025,1,False,evaluated,52.15,84.25,False,1
fgvc_aircraft/unitok,fgvc_aircraft,unitok,classifier_1_blocks_avgpool_False_lr_0_05000,0.1,0.05,1,False,evaluated,52.36,84.58,True,1
fgvc_aircraft/unitok,fgvc_aircraft,unitok,classifier_1_blocks_avgpool_True_lr_0_00001,1e-05,5e-06,1,True,missing_name_collision,,,False,2
fgvc_aircraft/unitok,fgvc_aircraft,unitok,classifier_1_blocks_avgpool_True_lr_0_00001,2e-05,1e-05,1,True,evaluated,3.48,13.47,False,2
fgvc_aircraft/unitok,fgvc_aircraft,unitok,classifier_1_blocks_avgpool_True_lr_0_00003,5e-05,2.5e-05,1,True,evaluated,13.2,33.87,False,1
fgvc_aircraft/unitok,fgvc_aircraft,unitok,classifier_1_blocks_avgpool_True_lr_0_00005,0.0001,5e-05,1,True,evaluated,19.02,49.92,False,1
fgvc_aircraft/unitok,fgvc_aircraft,unitok,classifier_1_blocks_avgpool_True_lr_0_00010,0.0002,0.0001,1,True,evaluated,29.34,61.66,False,1
fgvc_aircraft/unitok,fgvc_aircraft,unitok,classifier_1_blocks_avgpool_True_lr_0_00025,0.0005,0.00025,1,True,evaluated,38.01,71.62,False,1
fgvc_aircraft/unitok,fgvc_aircraft,unitok,classifier_1_blocks_avgpool_True_lr_0_00050,0.001,0.0005,1,True,evaluated,41.79,76.63,False,1
fgvc_aircraft/unitok,fgvc_aircraft,unitok,classifier_1_blocks_avgpool_True_lr_0_00100,0.002,0.001,1,True,evaluated,45.51,79.39,False,1
fgvc_aircraft/unitok,fgvc_aircraft,unitok,classifier_1_blocks_avgpool_True_lr_0_00250,0.005,0.0025,1,True,evaluated,47.64,81.7,False,1
fgvc_aircraft/unitok,fgvc_aircraft,unitok,classifier_1_blocks_avgpool_True_lr_0_00500,0.01,0.005,1,True,evaluated,50.11,83.17,False,1
fgvc_aircraft/unitok,fgvc_aircraft,unitok,classifier_1_blocks_avgpool_True_lr_0_01000,0.02,0.01,1,True,evaluated,51.07,84.13,False,1
fgvc_aircraft/unitok,fgvc_aircraft,unitok,classifier_1_blocks_avgpool_True_lr_0_02500,0.05,0.025,1,True,evaluated,52.27,84.76,False,1
fgvc_aircraft/unitok,fgvc_aircraft,unitok,classifier_1_blocks_avgpool_True_lr_0_05000,0.1,0.05,1,True,evaluated,52.33,84.76,False,1
fgvc_aircraft/unitok,fgvc_aircraft,unitok,classifier_4_blocks_avgpool_False_lr_0_00001,1e-05,5e-06,4,False,missing_name_collision,,,False,2
fgvc_aircraft/unitok,fgvc_aircraft,unitok,classifier_4_blocks_avgpool_False_lr_0_00001,2e-05,1e-05,4,False,evaluated,9.96,28.77,False,2
fgvc_aircraft/unitok,fgvc_aircraft,unitok,classifier_4_blocks_avgpool_False_lr_0_00003,5e-05,2.5e-05,4,False,evaluated,19.56,48.72,False,1
fgvc_aircraft/unitok,fgvc_aircraft,unitok,classifier_4_blocks_avgpool_False_lr_0_00005,0.0001,5e-05,4,False,evaluated,29.94,61.75,False,1
fgvc_aircraft/unitok,fgvc_aircraft,unitok,classifier_4_blocks_avgpool_False_lr_0_00010,0.0002,0.0001,4,False,evaluated,38.04,72.16,False,1
fgvc_aircraft/unitok,fgvc_aircraft,unitok,classifier_4_blocks_avgpool_False_lr_0_00025,0.0005,0.00025,4,False,evaluated,44.01,78.04,False,1
fgvc_aircraft/unitok,fgvc_aircraft,unitok,classifier_4_blocks_avgpool_False_lr_0_00050,0.001,0.0005,4,False,evaluated,47.49,80.53,False,1
fgvc_aircraft/unitok,fgvc_aircraft,unitok,classifier_4_blocks_avgpool_False_lr_0_00100,0.002,0.001,4,False,evaluated,48.96,82.63,False,1
fgvc_aircraft/unitok,fgvc_aircraft,unitok,classifier_4_blocks_avgpool_False_lr_0_00250,0.005,0.0025,4,False,evaluated,50.77,83.65,False,1
fgvc_aircraft/unitok,fgvc_aircraft,unitok,classifier_4_blocks_avgpool_False_lr_0_00500,0.01,0.005,4,False,evaluated,51.76,84.04,False,1
fgvc_aircraft/unitok,fgvc_aircraft,unitok,classifier_4_blocks_avgpool_False_lr_0_01000,0.02,0.01,4,False,evaluated,51.85,84.49,False,1
fgvc_aircraft/unitok,fgvc_aircraft,unitok,classifier_4_blocks_avgpool_False_lr_0_02500,0.05,0.025,4,False,evaluated,51.76,84.19,False,1
fgvc_aircraft/unitok,fgvc_aircraft,unitok,classifier_4_blocks_avgpool_False_lr_0_05000,0.1,0.05,4,False,evaluated,50.98,83.26,False,1
fgvc_aircraft/unitok,fgvc_aircraft,unitok,classifier_4_blocks_avgpool_True_lr_0_00001,1e-05,5e-06,4,True,missing_name_collision,,,False,2
fgvc_aircraft/unitok,fgvc_aircraft,unitok,classifier_4_blocks_avgpool_True_lr_0_00001,2e-05,1e-05,4,True,evaluated,10.89,30.66,False,2
fgvc_aircraft/unitok,fgvc_aircraft,unitok,classifier_4_blocks_avgpool_True_lr_0_00003,5e-05,2.5e-05,4,True,evaluated,20.43,49.92,False,1
fgvc_aircraft/unitok,fgvc_aircraft,unitok,classifier_4_blocks_avgpool_True_lr_0_00005,0.0001,5e-05,4,True,evaluated,30.03,62.05,False,1
fgvc_aircraft/unitok,fgvc_aircraft,unitok,classifier_4_blocks_avgpool_True_lr_0_00010,0.0002,0.0001,4,True,evaluated,37.65,72.4,False,1
fgvc_aircraft/unitok,fgvc_aircraft,unitok,classifier_4_blocks_avgpool_True_lr_0_00025,0.0005,0.00025,4,True,evaluated,43.35,78.34,False,1
fgvc_aircraft/unitok,fgvc_aircraft,unitok,classifier_4_blocks_avgpool_True_lr_0_00050,0.001,0.0005,4,True,evaluated,46.35,80.86,False,1
fgvc_aircraft/unitok,fgvc_aircraft,unitok,classifier_4_blocks_avgpool_True_lr_0_00100,0.002,0.001,4,True,evaluated,48.96,82.57,False,1
fgvc_aircraft/unitok,fgvc_aircraft,unitok,classifier_4_blocks_avgpool_True_lr_0_00250,0.005,0.0025,4,True,evaluated,51.04,83.83,False,1
fgvc_aircraft/unitok,fgvc_aircraft,unitok,classifier_4_blocks_avgpool_True_lr_0_00500,0.01,0.005,4,True,evaluated,51.94,84.22,False,1
fgvc_aircraft/unitok,fgvc_aircraft,unitok,classifier_4_blocks_avgpool_True_lr_0_01000,0.02,0.01,4,True,evaluated,52.12,84.55,False,1
fgvc_aircraft/unitok,fgvc_aircraft,unitok,classifier_4_blocks_avgpool_True_lr_0_02500,0.05,0.025,4,True,evaluated,51.58,84.04,False,1
fgvc_aircraft/unitok,fgvc_aircraft,unitok,classifier_4_blocks_avgpool_True_lr_0_05000,0.1,0.05,4,True,evaluated,50.95,83.44,False,1
fgvc_aircraft/vilau,fgvc_aircraft,vilau,classifier_1_blocks_avgpool_False_lr_0_00001,1e-05,5e-06,1,False,missing_name_collision,,,False,2
fgvc_aircraft/vilau,fgvc_aircraft,vilau,classifier_1_blocks_avgpool_False_lr_0_00001,2e-05,1e-05,1,False,evaluated,2.43,9.36,False,2
fgvc_aircraft/vilau,fgvc_aircraft,vilau,classifier_1_blocks_avgpool_False_lr_0_00003,5e-05,2.5e-05,1,False,evaluated,7.68,21.96,False,1
fgvc_aircraft/vilau,fgvc_aircraft,vilau,classifier_1_blocks_avgpool_False_lr_0_00005,0.0001,5e-05,1,False,evaluated,17.64,38.88,False,1
fgvc_aircraft/vilau,fgvc_aircraft,vilau,classifier_1_blocks_avgpool_False_lr_0_00010,0.0002,0.0001,1,False,evaluated,28.17,56.92,False,1
fgvc_aircraft/vilau,fgvc_aircraft,vilau,classifier_1_blocks_avgpool_False_lr_0_00025,0.0005,0.00025,1,False,evaluated,36.03,70.6,False,1
fgvc_aircraft/vilau,fgvc_aircraft,vilau,classifier_1_blocks_avgpool_False_lr_0_00050,0.001,0.0005,1,False,evaluated,41.67,77.92,False,1
fgvc_aircraft/vilau,fgvc_aircraft,vilau,classifier_1_blocks_avgpool_False_lr_0_00100,0.002,0.001,1,False,evaluated,46.2,82.63,False,1
fgvc_aircraft/vilau,fgvc_aircraft,vilau,classifier_1_blocks_avgpool_False_lr_0_00250,0.005,0.0025,1,False,evaluated,52.54,86.86,False,1
fgvc_aircraft/vilau,fgvc_aircraft,vilau,classifier_1_blocks_avgpool_False_lr_0_00500,0.01,0.005,1,False,evaluated,56.05,88.78,False,1
fgvc_aircraft/vilau,fgvc_aircraft,vilau,classifier_1_blocks_avgpool_False_lr_0_01000,0.02,0.01,1,False,evaluated,59.59,90.58,False,1
fgvc_aircraft/vilau,fgvc_aircraft,vilau,classifier_1_blocks_avgpool_False_lr_0_02500,0.05,0.025,1,False,evaluated,62.02,91.93,False,1
fgvc_aircraft/vilau,fgvc_aircraft,vilau,classifier_1_blocks_avgpool_False_lr_0_05000,0.1,0.05,1,False,evaluated,63.34,92.44,False,1
fgvc_aircraft/vilau,fgvc_aircraft,vilau,classifier_1_blocks_avgpool_True_lr_0_00001,1e-05,5e-06,1,True,missing_name_collision,,,False,2
fgvc_aircraft/vilau,fgvc_aircraft,vilau,classifier_1_blocks_avgpool_True_lr_0_00001,2e-05,1e-05,1,True,evaluated,3.39,12.96,False,2
fgvc_aircraft/vilau,fgvc_aircraft,vilau,classifier_1_blocks_avgpool_True_lr_0_00003,5e-05,2.5e-05,1,True,evaluated,9.21,26.61,False,1
fgvc_aircraft/vilau,fgvc_aircraft,vilau,classifier_1_blocks_avgpool_True_lr_0_00005,0.0001,5e-05,1,True,evaluated,22.11,48.87,False,1
fgvc_aircraft/vilau,fgvc_aircraft,vilau,classifier_1_blocks_avgpool_True_lr_0_00010,0.0002,0.0001,1,True,evaluated,31.32,64.63,False,1
fgvc_aircraft/vilau,fgvc_aircraft,vilau,classifier_1_blocks_avgpool_True_lr_0_00025,0.0005,0.00025,1,True,evaluated,40.32,76.18,False,1
fgvc_aircraft/vilau,fgvc_aircraft,vilau,classifier_1_blocks_avgpool_True_lr_0_00050,0.001,0.0005,1,True,evaluated,45.69,81.79,False,1
fgvc_aircraft/vilau,fgvc_aircraft,vilau,classifier_1_blocks_avgpool_True_lr_0_00100,0.002,0.001,1,True,evaluated,50.62,85.78,False,1
fgvc_aircraft/vilau,fgvc_aircraft,vilau,classifier_1_blocks_avgpool_True_lr_0_00250,0.005,0.0025,1,True,evaluated,56.05,88.6,False,1
fgvc_aircraft/vilau,fgvc_aircraft,vilau,classifier_1_blocks_avgpool_True_lr_0_00500,0.01,0.005,1,True,evaluated,59.32,90.58,False,1
fgvc_aircraft/vilau,fgvc_aircraft,vilau,classifier_1_blocks_avgpool_True_lr_0_01000,0.02,0.01,1,True,evaluated,61.51,91.63,False,1
fgvc_aircraft/vilau,fgvc_aircraft,vilau,classifier_1_blocks_avgpool_True_lr_0_02500,0.05,0.025,1,True,evaluated,63.43,92.44,False,1
fgvc_aircraft/vilau,fgvc_aircraft,vilau,classifier_1_blocks_avgpool_True_lr_0_05000,0.1,0.05,1,True,evaluated,63.4,92.89,False,1
fgvc_aircraft/vilau,fgvc_aircraft,vilau,classifier_4_blocks_avgpool_False_lr_0_00001,1e-05,5e-06,4,False,missing_name_collision,,,False,2
fgvc_aircraft/vilau,fgvc_aircraft,vilau,classifier_4_blocks_avgpool_False_lr_0_00001,2e-05,1e-05,4,False,evaluated,4.44,14.61,False,2
fgvc_aircraft/vilau,fgvc_aircraft,vilau,classifier_4_blocks_avgpool_False_lr_0_00003,5e-05,2.5e-05,4,False,evaluated,15.12,39.33,False,1
fgvc_aircraft/vilau,fgvc_aircraft,vilau,classifier_4_blocks_avgpool_False_lr_0_00005,0.0001,5e-05,4,False,evaluated,28.86,58.15,False,1
fgvc_aircraft/vilau,fgvc_aircraft,vilau,classifier_4_blocks_avgpool_False_lr_0_00010,0.0002,0.0001,4,False,evaluated,36.39,70.27,False,1
fgvc_aircraft/vilau,fgvc_aircraft,vilau,classifier_4_blocks_avgpool_False_lr_0_00025,0.0005,0.00025,4,False,evaluated,45.99,81.67,False,1
fgvc_aircraft/vilau,fgvc_aircraft,vilau,classifier_4_blocks_avgpool_False_lr_0_00050,0.001,0.0005,4,False,evaluated,50.29,85.63,False,1
fgvc_aircraft/vilau,fgvc_aircraft,vilau,classifier_4_blocks_avgpool_False_lr_0_00100,0.002,0.001,4,False,evaluated,54.88,87.97,False,1
fgvc_aircraft/vilau,fgvc_aircraft,vilau,classifier_4_blocks_avgpool_False_lr_0_00250,0.005,0.0025,4,False,evaluated,59.59,90.52,False,1
fgvc_aircraft/vilau,fgvc_aircraft,vilau,classifier_4_blocks_avgpool_False_lr_0_00500,0.01,0.005,4,False,evaluated,61.57,91.75,False,1
fgvc_aircraft/vilau,fgvc_aircraft,vilau,classifier_4_blocks_avgpool_False_lr_0_01000,0.02,0.01,4,False,evaluated,63.19,92.32,False,1
fgvc_aircraft/vilau,fgvc_aircraft,vilau,classifier_4_blocks_avgpool_False_lr_0_02500,0.05,0.025,4,False,evaluated,63.76,92.74,False,1
fgvc_aircraft/vilau,fgvc_aircraft,vilau,classifier_4_blocks_avgpool_False_lr_0_05000,0.1,0.05,4,False,evaluated,63.64,92.74,False,1
fgvc_aircraft/vilau,fgvc_aircraft,vilau,classifier_4_blocks_avgpool_True_lr_0_00001,1e-05,5e-06,4,True,missing_name_collision,,,False,2
fgvc_aircraft/vilau,fgvc_aircraft,vilau,classifier_4_blocks_avgpool_True_lr_0_00001,2e-05,1e-05,4,True,evaluated,5.13,20.64,False,2
fgvc_aircraft/vilau,fgvc_aircraft,vilau,classifier_4_blocks_avgpool_True_lr_0_00003,5e-05,2.5e-05,4,True,evaluated,19.35,42.75,False,1
fgvc_aircraft/vilau,fgvc_aircraft,vilau,classifier_4_blocks_avgpool_True_lr_0_00005,0.0001,5e-05,4,True,evaluated,30.78,62.65,False,1
fgvc_aircraft/vilau,fgvc_aircraft,vilau,classifier_4_blocks_avgpool_True_lr_0_00010,0.0002,0.0001,4,True,evaluated,40.02,73.36,False,1
fgvc_aircraft/vilau,fgvc_aircraft,vilau,classifier_4_blocks_avgpool_True_lr_0_00025,0.0005,0.00025,4,True,evaluated,45.81,82.33,False,1
fgvc_aircraft/vilau,fgvc_aircraft,vilau,classifier_4_blocks_avgpool_True_lr_0_00050,0.001,0.0005,4,True,evaluated,51.85,86.8,False,1
fgvc_aircraft/vilau,fgvc_aircraft,vilau,classifier_4_blocks_avgpool_True_lr_0_00100,0.002,0.001,4,True,evaluated,56.11,88.87,False,1
fgvc_aircraft/vilau,fgvc_aircraft,vilau,classifier_4_blocks_avgpool_True_lr_0_00250,0.005,0.0025,4,True,evaluated,60.58,90.76,False,1
fgvc_aircraft/vilau,fgvc_aircraft,vilau,classifier_4_blocks_avgpool_True_lr_0_00500,0.01,0.005,4,True,evaluated,62.02,91.96,False,1
fgvc_aircraft/vilau,fgvc_aircraft,vilau,classifier_4_blocks_avgpool_True_lr_0_01000,0.02,0.01,4,True,evaluated,63.37,92.2,False,1
fgvc_aircraft/vilau,fgvc_aircraft,vilau,classifier_4_blocks_avgpool_True_lr_0_02500,0.05,0.025,4,True,evaluated,63.67,92.59,False,1
fgvc_aircraft/vilau,fgvc_aircraft,vilau,classifier_4_blocks_avgpool_True_lr_0_05000,0.1,0.05,4,True,evaluated,63.85,92.86,True,1
flowers102/metaclip,flowers102,metaclip,classifier_1_blocks_avgpool_False_lr_0_00001,1e-05,5e-06,1,False,missing_name_collision,,,False,2
flowers102/metaclip,flowers102,metaclip,classifier_1_blocks_avgpool_False_lr_0_00001,2e-05,1e-05,1,False,evaluated,4.12,14.8,False,2
flowers102/metaclip,flowers102,metaclip,classifier_1_blocks_avgpool_False_lr_0_00003,5e-05,2.5e-05,1,False,evaluated,12.94,34.51,False,1
flowers102/metaclip,flowers102,metaclip,classifier_1_blocks_avgpool_False_lr_0_00005,0.0001,5e-05,1,False,evaluated,38.24,68.14,False,1
flowers102/metaclip,flowers102,metaclip,classifier_1_blocks_avgpool_False_lr_0_00010,0.0002,0.0001,1,False,evaluated,68.92,92.94,False,1
flowers102/metaclip,flowers102,metaclip,classifier_1_blocks_avgpool_False_lr_0_00025,0.0005,0.00025,1,False,evaluated,87.55,98.53,False,1
flowers102/metaclip,flowers102,metaclip,classifier_1_blocks_avgpool_False_lr_0_00050,0.001,0.0005,1,False,evaluated,92.55,99.41,False,1
flowers102/metaclip,flowers102,metaclip,classifier_1_blocks_avgpool_False_lr_0_00100,0.002,0.001,1,False,evaluated,95.59,99.61,False,1
flowers102/metaclip,flowers102,metaclip,classifier_1_blocks_avgpool_False_lr_0_00250,0.005,0.0025,1,False,evaluated,96.86,99.71,False,1
flowers102/metaclip,flowers102,metaclip,classifier_1_blocks_avgpool_False_lr_0_00500,0.01,0.005,1,False,evaluated,97.35,99.71,False,1
flowers102/metaclip,flowers102,metaclip,classifier_1_blocks_avgpool_False_lr_0_01000,0.02,0.01,1,False,evaluated,97.55,99.71,False,1
flowers102/metaclip,flowers102,metaclip,classifier_1_blocks_avgpool_False_lr_0_02500,0.05,0.025,1,False,evaluated,97.45,99.71,False,1
flowers102/metaclip,flowers102,metaclip,classifier_1_blocks_avgpool_False_lr_0_05000,0.1,0.05,1,False,evaluated,97.55,99.61,False,1
flowers102/metaclip,flowers102,metaclip,classifier_1_blocks_avgpool_True_lr_0_00001,1e-05,5e-06,1,True,missing_name_collision,,,False,2
flowers102/metaclip,flowers102,metaclip,classifier_1_blocks_avgpool_True_lr_0_00001,2e-05,1e-05,1,True,evaluated,2.35,7.65,False,2
flowers102/metaclip,flowers102,metaclip,classifier_1_blocks_avgpool_True_lr_0_00003,5e-05,2.5e-05,1,True,evaluated,12.94,35.59,False,1
flowers102/metaclip,flowers102,metaclip,classifier_1_blocks_avgpool_True_lr_0_00005,0.0001,5e-05,1,True,evaluated,43.53,76.47,False,1
flowers102/metaclip,flowers102,metaclip,classifier_1_blocks_avgpool_True_lr_0_00010,0.0002,0.0001,1,True,evaluated,73.43,95.88,False,1
flowers102/metaclip,flowers102,metaclip,classifier_1_blocks_avgpool_True_lr_0_00025,0.0005,0.00025,1,True,evaluated,88.33,98.82,False,1
flowers102/metaclip,flowers102,metaclip,classifier_1_blocks_avgpool_True_lr_0_00050,0.001,0.0005,1,True,evaluated,93.92,99.31,False,1
flowers102/metaclip,flowers102,metaclip,classifier_1_blocks_avgpool_True_lr_0_00100,0.002,0.001,1,True,evaluated,96.76,99.51,False,1
flowers102/metaclip,flowers102,metaclip,classifier_1_blocks_avgpool_True_lr_0_00250,0.005,0.0025,1,True,evaluated,97.25,99.71,False,1
flowers102/metaclip,flowers102,metaclip,classifier_1_blocks_avgpool_True_lr_0_00500,0.01,0.005,1,True,evaluated,97.55,99.71,False,1
flowers102/metaclip,flowers102,metaclip,classifier_1_blocks_avgpool_True_lr_0_01000,0.02,0.01,1,True,evaluated,98.04,99.71,True,1
flowers102/metaclip,flowers102,metaclip,classifier_1_blocks_avgpool_True_lr_0_02500,0.05,0.025,1,True,evaluated,97.94,99.71,False,1
flowers102/metaclip,flowers102,metaclip,classifier_1_blocks_avgpool_True_lr_0_05000,0.1,0.05,1,True,evaluated,98.04,99.71,False,1
flowers102/metaclip,flowers102,metaclip,classifier_4_blocks_avgpool_False_lr_0_00001,1e-05,5e-06,4,False,missing_name_collision,,,False,2
flowers102/metaclip,flowers102,metaclip,classifier_4_blocks_avgpool_False_lr_0_00001,2e-05,1e-05,4,False,evaluated,3.33,13.53,False,2
flowers102/metaclip,flowers102,metaclip,classifier_4_blocks_avgpool_False_lr_0_00003,5e-05,2.5e-05,4,False,evaluated,11.18,34.02,False,1
flowers102/metaclip,flowers102,metaclip,classifier_4_blocks_avgpool_False_lr_0_00005,0.0001,5e-05,4,False,evaluated,35.29,65.2,False,1
flowers102/metaclip,flowers102,metaclip,classifier_4_blocks_avgpool_False_lr_0_00010,0.0002,0.0001,4,False,evaluated,66.76,87.55,False,1
flowers102/metaclip,flowers102,metaclip,classifier_4_blocks_avgpool_False_lr_0_00025,0.0005,0.00025,4,False,evaluated,85.0,97.65,False,1
flowers102/metaclip,flowers102,metaclip,classifier_4_blocks_avgpool_False_lr_0_00050,0.001,0.0005,4,False,evaluated,91.37,98.92,False,1
flowers102/metaclip,flowers102,metaclip,classifier_4_blocks_avgpool_False_lr_0_00100,0.002,0.001,4,False,evaluated,94.51,99.31,False,1
flowers102/metaclip,flowers102,metaclip,classifier_4_blocks_avgpool_False_lr_0_00250,0.005,0.0025,4,False,evaluated,96.47,99.61,False,1
flowers102/metaclip,flowers102,metaclip,classifier_4_blocks_avgpool_False_lr_0_00500,0.01,0.005,4,False,evaluated,96.57,99.71,False,1
flowers102/metaclip,flowers102,metaclip,classifier_4_blocks_avgpool_False_lr_0_01000,0.02,0.01,4,False,evaluated,97.06,99.71,False,1
flowers102/metaclip,flowers102,metaclip,classifier_4_blocks_avgpool_False_lr_0_02500,0.05,0.025,4,False,evaluated,97.45,99.71,False,1
flowers102/metaclip,flowers102,metaclip,classifier_4_blocks_avgpool_False_lr_0_05000,0.1,0.05,4,False,evaluated,97.65,99.51,False,1
flowers102/metaclip,flowers102,metaclip,classifier_4_blocks_avgpool_True_lr_0_00001,1e-05,5e-06,4,True,missing_name_collision,,,False,2
flowers102/metaclip,flowers102,metaclip,classifier_4_blocks_avgpool_True_lr_0_00001,2e-05,1e-05,4,True,evaluated,5.49,15.39,False,2
flowers102/metaclip,flowers102,metaclip,classifier_4_blocks_avgpool_True_lr_0_00003,5e-05,2.5e-05,4,True,evaluated,11.67,33.92,False,1
flowers102/metaclip,flowers102,metaclip,classifier_4_blocks_avgpool_True_lr_0_00005,0.0001,5e-05,4,True,evaluated,40.59,69.9,False,1
flowers102/metaclip,flowers102,metaclip,classifier_4_blocks_avgpool_True_lr_0_00010,0.0002,0.0001,4,True,evaluated,71.67,93.04,False,1
flowers102/metaclip,flowers102,metaclip,classifier_4_blocks_avgpool_True_lr_0_00025,0.0005,0.00025,4,True,evaluated,88.63,98.63,False,1
flowers102/metaclip,flowers102,metaclip,classifier_4_blocks_avgpool_True_lr_0_00050,0.001,0.0005,4,True,evaluated,91.67,99.41,False,1
flowers102/metaclip,flowers102,metaclip,classifier_4_blocks_avgpool_True_lr_0_00100,0.002,0.001,4,True,evaluated,95.1,99.61,False,1
flowers102/metaclip,flowers102,metaclip,classifier_4_blocks_avgpool_True_lr_0_00250,0.005,0.0025,4,True,evaluated,96.57,99.71,False,1
flowers102/metaclip,flowers102,metaclip,classifier_4_blocks_avgpool_True_lr_0_00500,0.01,0.005,4,True,evaluated,96.96,99.71,False,1
flowers102/metaclip,flowers102,metaclip,classifier_4_blocks_avgpool_True_lr_0_01000,0.02,0.01,4,True,evaluated,97.35,99.71,False,1
flowers102/metaclip,flowers102,metaclip,classifier_4_blocks_avgpool_True_lr_0_02500,0.05,0.025,4,True,evaluated,97.45,99.71,False,1
flowers102/metaclip,flowers102,metaclip,classifier_4_blocks_avgpool_True_lr_0_05000,0.1,0.05,4,True,evaluated,97.75,99.61,False,1
flowers102/toklipl,flowers102,toklipl,classifier_1_blocks_avgpool_False_lr_0_00001,1e-05,5e-06,1,False,missing_name_collision,,,False,2
flowers102/toklipl,flowers102,toklipl,classifier_1_blocks_avgpool_False_lr_0_00001,2e-05,1e-05,1,False,evaluated,3.82,9.71,False,2
flowers102/toklipl,flowers102,toklipl,classifier_1_blocks_avgpool_False_lr_0_00003,5e-05,2.5e-05,1,False,evaluated,5.2,17.84,False,1
flowers102/toklipl,flowers102,toklipl,classifier_1_blocks_avgpool_False_lr_0_00005,0.0001,5e-05,1,False,evaluated,19.41,46.96,False,1
flowers102/toklipl,flowers102,toklipl,classifier_1_blocks_avgpool_False_lr_0_00010,0.0002,0.0001,1,False,evaluated,55.98,84.61,False,1
flowers102/toklipl,flowers102,toklipl,classifier_1_blocks_avgpool_False_lr_0_00025,0.0005,0.00025,1,False,evaluated,85.88,98.24,False,1
flowers102/toklipl,flowers102,toklipl,classifier_1_blocks_avgpool_False_lr_0_00050,0.001,0.0005,1,False,evaluated,93.14,98.82,False,1
flowers102/toklipl,flowers102,toklipl,classifier_1_blocks_avgpool_False_lr_0_00100,0.002,0.001,1,False,evaluated,95.69,99.31,False,1
flowers102/toklipl,flowers102,toklipl,classifier_1_blocks_avgpool_False_lr_0_00250,0.005,0.0025,1,False,evaluated,97.25,99.61,False,1
flowers102/toklipl,flowers102,toklipl,classifier_1_blocks_avgpool_False_lr_0_00500,0.01,0.005,1,False,evaluated,98.14,99.71,False,1
flowers102/toklipl,flowers102,toklipl,classifier_1_blocks_avgpool_False_lr_0_01000,0.02,0.01,1,False,evaluated,98.73,99.8,False,1
flowers102/toklipl,flowers102,toklipl,classifier_1_blocks_avgpool_False_lr_0_02500,0.05,0.025,1,False,evaluated,98.92,99.8,False,1
flowers102/toklipl,flowers102,toklipl,classifier_1_blocks_avgpool_False_lr_0_05000,0.1,0.05,1,False,evaluated,98.92,99.71,False,1
flowers102/toklipl,flowers102,toklipl,classifier_1_blocks_avgpool_True_lr_0_00001,1e-05,5e-06,1,True,missing_name_collision,,,False,2
flowers102/toklipl,flowers102,toklipl,classifier_1_blocks_avgpool_True_lr_0_00001,2e-05,1e-05,1,True,evaluated,1.37,7.35,False,2
flowers102/toklipl,flowers102,toklipl,classifier_1_blocks_avgpool_True_lr_0_00003,5e-05,2.5e-05,1,True,evaluated,10.29,30.88,False,1
flowers102/toklipl,flowers102,toklipl,classifier_1_blocks_avgpool_True_lr_0_00005,0.0001,5e-05,1,True,evaluated,34.9,63.04,False,1
flowers102/toklipl,flowers102,toklipl,classifier_1_blocks_avgpool_True_lr_0_00010,0.0002,0.0001,1,True,evaluated,69.71,91.96,False,1
flowers102/toklipl,flowers102,toklipl,classifier_1_blocks_avgpool_True_lr_0_00025,0.0005,0.00025,1,True,evaluated,91.67,98.24,False,1
flowers102/toklipl,flowers102,toklipl,classifier_1_blocks_avgpool_True_lr_0_00050,0.001,0.0005,1,True,evaluated,95.49,99.12,False,1
flowers102/toklipl,flowers102,toklipl,classifier_1_blocks_avgpool_True_lr_0_00100,0.002,0.001,1,True,evaluated,96.76,99.61,False,1
flowers102/toklipl,flowers102,toklipl,classifier_1_blocks_avgpool_True_lr_0_00250,0.005,0.0025,1,True,evaluated,98.04,99.8,False,1
flowers102/toklipl,flowers102,toklipl,classifier_1_blocks_avgpool_True_lr_0_00500,0.01,0.005,1,True,evaluated,98.63,99.8,False,1
flowers102/toklipl,flowers102,toklipl,classifier_1_blocks_avgpool_True_lr_0_01000,0.02,0.01,1,True,evaluated,98.82,99.8,False,1
flowers102/toklipl,flowers102,toklipl,classifier_1_blocks_avgpool_True_lr_0_02500,0.05,0.025,1,True,evaluated,98.92,99.8,False,1
flowers102/toklipl,flowers102,toklipl,classifier_1_blocks_avgpool_True_lr_0_05000,0.1,0.05,1,True,evaluated,98.92,99.8,False,1
flowers102/toklipl,flowers102,toklipl,classifier_4_blocks_avgpool_False_lr_0_00001,1e-05,5e-06,4,False,missing_name_collision,,,False,2
flowers102/toklipl,flowers102,toklipl,classifier_4_blocks_avgpool_False_lr_0_00001,2e-05,1e-05,4,False,evaluated,3.24,14.31,False,2
flowers102/toklipl,flowers102,toklipl,classifier_4_blocks_avgpool_False_lr_0_00003,5e-05,2.5e-05,4,False,evaluated,20.29,45.2,False,1
flowers102/toklipl,flowers102,toklipl,classifier_4_blocks_avgpool_False_lr_0_00005,0.0001,5e-05,4,False,evaluated,56.18,81.96,False,1
flowers102/toklipl,flowers102,toklipl,classifier_4_blocks_avgpool_False_lr_0_00010,0.0002,0.0001,4,False,evaluated,82.65,95.1,False,1
flowers102/toklipl,flowers102,toklipl,classifier_4_blocks_avgpool_False_lr_0_00025,0.0005,0.00025,4,False,evaluated,95.2,99.02,False,1
flowers102/toklipl,flowers102,toklipl,classifier_4_blocks_avgpool_False_lr_0_00050,0.001,0.0005,4,False,evaluated,97.25,99.41,False,1
flowers102/toklipl,flowers102,toklipl,classifier_4_blocks_avgpool_False_lr_0_00100,0.002,0.001,4,False,evaluated,98.04,99.71,False,1
flowers102/toklipl,flowers102,toklipl,classifier_4_blocks_avgpool_False_lr_0_00250,0.005,0.0025,4,False,evaluated,98.53,99.8,False,1
flowers102/toklipl,flowers102,toklipl,classifier_4_blocks_avgpool_False_lr_0_00500,0.01,0.005,4,False,evaluated,99.02,99.8,True,1
flowers102/toklipl,flowers102,toklipl,classifier_4_blocks_avgpool_False_lr_0_01000,0.02,0.01,4,False,evaluated,98.82,99.8,False,1
flowers102/toklipl,flowers102,toklipl,classifier_4_blocks_avgpool_False_lr_0_02500,0.05,0.025,4,False,evaluated,98.82,99.8,False,1
flowers102/toklipl,flowers102,toklipl,classifier_4_blocks_avgpool_False_lr_0_05000,0.1,0.05,4,False,evaluated,98.92,99.8,False,1
flowers102/toklipl,flowers102,toklipl,classifier_4_blocks_avgpool_True_lr_0_00001,1e-05,5e-06,4,True,missing_name_collision,,,False,2
flowers102/toklipl,flowers102,toklipl,classifier_4_blocks_avgpool_True_lr_0_00001,2e-05,1e-05,4,True,evaluated,3.14,15.2,False,2
flowers102/toklipl,flowers102,toklipl,classifier_4_blocks_avgpool_True_lr_0_00003,5e-05,2.5e-05,4,True,evaluated,26.27,56.27,False,1
flowers102/toklipl,flowers102,toklipl,classifier_4_blocks_avgpool_True_lr_0_00005,0.0001,5e-05,4,True,evaluated,64.61,89.31,False,1
flowers102/toklipl,flowers102,toklipl,classifier_4_blocks_avgpool_True_lr_0_00010,0.0002,0.0001,4,True,evaluated,85.98,97.84,False,1
flowers102/toklipl,flowers102,toklipl,classifier_4_blocks_avgpool_True_lr_0_00025,0.0005,0.00025,4,True,evaluated,95.88,99.22,False,1
flowers102/toklipl,flowers102,toklipl,classifier_4_blocks_avgpool_True_lr_0_00050,0.001,0.0005,4,True,evaluated,97.16,99.51,False,1
flowers102/toklipl,flowers102,toklipl,classifier_4_blocks_avgpool_True_lr_0_00100,0.002,0.001,4,True,evaluated,98.14,99.8,False,1
flowers102/toklipl,flowers102,toklipl,classifier_4_blocks_avgpool_True_lr_0_00250,0.005,0.0025,4,True,evaluated,98.63,99.8,False,1
flowers102/toklipl,flowers102,toklipl,classifier_4_blocks_avgpool_True_lr_0_00500,0.01,0.005,4,True,evaluated,98.92,99.8,False,1
flowers102/toklipl,flowers102,toklipl,classifier_4_blocks_avgpool_True_lr_0_01000,0.02,0.01,4,True,evaluated,98.92,99.8,False,1
flowers102/toklipl,flowers102,toklipl,classifier_4_blocks_avgpool_True_lr_0_02500,0.05,0.025,4,True,evaluated,98.92,99.8,False,1
flowers102/toklipl,flowers102,toklipl,classifier_4_blocks_avgpool_True_lr_0_05000,0.1,0.05,4,True,evaluated,98.53,99.61,False,1
flowers102/toklips,flowers102,toklips,classifier_1_blocks_avgpool_False_lr_0_00001,1e-05,5e-06,1,False,missing_name_collision,,,False,2
flowers102/toklips,flowers102,toklips,classifier_1_blocks_avgpool_False_lr_0_00001,2e-05,1e-05,1,False,evaluated,1.08,6.18,False,2
flowers102/toklips,flowers102,toklips,classifier_1_blocks_avgpool_False_lr_0_00003,5e-05,2.5e-05,1,False,evaluated,4.71,16.57,False,1
flowers102/toklips,flowers102,toklips,classifier_1_blocks_avgpool_False_lr_0_00005,0.0001,5e-05,1,False,evaluated,23.14,47.94,False,1
flowers102/toklips,flowers102,toklips,classifier_1_blocks_avgpool_False_lr_0_00010,0.0002,0.0001,1,False,evaluated,43.73,76.57,False,1
flowers102/toklips,flowers102,toklips,classifier_1_blocks_avgpool_False_lr_0_00025,0.0005,0.00025,1,False,evaluated,86.86,97.65,False,1
flowers102/toklips,flowers102,toklips,classifier_1_blocks_avgpool_False_lr_0_00050,0.001,0.0005,1,False,evaluated,90.69,98.82,False,1
flowers102/toklips,flowers102,toklips,classifier_1_blocks_avgpool_False_lr_0_00100,0.002,0.001,1,False,evaluated,93.04,98.82,False,1
flowers102/toklips,flowers102,toklips,classifier_1_blocks_avgpool_False_lr_0_00250,0.005,0.0025,1,False,evaluated,95.88,99.51,False,1
flowers102/toklips,flowers102,toklips,classifier_1_blocks_avgpool_False_lr_0_00500,0.01,0.005,1,False,evaluated,97.06,99.9,False,1
flowers102/toklips,flowers102,toklips,classifier_1_blocks_avgpool_False_lr_0_01000,0.02,0.01,1,False,evaluated,97.55,99.9,False,1
flowers102/toklips,flowers102,toklips,classifier_1_blocks_avgpool_False_lr_0_02500,0.05,0.025,1,False,evaluated,97.94,99.9,False,1
flowers102/toklips,flowers102,toklips,classifier_1_blocks_avgpool_False_lr_0_05000,0.1,0.05,1,False,evaluated,98.33,99.9,False,1
flowers102/toklips,flowers102,toklips,classifier_1_blocks_avgpool_True_lr_0_00001,1e-05,5e-06,1,True,missing_name_collision,,,False,2
flowers102/toklips,flowers102,toklips,classifier_1_blocks_avgpool_True_lr_0_00001,2e-05,1e-05,1,True,evaluated,2.45,8.82,False,2
flowers102/toklips,flowers102,toklips,classifier_1_blocks_avgpool_True_lr_0_00003,5e-05,2.5e-05,1,True,evaluated,12.84,32.35,False,1
flowers102/toklips,flowers102,toklips,classifier_1_blocks_avgpool_True_lr_0_00005,0.0001,5e-05,1,True,evaluated,35.0,66.47,False,1
flowers102/toklips,flowers102,toklips,classifier_1_blocks_avgpool_True_lr_0_00010,0.0002,0.0001,1,True,evaluated,68.73,91.18,False,1
flowers102/toklips,flowers102,toklips,classifier_1_blocks_avgpool_True_lr_0_00025,0.0005,0.00025,1,True,evaluated,88.53,98.04,False,1
flowers102/toklips,flowers102,toklips,classifier_1_blocks_avgpool_True_lr_0_00050,0.001,0.0005,1,True,evaluated,91.76,99.02,False,1
flowers102/toklips,flowers102,toklips,classifier_1_blocks_avgpool_True_lr_0_00100,0.002,0.001,1,True,evaluated,94.9,99.41,False,1
flowers102/toklips,flowers102,toklips,classifier_1_blocks_avgpool_True_lr_0_00250,0.005,0.0025,1,True,evaluated,96.86,99.8,False,1
flowers102/toklips,flowers102,toklips,classifier_1_blocks_avgpool_True_lr_0_00500,0.01,0.005,1,True,evaluated,97.45,99.9,False,1
flowers102/toklips,flowers102,toklips,classifier_1_blocks_avgpool_True_lr_0_01000,0.02,0.01,1,True,evaluated,97.75,99.9,False,1
flowers102/toklips,flowers102,toklips,classifier_1_blocks_avgpool_True_lr_0_02500,0.05,0.025,1,True,evaluated,98.33,99.9,False,1
flowers102/toklips,flowers102,toklips,classifier_1_blocks_avgpool_True_lr_0_05000,0.1,0.05,1,True,evaluated,98.33,99.9,False,1
flowers102/toklips,flowers102,toklips,classifier_4_blocks_avgpool_False_lr_0_00001,1e-05,5e-06,4,False,missing_name_collision,,,False,2
flowers102/toklips,flowers102,toklips,classifier_4_blocks_avgpool_False_lr_0_00001,2e-05,1e-05,4,False,evaluated,4.41,15.0,False,2
flowers102/toklips,flowers102,toklips,classifier_4_blocks_avgpool_False_lr_0_00003,5e-05,2.5e-05,4,False,evaluated,23.24,52.45,False,1
flowers102/toklips,flowers102,toklips,classifier_4_blocks_avgpool_False_lr_0_00005,0.0001,5e-05,4,False,evaluated,53.04,81.76,False,1
flowers102/toklips,flowers102,toklips,classifier_4_blocks_avgpool_False_lr_0_00010,0.0002,0.0001,4,False,evaluated,81.67,96.37,False,1
flowers102/toklips,flowers102,toklips,classifier_4_blocks_avgpool_False_lr_0_00025,0.0005,0.00025,4,False,evaluated,92.75,98.53,False,1
flowers102/toklips,flowers102,toklips,classifier_4_blocks_avgpool_False_lr_0_00050,0.001,0.0005,4,False,evaluated,95.39,99.31,False,1
flowers102/toklips,flowers102,toklips,classifier_4_blocks_avgpool_False_lr_0_00100,0.002,0.001,4,False,evaluated,96.67,99.8,False,1
flowers102/toklips,flowers102,toklips,classifier_4_blocks_avgpool_False_lr_0_00250,0.005,0.0025,4,False,evaluated,97.55,99.9,False,1
flowers102/toklips,flowers102,toklips,classifier_4_blocks_avgpool_False_lr_0_00500,0.01,0.005,4,False,evaluated,97.75,99.9,False,1
flowers102/toklips,flowers102,toklips,classifier_4_blocks_avgpool_False_lr_0_01000,0.02,0.01,4,False,evaluated,98.33,99.9,False,1
flowers102/toklips,flowers102,toklips,classifier_4_blocks_avgpool_False_lr_0_02500,0.05,0.025,4,False,evaluated,98.53,99.9,False,1
flowers102/toklips,flowers102,toklips,classifier_4_blocks_avgpool_False_lr_0_05000,0.1,0.05,4,False,evaluated,98.63,99.9,True,1
flowers102/toklips,flowers102,toklips,classifier_4_blocks_avgpool_True_lr_0_00001,1e-05,5e-06,4,True,missing_name_collision,,,False,2
flowers102/toklips,flowers102,toklips,classifier_4_blocks_avgpool_True_lr_0_00001,2e-05,1e-05,4,True,evaluated,6.96,21.86,False,2
flowers102/toklips,flowers102,toklips,classifier_4_blocks_avgpool_True_lr_0_00003,5e-05,2.5e-05,4,True,evaluated,21.67,50.59,False,1
flowers102/toklips,flowers102,toklips,classifier_4_blocks_avgpool_True_lr_0_00005,0.0001,5e-05,4,True,evaluated,61.37,85.69,False,1
flowers102/toklips,flowers102,toklips,classifier_4_blocks_avgpool_True_lr_0_00010,0.0002,0.0001,4,True,evaluated,85.2,97.65,False,1
flowers102/toklips,flowers102,toklips,classifier_4_blocks_avgpool_True_lr_0_00025,0.0005,0.00025,4,True,evaluated,92.55,99.12,False,1
flowers102/toklips,flowers102,toklips,classifier_4_blocks_avgpool_True_lr_0_00050,0.001,0.0005,4,True,evaluated,96.08,99.41,False,1
flowers102/toklips,flowers102,toklips,classifier_4_blocks_avgpool_True_lr_0_00100,0.002,0.001,4,True,evaluated,96.76,99.9,False,1
flowers102/toklips,flowers102,toklips,classifier_4_blocks_avgpool_True_lr_0_00250,0.005,0.0025,4,True,evaluated,97.25,99.9,False,1
flowers102/toklips,flowers102,toklips,classifier_4_blocks_avgpool_True_lr_0_00500,0.01,0.005,4,True,evaluated,97.94,99.9,False,1
flowers102/toklips,flowers102,toklips,classifier_4_blocks_avgpool_True_lr_0_01000,0.02,0.01,4,True,evaluated,98.43,99.9,False,1
flowers102/toklips,flowers102,toklips,classifier_4_blocks_avgpool_True_lr_0_02500,0.05,0.025,4,True,evaluated,98.24,99.9,False,1
flowers102/toklips,flowers102,toklips,classifier_4_blocks_avgpool_True_lr_0_05000,0.1,0.05,4,True,evaluated,98.43,99.9,False,1
flowers102/unitok,flowers102,unitok,classifier_1_blocks_avgpool_False_lr_0_00001,1e-05,5e-06,1,False,missing_name_collision,,,False,2
flowers102/unitok,flowers102,unitok,classifier_1_blocks_avgpool_False_lr_0_00001,2e-05,1e-05,1,False,evaluated,1.86,9.31,False,2
flowers102/unitok,flowers102,unitok,classifier_1_blocks_avgpool_False_lr_0_00003,5e-05,2.5e-05,1,False,evaluated,17.35,43.33,False,1
flowers102/unitok,flowers102,unitok,classifier_1_blocks_avgpool_False_lr_0_00005,0.0001,5e-05,1,False,evaluated,54.61,86.37,False,1
flowers102/unitok,flowers102,unitok,classifier_1_blocks_avgpool_False_lr_0_00010,0.0002,0.0001,1,False,evaluated,79.9,96.27,False,1
flowers102/unitok,flowers102,unitok,classifier_1_blocks_avgpool_False_lr_0_00025,0.0005,0.00025,1,False,evaluated,91.57,99.22,False,1
flowers102/unitok,flowers102,unitok,classifier_1_blocks_avgpool_False_lr_0_00050,0.001,0.0005,1,False,evaluated,96.37,99.31,False,1
flowers102/unitok,flowers102,unitok,classifier_1_blocks_avgpool_False_lr_0_00100,0.002,0.001,1,False,evaluated,97.25,99.61,False,1
flowers102/unitok,flowers102,unitok,classifier_1_blocks_avgpool_False_lr_0_00250,0.005,0.0025,1,False,evaluated,97.65,99.61,False,1
flowers102/unitok,flowers102,unitok,classifier_1_blocks_avgpool_False_lr_0_00500,0.01,0.005,1,False,evaluated,97.55,99.71,False,1
flowers102/unitok,flowers102,unitok,classifier_1_blocks_avgpool_False_lr_0_01000,0.02,0.01,1,False,evaluated,97.65,99.61,False,1
flowers102/unitok,flowers102,unitok,classifier_1_blocks_avgpool_False_lr_0_02500,0.05,0.025,1,False,evaluated,97.84,99.71,False,1
flowers102/unitok,flowers102,unitok,classifier_1_blocks_avgpool_False_lr_0_05000,0.1,0.05,1,False,evaluated,97.55,99.61,False,1
flowers102/unitok,flowers102,unitok,classifier_1_blocks_avgpool_True_lr_0_00001,1e-05,5e-06,1,True,missing_name_collision,,,False,2
flowers102/unitok,flowers102,unitok,classifier_1_blocks_avgpool_True_lr_0_00001,2e-05,1e-05,1,True,evaluated,3.43,13.92,False,2
flowers102/unitok,flowers102,unitok,classifier_1_blocks_avgpool_True_lr_0_00003,5e-05,2.5e-05,1,True,evaluated,18.43,46.86,False,1
flowers102/unitok,flowers102,unitok,classifier_1_blocks_avgpool_True_lr_0_00005,0.0001,5e-05,1,True,evaluated,57.94,87.16,False,1
flowers102/unitok,flowers102,unitok,classifier_1_blocks_avgpool_True_lr_0_00010,0.0002,0.0001,1,True,evaluated,81.67,98.04,False,1
flowers102/unitok,flowers102,unitok,classifier_1_blocks_avgpool_True_lr_0_00025,0.0005,0.00025,1,True,evaluated,92.25,99.02,False,1
flowers102/unitok,flowers102,unitok,classifier_1_blocks_avgpool_True_lr_0_00050,0.001,0.0005,1,True,evaluated,96.08,99.41,False,1
flowers102/unitok,flowers102,unitok,classifier_1_blocks_avgpool_True_lr_0_00100,0.002,0.001,1,True,evaluated,97.16,99.71,False,1
flowers102/unitok,flowers102,unitok,classifier_1_blocks_avgpool_True_lr_0_00250,0.005,0.0025,1,True,evaluated,97.65,99.61,False,1
flowers102/unitok,flowers102,unitok,classifier_1_blocks_avgpool_True_lr_0_00500,0.01,0.005,1,True,evaluated,97.65,99.61,False,1
flowers102/unitok,flowers102,unitok,classifier_1_blocks_avgpool_True_lr_0_01000,0.02,0.01,1,True,evaluated,97.35,99.61,False,1
flowers102/unitok,flowers102,unitok,classifier_1_blocks_avgpool_True_lr_0_02500,0.05,0.025,1,True,evaluated,97.75,99.71,False,1
flowers102/unitok,flowers102,unitok,classifier_1_blocks_avgpool_True_lr_0_05000,0.1,0.05,1,True,evaluated,97.45,99.61,False,1
flowers102/unitok,flowers102,unitok,classifier_4_blocks_avgpool_False_lr_0_00001,1e-05,5e-06,4,False,missing_name_collision,,,False,2
flowers102/unitok,flowers102,unitok,classifier_4_blocks_avgpool_False_lr_0_00001,2e-05,1e-05,4,False,evaluated,15.2,37.06,False,2
flowers102/unitok,flowers102,unitok,classifier_4_blocks_avgpool_False_lr_0_00003,5e-05,2.5e-05,4,False,evaluated,59.51,86.67,False,1
flowers102/unitok,flowers102,unitok,classifier_4_blocks_avgpool_False_lr_0_00005,0.0001,5e-05,4,False,evaluated,86.08,98.33,False,1
flowers102/unitok,flowers102,unitok,classifier_4_blocks_avgpool_False_lr_0_00010,0.0002,0.0001,4,False,evaluated,93.82,99.61,False,1
flowers102/unitok,flowers102,unitok,classifier_4_blocks_avgpool_False_lr_0_00025,0.0005,0.00025,4,False,evaluated,96.67,99.51,False,1
flowers102/unitok,flowers102,unitok,classifier_4_blocks_avgpool_False_lr_0_00050,0.001,0.0005,4,False,evaluated,97.16,99.61,False,1
flowers102/unitok,flowers102,unitok,classifier_4_blocks_avgpool_False_lr_0_00100,0.002,0.001,4,False,evaluated,97.65,99.71,False,1
flowers102/unitok,flowers102,unitok,classifier_4_blocks_avgpool_False_lr_0_00250,0.005,0.0025,4,False,evaluated,97.55,99.61,False,1
flowers102/unitok,flowers102,unitok,classifier_4_blocks_avgpool_False_lr_0_00500,0.01,0.005,4,False,evaluated,97.94,99.71,True,1
flowers102/unitok,flowers102,unitok,classifier_4_blocks_avgpool_False_lr_0_01000,0.02,0.01,4,False,evaluated,97.75,99.61,False,1
flowers102/unitok,flowers102,unitok,classifier_4_blocks_avgpool_False_lr_0_02500,0.05,0.025,4,False,evaluated,97.25,99.51,False,1
flowers102/unitok,flowers102,unitok,classifier_4_blocks_avgpool_False_lr_0_05000,0.1,0.05,4,False,evaluated,96.76,99.51,False,1
flowers102/unitok,flowers102,unitok,classifier_4_blocks_avgpool_True_lr_0_00001,1e-05,5e-06,4,True,missing_name_collision,,,False,2
flowers102/unitok,flowers102,unitok,classifier_4_blocks_avgpool_True_lr_0_00001,2e-05,1e-05,4,True,evaluated,12.84,35.88,False,2
flowers102/unitok,flowers102,unitok,classifier_4_blocks_avgpool_True_lr_0_00003,5e-05,2.5e-05,4,True,evaluated,59.51,86.86,False,1
flowers102/unitok,flowers102,unitok,classifier_4_blocks_avgpool_True_lr_0_00005,0.0001,5e-05,4,True,evaluated,85.2,98.33,False,1
flowers102/unitok,flowers102,unitok,classifier_4_blocks_avgpool_True_lr_0_00010,0.0002,0.0001,4,True,evaluated,93.24,99.22,False,1
flowers102/unitok,flowers102,unitok,classifier_4_blocks_avgpool_True_lr_0_00025,0.0005,0.00025,4,True,evaluated,97.06,99.51,False,1
flowers102/unitok,flowers102,unitok,classifier_4_blocks_avgpool_True_lr_0_00050,0.001,0.0005,4,True,evaluated,97.25,99.61,False,1
flowers102/unitok,flowers102,unitok,classifier_4_blocks_avgpool_True_lr_0_00100,0.002,0.001,4,True,evaluated,97.45,99.61,False,1
flowers102/unitok,flowers102,unitok,classifier_4_blocks_avgpool_True_lr_0_00250,0.005,0.0025,4,True,evaluated,97.75,99.71,False,1
flowers102/unitok,flowers102,unitok,classifier_4_blocks_avgpool_True_lr_0_00500,0.01,0.005,4,True,evaluated,97.45,99.8,False,1
flowers102/unitok,flowers102,unitok,classifier_4_blocks_avgpool_True_lr_0_01000,0.02,0.01,4,True,evaluated,97.55,99.61,False,1
flowers102/unitok,flowers102,unitok,classifier_4_blocks_avgpool_True_lr_0_02500,0.05,0.025,4,True,evaluated,97.25,99.51,False,1
flowers102/unitok,flowers102,unitok,classifier_4_blocks_avgpool_True_lr_0_05000,0.1,0.05,4,True,evaluated,96.96,99.41,False,1
flowers102/vilau,flowers102,vilau,classifier_1_blocks_avgpool_False_lr_0_00001,1e-05,5e-06,1,False,missing_name_collision,,,False,2
flowers102/vilau,flowers102,vilau,classifier_1_blocks_avgpool_False_lr_0_00001,2e-05,1e-05,1,False,evaluated,3.82,15.69,False,2
flowers102/vilau,flowers102,vilau,classifier_1_blocks_avgpool_False_lr_0_00003,5e-05,2.5e-05,1,False,evaluated,26.47,54.71,False,1
flowers102/vilau,flowers102,vilau,classifier_1_blocks_avgpool_False_lr_0_00005,0.0001,5e-05,1,False,evaluated,62.16,87.16,False,1
flowers102/vilau,flowers102,vilau,classifier_1_blocks_avgpool_False_lr_0_00010,0.0002,0.0001,1,False,evaluated,87.25,97.35,False,1
flowers102/vilau,flowers102,vilau,classifier_1_blocks_avgpool_False_lr_0_00025,0.0005,0.00025,1,False,evaluated,96.18,99.61,False,1
flowers102/vilau,flowers102,vilau,classifier_1_blocks_avgpool_False_lr_0_00050,0.001,0.0005,1,False,evaluated,98.33,99.8,False,1
flowers102/vilau,flowers102,vilau,classifier_1_blocks_avgpool_False_lr_0_00100,0.002,0.001,1,False,evaluated,98.63,99.8,False,1
flowers102/vilau,flowers102,vilau,classifier_1_blocks_avgpool_False_lr_0_00250,0.005,0.0025,1,False,evaluated,99.02,99.8,False,1
flowers102/vilau,flowers102,vilau,classifier_1_blocks_avgpool_False_lr_0_00500,0.01,0.005,1,False,evaluated,99.12,99.8,False,1
flowers102/vilau,flowers102,vilau,classifier_1_blocks_avgpool_False_lr_0_01000,0.02,0.01,1,False,evaluated,99.41,99.8,True,1
flowers102/vilau,flowers102,vilau,classifier_1_blocks_avgpool_False_lr_0_02500,0.05,0.025,1,False,evaluated,99.22,99.8,False,1
flowers102/vilau,flowers102,vilau,classifier_1_blocks_avgpool_False_lr_0_05000,0.1,0.05,1,False,evaluated,99.22,99.8,False,1
flowers102/vilau,flowers102,vilau,classifier_1_blocks_avgpool_True_lr_0_00001,1e-05,5e-06,1,True,missing_name_collision,,,False,2
flowers102/vilau,flowers102,vilau,classifier_1_blocks_avgpool_True_lr_0_00001,2e-05,1e-05,1,True,evaluated,7.55,22.25,False,2
flowers102/vilau,flowers102,vilau,classifier_1_blocks_avgpool_True_lr_0_00003,5e-05,2.5e-05,1,True,evaluated,42.45,71.96,False,1
flowers102/vilau,flowers102,vilau,classifier_1_blocks_avgpool_True_lr_0_00005,0.0001,5e-05,1,True,evaluated,80.49,96.08,False,1
flowers102/vilau,flowers102,vilau,classifier_1_blocks_avgpool_True_lr_0_00010,0.0002,0.0001,1,True,evaluated,93.33,99.51,False,1
flowers102/vilau,flowers102,vilau,classifier_1_blocks_avgpool_True_lr_0_00025,0.0005,0.00025,1,True,evaluated,97.94,99.61,False,1
flowers102/vilau,flowers102,vilau,classifier_1_blocks_avgpool_True_lr_0_00050,0.001,0.0005,1,True,evaluated,98.63,99.8,False,1
flowers102/vilau,flowers102,vilau,classifier_1_blocks_avgpool_True_lr_0_00100,0.002,0.001,1,True,evaluated,98.82,99.71,False,1
flowers102/vilau,flowers102,vilau,classifier_1_blocks_avgpool_True_lr_0_00250,0.005,0.0025,1,True,evaluated,99.02,99.8,False,1
flowers102/vilau,flowers102,vilau,classifier_1_blocks_avgpool_True_lr_0_00500,0.01,0.005,1,True,evaluated,99.41,99.8,False,1
flowers102/vilau,flowers102,vilau,classifier_1_blocks_avgpool_True_lr_0_01000,0.02,0.01,1,True,evaluated,99.22,99.8,False,1
flowers102/vilau,flowers102,vilau,classifier_1_blocks_avgpool_True_lr_0_02500,0.05,0.025,1,True,evaluated,99.22,99.8,False,1
flowers102/vilau,flowers102,vilau,classifier_1_blocks_avgpool_True_lr_0_05000,0.1,0.05,1,True,evaluated,99.22,99.8,False,1
flowers102/vilau,flowers102,vilau,classifier_4_blocks_avgpool_False_lr_0_00001,1e-05,5e-06,4,False,missing_name_collision,,,False,2
flowers102/vilau,flowers102,vilau,classifier_4_blocks_avgpool_False_lr_0_00001,2e-05,1e-05,4,False,evaluated,16.18,39.12,False,2
flowers102/vilau,flowers102,vilau,classifier_4_blocks_avgpool_False_lr_0_00003,5e-05,2.5e-05,4,False,evaluated,68.63,91.96,False,1
flowers102/vilau,flowers102,vilau,classifier_4_blocks_avgpool_False_lr_0_00005,0.0001,5e-05,4,False,evaluated,90.39,98.92,False,1
flowers102/vilau,flowers102,vilau,classifier_4_blocks_avgpool_False_lr_0_00010,0.0002,0.0001,4,False,evaluated,96.86,99.71,False,1
flowers102/vilau,flowers102,vilau,classifier_4_blocks_avgpool_False_lr_0_00025,0.0005,0.00025,4,False,evaluated,98.53,99.8,False,1
flowers102/vilau,flowers102,vilau,classifier_4_blocks_avgpool_False_lr_0_00050,0.001,0.0005,4,False,evaluated,98.82,99.8,False,1
flowers102/vilau,flowers102,vilau,classifier_4_blocks_avgpool_False_lr_0_00100,0.002,0.001,4,False,evaluated,99.12,99.8,False,1
flowers102/vilau,flowers102,vilau,classifier_4_blocks_avgpool_False_lr_0_00250,0.005,0.0025,4,False,evaluated,99.22,99.71,False,1
flowers102/vilau,flowers102,vilau,classifier_4_blocks_avgpool_False_lr_0_00500,0.01,0.005,4,False,evaluated,99.22,99.8,False,1
flowers102/vilau,flowers102,vilau,classifier_4_blocks_avgpool_False_lr_0_01000,0.02,0.01,4,False,evaluated,99.31,99.71,False,1
flowers102/vilau,flowers102,vilau,classifier_4_blocks_avgpool_False_lr_0_02500,0.05,0.025,4,False,evaluated,99.22,99.8,False,1
flowers102/vilau,flowers102,vilau,classifier_4_blocks_avgpool_False_lr_0_05000,0.1,0.05,4,False,evaluated,99.31,99.8,False,1
flowers102/vilau,flowers102,vilau,classifier_4_blocks_avgpool_True_lr_0_00001,1e-05,5e-06,4,True,missing_name_collision,,,False,2
flowers102/vilau,flowers102,vilau,classifier_4_blocks_avgpool_True_lr_0_00001,2e-05,1e-05,4,True,evaluated,24.22,49.51,False,2
flowers102/vilau,flowers102,vilau,classifier_4_blocks_avgpool_True_lr_0_00003,5e-05,2.5e-05,4,True,evaluated,72.84,94.31,False,1
flowers102/vilau,flowers102,vilau,classifier_4_blocks_avgpool_True_lr_0_00005,0.0001,5e-05,4,True,evaluated,92.55,99.51,False,1
flowers102/vilau,flowers102,vilau,classifier_4_blocks_avgpool_True_lr_0_00010,0.0002,0.0001,4,True,evaluated,97.45,99.71,False,1
flowers102/vilau,flowers102,vilau,classifier_4_blocks_avgpool_True_lr_0_00025,0.0005,0.00025,4,True,evaluated,98.82,99.8,False,1
flowers102/vilau,flowers102,vilau,classifier_4_blocks_avgpool_True_lr_0_00050,0.001,0.0005,4,True,evaluated,99.12,99.71,False,1
flowers102/vilau,flowers102,vilau,classifier_4_blocks_avgpool_True_lr_0_00100,0.002,0.001,4,True,evaluated,98.92,99.71,False,1
flowers102/vilau,flowers102,vilau,classifier_4_blocks_avgpool_True_lr_0_00250,0.005,0.0025,4,True,evaluated,99.31,99.71,False,1
flowers102/vilau,flowers102,vilau,classifier_4_blocks_avgpool_True_lr_0_00500,0.01,0.005,4,True,evaluated,99.22,99.8,False,1
flowers102/vilau,flowers102,vilau,classifier_4_blocks_avgpool_True_lr_0_01000,0.02,0.01,4,True,evaluated,99.31,99.8,False,1
flowers102/vilau,flowers102,vilau,classifier_4_blocks_avgpool_True_lr_0_02500,0.05,0.025,4,True,evaluated,99.12,99.8,False,1
flowers102/vilau,flowers102,vilau,classifier_4_blocks_avgpool_True_lr_0_05000,0.1,0.05,4,True,evaluated,98.92,99.8,False,1
food101/metaclip,food101,metaclip,classifier_1_blocks_avgpool_False_lr_0_00001,1e-05,5e-06,1,False,missing_name_collision,,,False,2
food101/metaclip,food101,metaclip,classifier_1_blocks_avgpool_False_lr_0_00001,2e-05,1e-05,1,False,evaluated,39.54,70.23,False,2
food101/metaclip,food101,metaclip,classifier_1_blocks_avgpool_False_lr_0_00003,5e-05,2.5e-05,1,False,evaluated,69.17,93.59,False,1
food101/metaclip,food101,metaclip,classifier_1_blocks_avgpool_False_lr_0_00005,0.0001,5e-05,1,False,evaluated,78.99,96.5,False,1
food101/metaclip,food101,metaclip,classifier_1_blocks_avgpool_False_lr_0_00010,0.0002,0.0001,1,False,evaluated,84.67,97.56,False,1
food101/metaclip,food101,metaclip,classifier_1_blocks_avgpool_False_lr_0_00025,0.0005,0.00025,1,False,evaluated,87.63,98.17,False,1
food101/metaclip,food101,metaclip,classifier_1_blocks_avgpool_False_lr_0_00050,0.001,0.0005,1,False,evaluated,89.03,98.44,False,1
food101/metaclip,food101,metaclip,classifier_1_blocks_avgpool_False_lr_0_00100,0.002,0.001,1,False,evaluated,90.01,98.63,False,1
food101/metaclip,food101,metaclip,classifier_1_blocks_avgpool_False_lr_0_00250,0.005,0.0025,1,False,evaluated,90.86,98.73,False,1
food101/metaclip,food101,metaclip,classifier_1_blocks_avgpool_False_lr_0_00500,0.01,0.005,1,False,evaluated,91.24,98.77,False,1
food101/metaclip,food101,metaclip,classifier_1_blocks_avgpool_False_lr_0_01000,0.02,0.01,1,False,evaluated,91.47,98.84,False,1
food101/metaclip,food101,metaclip,classifier_1_blocks_avgpool_False_lr_0_02500,0.05,0.025,1,False,evaluated,91.55,98.86,False,1
food101/metaclip,food101,metaclip,classifier_1_blocks_avgpool_False_lr_0_05000,0.1,0.05,1,False,evaluated,91.55,98.84,False,1
food101/metaclip,food101,metaclip,classifier_1_blocks_avgpool_True_lr_0_00001,1e-05,5e-06,1,True,missing_name_collision,,,False,2
food101/metaclip,food101,metaclip,classifier_1_blocks_avgpool_True_lr_0_00001,2e-05,1e-05,1,True,evaluated,43.49,74.94,False,2
food101/metaclip,food101,metaclip,classifier_1_blocks_avgpool_True_lr_0_00003,5e-05,2.5e-05,1,True,evaluated,68.13,93.18,False,1
food101/metaclip,food101,metaclip,classifier_1_blocks_avgpool_True_lr_0_00005,0.0001,5e-05,1,True,evaluated,79.49,96.59,False,1
food101/metaclip,food101,metaclip,classifier_1_blocks_avgpool_True_lr_0_00010,0.0002,0.0001,1,True,evaluated,84.97,97.64,False,1
food101/metaclip,food101,metaclip,classifier_1_blocks_avgpool_True_lr_0_00025,0.0005,0.00025,1,True,evaluated,87.78,98.2,False,1
food101/metaclip,food101,metaclip,classifier_1_blocks_avgpool_True_lr_0_00050,0.001,0.0005,1,True,evaluated,89.05,98.47,False,1
food101/metaclip,food101,metaclip,classifier_1_blocks_avgpool_True_lr_0_00100,0.002,0.001,1,True,evaluated,90.1,98.66,False,1
food101/metaclip,food101,metaclip,classifier_1_blocks_avgpool_True_lr_0_00250,0.005,0.0025,1,True,evaluated,91.01,98.74,False,1
food101/metaclip,food101,metaclip,classifier_1_blocks_avgpool_True_lr_0_00500,0.01,0.005,1,True,evaluated,91.32,98.82,False,1
food101/metaclip,food101,metaclip,classifier_1_blocks_avgpool_True_lr_0_01000,0.02,0.01,1,True,evaluated,91.56,98.86,False,1
food101/metaclip,food101,metaclip,classifier_1_blocks_avgpool_True_lr_0_02500,0.05,0.025,1,True,evaluated,91.74,98.89,True,1
food101/metaclip,food101,metaclip,classifier_1_blocks_avgpool_True_lr_0_05000,0.1,0.05,1,True,evaluated,91.55,98.87,False,1
food101/metaclip,food101,metaclip,classifier_4_blocks_avgpool_False_lr_0_00001,1e-05,5e-06,4,False,missing_name_collision,,,False,2
food101/metaclip,food101,metaclip,classifier_4_blocks_avgpool_False_lr_0_00001,2e-05,1e-05,4,False,evaluated,38.68,72.46,False,2
food101/metaclip,food101,metaclip,classifier_4_blocks_avgpool_False_lr_0_00003,5e-05,2.5e-05,4,False,evaluated,67.15,92.54,False,1
food101/metaclip,food101,metaclip,classifier_4_blocks_avgpool_False_lr_0_00005,0.0001,5e-05,4,False,evaluated,78.2,96.18,False,1
food101/metaclip,food101,metaclip,classifier_4_blocks_avgpool_False_lr_0_00010,0.0002,0.0001,4,False,evaluated,84.52,97.39,False,1
food101/metaclip,food101,metaclip,classifier_4_blocks_avgpool_False_lr_0_00025,0.0005,0.00025,4,False,evaluated,87.54,98.06,False,1
food101/metaclip,food101,metaclip,classifier_4_blocks_avgpool_False_lr_0_00050,0.001,0.0005,4,False,evaluated,89.15,98.45,False,1
food101/metaclip,food101,metaclip,classifier_4_blocks_avgpool_False_lr_0_00100,0.002,0.001,4,False,evaluated,90.13,98.61,False,1
food101/metaclip,food101,metaclip,classifier_4_blocks_avgpool_False_lr_0_00250,0.005,0.0025,4,False,evaluated,91.07,98.74,False,1
food101/metaclip,food101,metaclip,classifier_4_blocks_avgpool_False_lr_0_00500,0.01,0.005,4,False,evaluated,91.38,98.84,False,1
food101/metaclip,food101,metaclip,classifier_4_blocks_avgpool_False_lr_0_01000,0.02,0.01,4,False,evaluated,91.56,98.88,False,1
food101/metaclip,food101,metaclip,classifier_4_blocks_avgpool_False_lr_0_02500,0.05,0.025,4,False,evaluated,91.54,98.91,False,1
food101/metaclip,food101,metaclip,classifier_4_blocks_avgpool_False_lr_0_05000,0.1,0.05,4,False,evaluated,90.95,98.74,False,1
food101/metaclip,food101,metaclip,classifier_4_blocks_avgpool_True_lr_0_00001,1e-05,5e-06,4,True,missing_name_collision,,,False,2
food101/metaclip,food101,metaclip,classifier_4_blocks_avgpool_True_lr_0_00001,2e-05,1e-05,4,True,evaluated,38.76,71.41,False,2
food101/metaclip,food101,metaclip,classifier_4_blocks_avgpool_True_lr_0_00003,5e-05,2.5e-05,4,True,evaluated,67.56,92.95,False,1
food101/metaclip,food101,metaclip,classifier_4_blocks_avgpool_True_lr_0_00005,0.0001,5e-05,4,True,evaluated,79.31,96.43,False,1
food101/metaclip,food101,metaclip,classifier_4_blocks_avgpool_True_lr_0_00010,0.0002,0.0001,4,True,evaluated,84.88,97.37,False,1
food101/metaclip,food101,metaclip,classifier_4_blocks_avgpool_True_lr_0_00025,0.0005,0.00025,4,True,evaluated,87.74,98.13,False,1
food101/metaclip,food101,metaclip,classifier_4_blocks_avgpool_True_lr_0_00050,0.001,0.0005,4,True,evaluated,89.18,98.53,False,1
food101/metaclip,food101,metaclip,classifier_4_blocks_avgpool_True_lr_0_00100,0.002,0.001,4,True,evaluated,90.29,98.64,False,1
food101/metaclip,food101,metaclip,classifier_4_blocks_avgpool_True_lr_0_00250,0.005,0.0025,4,True,evaluated,91.18,98.76,False,1
food101/metaclip,food101,metaclip,classifier_4_blocks_avgpool_True_lr_0_00500,0.01,0.005,4,True,evaluated,91.47,98.83,False,1
food101/metaclip,food101,metaclip,classifier_4_blocks_avgpool_True_lr_0_01000,0.02,0.01,4,True,evaluated,91.6,98.89,False,1
food101/metaclip,food101,metaclip,classifier_4_blocks_avgpool_True_lr_0_02500,0.05,0.025,4,True,evaluated,91.56,98.88,False,1
food101/metaclip,food101,metaclip,classifier_4_blocks_avgpool_True_lr_0_05000,0.1,0.05,4,True,evaluated,91.05,98.73,False,1
food101/toklipl,food101,toklipl,classifier_1_blocks_avgpool_False_lr_0_00001,1e-05,5e-06,1,False,missing_name_collision,,,False,2
food101/toklipl,food101,toklipl,classifier_1_blocks_avgpool_False_lr_0_00001,2e-05,1e-05,1,False,evaluated,19.14,44.84,False,2
food101/toklipl,food101,toklipl,classifier_1_blocks_avgpool_False_lr_0_00003,5e-05,2.5e-05,1,False,evaluated,55.41,81.86,False,1
food101/toklipl,food101,toklipl,classifier_1_blocks_avgpool_False_lr_0_00005,0.0001,5e-05,1,False,evaluated,70.07,92.41,False,1
food101/toklipl,food101,toklipl,classifier_1_blocks_avgpool_False_lr_0_00010,0.0002,0.0001,1,False,evaluated,76.39,94.93,False,1
food101/toklipl,food101,toklipl,classifier_1_blocks_avgpool_False_lr_0_00025,0.0005,0.00025,1,False,evaluated,83.59,96.72,False,1
food101/toklipl,food101,toklipl,classifier_1_blocks_avgpool_False_lr_0_00050,0.001,0.0005,1,False,evaluated,86.34,97.39,False,1
food101/toklipl,food101,toklipl,classifier_1_blocks_avgpool_False_lr_0_00100,0.002,0.001,1,False,evaluated,88.08,97.81,False,1
food101/toklipl,food101,toklipl,classifier_1_blocks_avgpool_False_lr_0_00250,0.005,0.0025,1,False,evaluated,89.66,98.28,False,1
food101/toklipl,food101,toklipl,classifier_1_blocks_avgpool_False_lr_0_00500,0.01,0.005,1,False,evaluated,90.55,98.51,False,1
food101/toklipl,food101,toklipl,classifier_1_blocks_avgpool_False_lr_0_01000,0.02,0.01,1,False,evaluated,91.37,98.63,False,1
food101/toklipl,food101,toklipl,classifier_1_blocks_avgpool_False_lr_0_02500,0.05,0.025,1,False,evaluated,92.06,98.8,False,1
food101/toklipl,food101,toklipl,classifier_1_blocks_avgpool_False_lr_0_05000,0.1,0.05,1,False,evaluated,92.46,98.87,False,1
food101/toklipl,food101,toklipl,classifier_1_blocks_avgpool_True_lr_0_00001,1e-05,5e-06,1,True,missing_name_collision,,,False,2
food101/toklipl,food101,toklipl,classifier_1_blocks_avgpool_True_lr_0_00001,2e-05,1e-05,1,True,evaluated,29.31,59.89,False,2
food101/toklipl,food101,toklipl,classifier_1_blocks_avgpool_True_lr_0_00003,5e-05,2.5e-05,1,True,evaluated,63.16,89.04,False,1
food101/toklipl,food101,toklipl,classifier_1_blocks_avgpool_True_lr_0_00005,0.0001,5e-05,1,True,evaluated,75.07,94.43,False,1
food101/toklipl,food101,toklipl,classifier_1_blocks_avgpool_True_lr_0_00010,0.0002,0.0001,1,True,evaluated,81.76,96.32,False,1
food101/toklipl,food101,toklipl,classifier_1_blocks_avgpool_True_lr_0_00025,0.0005,0.00025,1,True,evaluated,86.44,97.34,False,1
food101/toklipl,food101,toklipl,classifier_1_blocks_avgpool_True_lr_0_00050,0.001,0.0005,1,True,evaluated,88.09,97.83,False,1
food101/toklipl,food101,toklipl,classifier_1_blocks_avgpool_True_lr_0_00100,0.002,0.001,1,True,evaluated,89.28,98.15,False,1
food101/toklipl,food101,toklipl,classifier_1_blocks_avgpool_True_lr_0_00250,0.005,0.0025,1,True,evaluated,90.64,98.5,False,1
food101/toklipl,food101,toklipl,classifier_1_blocks_avgpool_True_lr_0_00500,0.01,0.005,1,True,evaluated,91.41,98.62,False,1
food101/toklipl,food101,toklipl,classifier_1_blocks_avgpool_True_lr_0_01000,0.02,0.01,1,True,evaluated,91.96,98.76,False,1
food101/toklipl,food101,toklipl,classifier_1_blocks_avgpool_True_lr_0_02500,0.05,0.025,1,True,evaluated,92.42,98.88,False,1
food101/toklipl,food101,toklipl,classifier_1_blocks_avgpool_True_lr_0_05000,0.1,0.05,1,True,evaluated,92.63,98.94,False,1
food101/toklipl,food101,toklipl,classifier_4_blocks_avgpool_False_lr_0_00001,1e-05,5e-06,4,False,missing_name_collision,,,False,2
food101/toklipl,food101,toklipl,classifier_4_blocks_avgpool_False_lr_0_00001,2e-05,1e-05,4,False,evaluated,47.53,76.46,False,2
food101/toklipl,food101,toklipl,classifier_4_blocks_avgpool_False_lr_0_00003,5e-05,2.5e-05,4,False,evaluated,72.66,93.1,False,1
food101/toklipl,food101,toklipl,classifier_4_blocks_avgpool_False_lr_0_00005,0.0001,5e-05,4,False,evaluated,80.84,95.85,False,1
food101/toklipl,food101,toklipl,classifier_4_blocks_avgpool_False_lr_0_00010,0.0002,0.0001,4,False,evaluated,85.22,97.15,False,1
food101/toklipl,food101,toklipl,classifier_4_blocks_avgpool_False_lr_0_00025,0.0005,0.00025,4,False,evaluated,88.01,97.75,False,1
food101/toklipl,food101,toklipl,classifier_4_blocks_avgpool_False_lr_0_00050,0.001,0.0005,4,False,evaluated,89.36,98.17,False,1
food101/toklipl,food101,toklipl,classifier_4_blocks_avgpool_False_lr_0_00100,0.002,0.001,4,False,evaluated,90.25,98.43,False,1
food101/toklipl,food101,toklipl,classifier_4_blocks_avgpool_False_lr_0_00250,0.005,0.0025,4,False,evaluated,91.41,98.6,False,1
food101/toklipl,food101,toklipl,classifier_4_blocks_avgpool_False_lr_0_00500,0.01,0.005,4,False,evaluated,91.94,98.76,False,1
food101/toklipl,food101,toklipl,classifier_4_blocks_avgpool_False_lr_0_01000,0.02,0.01,4,False,evaluated,92.29,98.86,False,1
food101/toklipl,food101,toklipl,classifier_4_blocks_avgpool_False_lr_0_02500,0.05,0.025,4,False,evaluated,92.65,98.94,False,1
food101/toklipl,food101,toklipl,classifier_4_blocks_avgpool_False_lr_0_05000,0.1,0.05,4,False,evaluated,92.69,98.81,False,1
food101/toklipl,food101,toklipl,classifier_4_blocks_avgpool_True_lr_0_00001,1e-05,5e-06,4,True,missing_name_collision,,,False,2
food101/toklipl,food101,toklipl,classifier_4_blocks_avgpool_True_lr_0_00001,2e-05,1e-05,4,True,evaluated,52.78,80.84,False,2
food101/toklipl,food101,toklipl,classifier_4_blocks_avgpool_True_lr_0_00003,5e-05,2.5e-05,4,True,evaluated,74.86,94.07,False,1
food101/toklipl,food101,toklipl,classifier_4_blocks_avgpool_True_lr_0_00005,0.0001,5e-05,4,True,evaluated,82.74,96.36,False,1
food101/toklipl,food101,toklipl,classifier_4_blocks_avgpool_True_lr_0_00010,0.0002,0.0001,4,True,evaluated,85.9,97.26,False,1
food101/toklipl,food101,toklipl,classifier_4_blocks_avgpool_True_lr_0_00025,0.0005,0.00025,4,True,evaluated,88.27,97.9,False,1
food101/toklipl,food101,toklipl,classifier_4_blocks_avgpool_True_lr_0_00050,0.001,0.0005,4,True,evaluated,89.63,98.26,False,1
food101/toklipl,food101,toklipl,classifier_4_blocks_avgpool_True_lr_0_00100,0.002,0.001,4,True,evaluated,90.64,98.52,False,1
food101/toklipl,food101,toklipl,classifier_4_blocks_avgpool_True_lr_0_00250,0.005,0.0025,4,True,evaluated,91.57,98.67,False,1
food101/toklipl,food101,toklipl,classifier_4_blocks_avgpool_True_lr_0_00500,0.01,0.005,4,True,evaluated,92.11,98.81,False,1
food101/toklipl,food101,toklipl,classifier_4_blocks_avgpool_True_lr_0_01000,0.02,0.01,4,True,evaluated,92.42,98.88,False,1
food101/toklipl,food101,toklipl,classifier_4_blocks_avgpool_True_lr_0_02500,0.05,0.025,4,True,evaluated,92.7,98.9,True,1
food101/toklipl,food101,toklipl,classifier_4_blocks_avgpool_True_lr_0_05000,0.1,0.05,4,True,evaluated,92.59,98.78,False,1
food101/toklips,food101,toklips,classifier_1_blocks_avgpool_False_lr_0_00001,1e-05,5e-06,1,False,missing_name_collision,,,False,2
food101/toklips,food101,toklips,classifier_1_blocks_avgpool_False_lr_0_00001,2e-05,1e-05,1,False,evaluated,18.0,42.85,False,2
food101/toklips,food101,toklips,classifier_1_blocks_avgpool_False_lr_0_00003,5e-05,2.5e-05,1,False,evaluated,48.8,80.09,False,1
food101/toklips,food101,toklips,classifier_1_blocks_avgpool_False_lr_0_00005,0.0001,5e-05,1,False,evaluated,65.09,89.59,False,1
food101/toklips,food101,toklips,classifier_1_blocks_avgpool_False_lr_0_00010,0.0002,0.0001,1,False,evaluated,70.8,92.53,False,1
food101/toklips,food101,toklips,classifier_1_blocks_avgpool_False_lr_0_00025,0.0005,0.00025,1,False,evaluated,78.75,94.81,False,1
food101/toklips,food101,toklips,classifier_1_blocks_avgpool_False_lr_0_00050,0.001,0.0005,1,False,evaluated,81.95,95.62,False,1
food101/toklips,food101,toklips,classifier_1_blocks_avgpool_False_lr_0_00100,0.002,0.001,1,False,evaluated,83.78,96.39,False,1
food101/toklips,food101,toklips,classifier_1_blocks_avgpool_False_lr_0_00250,0.005,0.0025,1,False,evaluated,85.74,97.02,False,1
food101/toklips,food101,toklips,classifier_1_blocks_avgpool_False_lr_0_00500,0.01,0.005,1,False,evaluated,86.96,97.33,False,1
food101/toklips,food101,toklips,classifier_1_blocks_avgpool_False_lr_0_01000,0.02,0.01,1,False,evaluated,87.76,97.6,False,1
food101/toklips,food101,toklips,classifier_1_blocks_avgpool_False_lr_0_02500,0.05,0.025,1,False,evaluated,88.57,97.84,False,1
food101/toklips,food101,toklips,classifier_1_blocks_avgpool_False_lr_0_05000,0.1,0.05,1,False,evaluated,89.09,97.97,False,1
food101/toklips,food101,toklips,classifier_1_blocks_avgpool_True_lr_0_00001,1e-05,5e-06,1,True,missing_name_collision,,,False,2
food101/toklips,food101,toklips,classifier_1_blocks_avgpool_True_lr_0_00001,2e-05,1e-05,1,True,evaluated,30.73,58.29,False,2
food101/toklips,food101,toklips,classifier_1_blocks_avgpool_True_lr_0_00003,5e-05,2.5e-05,1,True,evaluated,58.36,85.86,False,1
food101/toklips,food101,toklips,classifier_1_blocks_avgpool_True_lr_0_00005,0.0001,5e-05,1,True,evaluated,70.65,92.05,False,1
food101/toklips,food101,toklips,classifier_1_blocks_avgpool_True_lr_0_00010,0.0002,0.0001,1,True,evaluated,76.65,94.1,False,1
food101/toklips,food101,toklips,classifier_1_blocks_avgpool_True_lr_0_00025,0.0005,0.00025,1,True,evaluated,81.89,95.53,False,1
food101/toklips,food101,toklips,classifier_1_blocks_avgpool_True_lr_0_00050,0.001,0.0005,1,True,evaluated,83.78,96.34,False,1
food101/toklips,food101,toklips,classifier_1_blocks_avgpool_True_lr_0_00100,0.002,0.001,1,True,evaluated,85.26,96.93,False,1
food101/toklips,food101,toklips,classifier_1_blocks_avgpool_True_lr_0_00250,0.005,0.0025,1,True,evaluated,86.92,97.32,False,1
food101/toklips,food101,toklips,classifier_1_blocks_avgpool_True_lr_0_00500,0.01,0.005,1,True,evaluated,87.74,97.58,False,1
food101/toklips,food101,toklips,classifier_1_blocks_avgpool_True_lr_0_01000,0.02,0.01,1,True,evaluated,88.32,97.79,False,1
food101/toklips,food101,toklips,classifier_1_blocks_avgpool_True_lr_0_02500,0.05,0.025,1,True,evaluated,89.09,97.98,False,1
food101/toklips,food101,toklips,classifier_1_blocks_avgpool_True_lr_0_05000,0.1,0.05,1,True,evaluated,89.31,98.06,False,1
food101/toklips,food101,toklips,classifier_4_blocks_avgpool_False_lr_0_00001,1e-05,5e-06,4,False,missing_name_collision,,,False,2
food101/toklips,food101,toklips,classifier_4_blocks_avgpool_False_lr_0_00001,2e-05,1e-05,4,False,evaluated,43.1,73.54,False,2
food101/toklips,food101,toklips,classifier_4_blocks_avgpool_False_lr_0_00003,5e-05,2.5e-05,4,False,evaluated,67.51,89.79,False,1
food101/toklips,food101,toklips,classifier_4_blocks_avgpool_False_lr_0_00005,0.0001,5e-05,4,False,evaluated,75.79,93.75,False,1
food101/toklips,food101,toklips,classifier_4_blocks_avgpool_False_lr_0_00010,0.0002,0.0001,4,False,evaluated,80.69,95.2,False,1
food101/toklips,food101,toklips,classifier_4_blocks_avgpool_False_lr_0_00025,0.0005,0.00025,4,False,evaluated,83.66,96.32,False,1
food101/toklips,food101,toklips,classifier_4_blocks_avgpool_False_lr_0_00050,0.001,0.0005,4,False,evaluated,85.31,96.84,False,1
food101/toklips,food101,toklips,classifier_4_blocks_avgpool_False_lr_0_00100,0.002,0.001,4,False,evaluated,86.5,97.22,False,1
food101/toklips,food101,toklips,classifier_4_blocks_avgpool_False_lr_0_00250,0.005,0.0025,4,False,evaluated,87.73,97.59,False,1
food101/toklips,food101,toklips,classifier_4_blocks_avgpool_False_lr_0_00500,0.01,0.005,4,False,evaluated,88.4,97.78,False,1
food101/toklips,food101,toklips,classifier_4_blocks_avgpool_False_lr_0_01000,0.02,0.01,4,False,evaluated,88.92,97.9,False,1
food101/toklips,food101,toklips,classifier_4_blocks_avgpool_False_lr_0_02500,0.05,0.025,4,False,evaluated,89.31,98.03,False,1
food101/toklips,food101,toklips,classifier_4_blocks_avgpool_False_lr_0_05000,0.1,0.05,4,False,evaluated,89.37,97.98,False,1
food101/toklips,food101,toklips,classifier_4_blocks_avgpool_True_lr_0_00001,1e-05,5e-06,4,True,missing_name_collision,,,False,2
food101/toklips,food101,toklips,classifier_4_blocks_avgpool_True_lr_0_00001,2e-05,1e-05,4,True,evaluated,46.63,76.6,False,2
food101/toklips,food101,toklips,classifier_4_blocks_avgpool_True_lr_0_00003,5e-05,2.5e-05,4,True,evaluated,69.38,91.19,False,1
food101/toklips,food101,toklips,classifier_4_blocks_avgpool_True_lr_0_00005,0.0001,5e-05,4,True,evaluated,77.19,94.25,False,1
food101/toklips,food101,toklips,classifier_4_blocks_avgpool_True_lr_0_00010,0.0002,0.0001,4,True,evaluated,81.7,95.49,False,1
food101/toklips,food101,toklips,classifier_4_blocks_avgpool_True_lr_0_00025,0.0005,0.00025,4,True,evaluated,84.3,96.52,False,1
food101/toklips,food101,toklips,classifier_4_blocks_avgpool_True_lr_0_00050,0.001,0.0005,4,True,evaluated,85.73,97.03,False,1
food101/toklips,food101,toklips,classifier_4_blocks_avgpool_True_lr_0_00100,0.002,0.001,4,True,evaluated,86.87,97.33,False,1
food101/toklips,food101,toklips,classifier_4_blocks_avgpool_True_lr_0_00250,0.005,0.0025,4,True,evaluated,87.97,97.66,False,1
food101/toklips,food101,toklips,classifier_4_blocks_avgpool_True_lr_0_00500,0.01,0.005,4,True,evaluated,88.59,97.81,False,1
food101/toklips,food101,toklips,classifier_4_blocks_avgpool_True_lr_0_01000,0.02,0.01,4,True,evaluated,89.05,97.96,False,1
food101/toklips,food101,toklips,classifier_4_blocks_avgpool_True_lr_0_02500,0.05,0.025,4,True,evaluated,89.4,98.06,True,1
food101/toklips,food101,toklips,classifier_4_blocks_avgpool_True_lr_0_05000,0.1,0.05,4,True,evaluated,89.26,97.93,False,1
food101/unitok,food101,unitok,classifier_1_blocks_avgpool_False_lr_0_00001,1e-05,5e-06,1,False,missing_name_collision,,,False,2
food101/unitok,food101,unitok,classifier_1_blocks_avgpool_False_lr_0_00001,2e-05,1e-05,1,False,evaluated,62.53,89.59,False,2
food101/unitok,food101,unitok,classifier_1_blocks_avgpool_False_lr_0_00003,5e-05,2.5e-05,1,False,evaluated,83.16,97.89,False,1
food101/unitok,food101,unitok,classifier_1_blocks_avgpool_False_lr_0_00005,0.0001,5e-05,1,False,evaluated,88.36,98.51,False,1
food101/unitok,food101,unitok,classifier_1_blocks_avgpool_False_lr_0_00010,0.0002,0.0001,1,False,evaluated,90.18,98.78,False,1
food101/unitok,food101,unitok,classifier_1_blocks_avgpool_False_lr_0_00025,0.0005,0.00025,1,False,evaluated,91.13,98.9,False,1
food101/unitok,food101,unitok,classifier_1_blocks_avgpool_False_lr_0_00050,0.001,0.0005,1,False,evaluated,91.69,99.03,False,1
food101/unitok,food101,unitok,classifier_1_blocks_avgpool_False_lr_0_00100,0.002,0.001,1,False,evaluated,92.16,99.05,False,1
food101/unitok,food101,unitok,classifier_1_blocks_avgpool_False_lr_0_00250,0.005,0.0025,1,False,evaluated,92.53,99.14,False,1
food101/unitok,food101,unitok,classifier_1_blocks_avgpool_False_lr_0_00500,0.01,0.005,1,False,evaluated,92.71,99.16,False,1
food101/unitok,food101,unitok,classifier_1_blocks_avgpool_False_lr_0_01000,0.02,0.01,1,False,evaluated,92.75,99.19,False,1
food101/unitok,food101,unitok,classifier_1_blocks_avgpool_False_lr_0_02500,0.05,0.025,1,False,evaluated,92.78,99.19,False,1
food101/unitok,food101,unitok,classifier_1_blocks_avgpool_False_lr_0_05000,0.1,0.05,1,False,evaluated,92.7,99.14,False,1
food101/unitok,food101,unitok,classifier_1_blocks_avgpool_True_lr_0_00001,1e-05,5e-06,1,True,missing_name_collision,,,False,2
food101/unitok,food101,unitok,classifier_1_blocks_avgpool_True_lr_0_00001,2e-05,1e-05,1,True,evaluated,63.5,91.4,False,2
food101/unitok,food101,unitok,classifier_1_blocks_avgpool_True_lr_0_00003,5e-05,2.5e-05,1,True,evaluated,84.67,97.8,False,1
food101/unitok,food101,unitok,classifier_1_blocks_avgpool_True_lr_0_00005,0.0001,5e-05,1,True,evaluated,88.63,98.48,False,1
food101/unitok,food101,unitok,classifier_1_blocks_avgpool_True_lr_0_00010,0.0002,0.0001,1,True,evaluated,90.3,98.74,False,1
food101/unitok,food101,unitok,classifier_1_blocks_avgpool_True_lr_0_00025,0.0005,0.00025,1,True,evaluated,91.32,98.93,False,1
food101/unitok,food101,unitok,classifier_1_blocks_avgpool_True_lr_0_00050,0.001,0.0005,1,True,evaluated,91.76,98.96,False,1
food101/unitok,food101,unitok,classifier_1_blocks_avgpool_True_lr_0_00100,0.002,0.001,1,True,evaluated,92.31,99.03,False,1
food101/unitok,food101,unitok,classifier_1_blocks_avgpool_True_lr_0_00250,0.005,0.0025,1,True,evaluated,92.59,99.13,False,1
food101/unitok,food101,unitok,classifier_1_blocks_avgpool_True_lr_0_00500,0.01,0.005,1,True,evaluated,92.77,99.17,False,1
food101/unitok,food101,unitok,classifier_1_blocks_avgpool_True_lr_0_01000,0.02,0.01,1,True,evaluated,92.81,99.2,True,1
food101/unitok,food101,unitok,classifier_1_blocks_avgpool_True_lr_0_02500,0.05,0.025,1,True,evaluated,92.74,99.19,False,1
food101/unitok,food101,unitok,classifier_1_blocks_avgpool_True_lr_0_05000,0.1,0.05,1,True,evaluated,92.66,99.15,False,1
food101/unitok,food101,unitok,classifier_4_blocks_avgpool_False_lr_0_00001,1e-05,5e-06,4,False,missing_name_collision,,,False,2
food101/unitok,food101,unitok,classifier_4_blocks_avgpool_False_lr_0_00001,2e-05,1e-05,4,False,evaluated,83.43,97.46,False,2
food101/unitok,food101,unitok,classifier_4_blocks_avgpool_False_lr_0_00003,5e-05,2.5e-05,4,False,evaluated,89.48,98.57,False,1
food101/unitok,food101,unitok,classifier_4_blocks_avgpool_False_lr_0_00005,0.0001,5e-05,4,False,evaluated,90.6,98.82,False,1
food101/unitok,food101,unitok,classifier_4_blocks_avgpool_False_lr_0_00010,0.0002,0.0001,4,False,evaluated,91.43,98.94,False,1
food101/unitok,food101,unitok,classifier_4_blocks_avgpool_False_lr_0_00025,0.0005,0.00025,4,False,evaluated,92.14,99.06,False,1
food101/unitok,food101,unitok,classifier_4_blocks_avgpool_False_lr_0_00050,0.001,0.0005,4,False,evaluated,92.48,99.11,False,1
food101/unitok,food101,unitok,classifier_4_blocks_avgpool_False_lr_0_00100,0.002,0.001,4,False,evaluated,92.69,99.16,False,1
food101/unitok,food101,unitok,classifier_4_blocks_avgpool_False_lr_0_00250,0.005,0.0025,4,False,evaluated,92.8,99.18,False,1
food101/unitok,food101,unitok,classifier_4_blocks_avgpool_False_lr_0_00500,0.01,0.005,4,False,evaluated,92.78,99.19,False,1
food101/unitok,food101,unitok,classifier_4_blocks_avgpool_False_lr_0_01000,0.02,0.01,4,False,evaluated,92.68,99.15,False,1
food101/unitok,food101,unitok,classifier_4_blocks_avgpool_False_lr_0_02500,0.05,0.025,4,False,evaluated,92.43,99.06,False,1
food101/unitok,food101,unitok,classifier_4_blocks_avgpool_False_lr_0_05000,0.1,0.05,4,False,evaluated,91.82,98.78,False,1
food101/unitok,food101,unitok,classifier_4_blocks_avgpool_True_lr_0_00001,1e-05,5e-06,4,True,missing_name_collision,,,False,2
food101/unitok,food101,unitok,classifier_4_blocks_avgpool_True_lr_0_00001,2e-05,1e-05,4,True,evaluated,83.74,97.64,False,2
food101/unitok,food101,unitok,classifier_4_blocks_avgpool_True_lr_0_00003,5e-05,2.5e-05,4,True,evaluated,89.58,98.57,False,1
food101/unitok,food101,unitok,classifier_4_blocks_avgpool_True_lr_0_00005,0.0001,5e-05,4,True,evaluated,90.78,98.83,False,1
food101/unitok,food101,unitok,classifier_4_blocks_avgpool_True_lr_0_00010,0.0002,0.0001,4,True,evaluated,91.4,98.9,False,1
food101/unitok,food101,unitok,classifier_4_blocks_avgpool_True_lr_0_00025,0.0005,0.00025,4,True,evaluated,92.1,99.05,False,1
food101/unitok,food101,unitok,classifier_4_blocks_avgpool_True_lr_0_00050,0.001,0.0005,4,True,evaluated,92.39,99.08,False,1
food101/unitok,food101,unitok,classifier_4_blocks_avgpool_True_lr_0_00100,0.002,0.001,4,True,evaluated,92.67,99.15,False,1
food101/unitok,food101,unitok,classifier_4_blocks_avgpool_True_lr_0_00250,0.005,0.0025,4,True,evaluated,92.78,99.19,False,1
food101/unitok,food101,unitok,classifier_4_blocks_avgpool_True_lr_0_00500,0.01,0.005,4,True,evaluated,92.74,99.2,False,1
food101/unitok,food101,unitok,classifier_4_blocks_avgpool_True_lr_0_01000,0.02,0.01,4,True,evaluated,92.68,99.16,False,1
food101/unitok,food101,unitok,classifier_4_blocks_avgpool_True_lr_0_02500,0.05,0.025,4,True,evaluated,92.45,99.05,False,1
food101/unitok,food101,unitok,classifier_4_blocks_avgpool_True_lr_0_05000,0.1,0.05,4,True,evaluated,91.69,98.77,False,1
food101/vilau,food101,vilau,classifier_1_blocks_avgpool_False_lr_0_00001,1e-05,5e-06,1,False,missing_name_collision,,,False,2
food101/vilau,food101,vilau,classifier_1_blocks_avgpool_False_lr_0_00001,2e-05,1e-05,1,False,evaluated,40.95,68.07,False,2
food101/vilau,food101,vilau,classifier_1_blocks_avgpool_False_lr_0_00003,5e-05,2.5e-05,1,False,evaluated,76.37,94.23,False,1
food101/vilau,food101,vilau,classifier_1_blocks_avgpool_False_lr_0_00005,0.0001,5e-05,1,False,evaluated,85.06,97.47,False,1
food101/vilau,food101,vilau,classifier_1_blocks_avgpool_False_lr_0_00010,0.0002,0.0001,1,False,evaluated,89.3,98.32,False,1
food101/vilau,food101,vilau,classifier_1_blocks_avgpool_False_lr_0_00025,0.0005,0.00025,1,False,evaluated,91.44,98.67,False,1
food101/vilau,food101,vilau,classifier_1_blocks_avgpool_False_lr_0_00050,0.001,0.0005,1,False,evaluated,92.17,98.82,False,1
food101/vilau,food101,vilau,classifier_1_blocks_avgpool_False_lr_0_00100,0.002,0.001,1,False,evaluated,92.79,98.96,False,1
food101/vilau,food101,vilau,classifier_1_blocks_avgpool_False_lr_0_00250,0.005,0.0025,1,False,evaluated,93.46,99.11,False,1
food101/vilau,food101,vilau,classifier_1_blocks_avgpool_False_lr_0_00500,0.01,0.005,1,False,evaluated,93.8,99.18,False,1
food101/vilau,food101,vilau,classifier_1_blocks_avgpool_False_lr_0_01000,0.02,0.01,1,False,evaluated,94.02,99.25,False,1
food101/vilau,food101,vilau,classifier_1_blocks_avgpool_False_lr_0_02500,0.05,0.025,1,False,evaluated,94.17,99.32,False,1
food101/vilau,food101,vilau,classifier_1_blocks_avgpool_False_lr_0_05000,0.1,0.05,1,False,evaluated,94.17,99.28,False,1
food101/vilau,food101,vilau,classifier_1_blocks_avgpool_True_lr_0_00001,1e-05,5e-06,1,True,missing_name_collision,,,False,2
food101/vilau,food101,vilau,classifier_1_blocks_avgpool_True_lr_0_00001,2e-05,1e-05,1,True,evaluated,59.09,83.49,False,2
food101/vilau,food101,vilau,classifier_1_blocks_avgpool_True_lr_0_00003,5e-05,2.5e-05,1,True,evaluated,83.26,96.89,False,1
food101/vilau,food101,vilau,classifier_1_blocks_avgpool_True_lr_0_00005,0.0001,5e-05,1,True,evaluated,88.41,98.13,False,1
food101/vilau,food101,vilau,classifier_1_blocks_avgpool_True_lr_0_00010,0.0002,0.0001,1,True,evaluated,90.88,98.55,False,1
food101/vilau,food101,vilau,classifier_1_blocks_avgpool_True_lr_0_00025,0.0005,0.00025,1,True,evaluated,92.12,98.82,False,1
food101/vilau,food101,vilau,classifier_1_blocks_avgpool_True_lr_0_00050,0.001,0.0005,1,True,evaluated,92.72,98.95,False,1
food101/vilau,food101,vilau,classifier_1_blocks_avgpool_True_lr_0_00100,0.002,0.001,1,True,evaluated,93.22,99.06,False,1
food101/vilau,food101,vilau,classifier_1_blocks_avgpool_True_lr_0_00250,0.005,0.0025,1,True,evaluated,93.81,99.2,False,1
food101/vilau,food101,vilau,classifier_1_blocks_avgpool_True_lr_0_00500,0.01,0.005,1,True,evaluated,94.0,99.26,False,1
food101/vilau,food101,vilau,classifier_1_blocks_avgpool_True_lr_0_01000,0.02,0.01,1,True,evaluated,94.19,99.32,False,1
food101/vilau,food101,vilau,classifier_1_blocks_avgpool_True_lr_0_02500,0.05,0.025,1,True,evaluated,94.17,99.29,False,1
food101/vilau,food101,vilau,classifier_1_blocks_avgpool_True_lr_0_05000,0.1,0.05,1,True,evaluated,93.88,99.22,False,1
food101/vilau,food101,vilau,classifier_4_blocks_avgpool_False_lr_0_00001,1e-05,5e-06,4,False,missing_name_collision,,,False,2
food101/vilau,food101,vilau,classifier_4_blocks_avgpool_False_lr_0_00001,2e-05,1e-05,4,False,evaluated,72.09,92.51,False,2
food101/vilau,food101,vilau,classifier_4_blocks_avgpool_False_lr_0_00003,5e-05,2.5e-05,4,False,evaluated,87.35,97.81,False,1
food101/vilau,food101,vilau,classifier_4_blocks_avgpool_False_lr_0_00005,0.0001,5e-05,4,False,evaluated,90.42,98.5,False,1
food101/vilau,food101,vilau,classifier_4_blocks_avgpool_False_lr_0_00010,0.0002,0.0001,4,False,evaluated,91.8,98.71,False,1
food101/vilau,food101,vilau,classifier_4_blocks_avgpool_False_lr_0_00025,0.0005,0.00025,4,False,evaluated,92.69,98.99,False,1
food101/vilau,food101,vilau,classifier_4_blocks_avgpool_False_lr_0_00050,0.001,0.0005,4,False,evaluated,93.26,99.07,False,1
food101/vilau,food101,vilau,classifier_4_blocks_avgpool_False_lr_0_00100,0.002,0.001,4,False,evaluated,93.64,99.18,False,1
food101/vilau,food101,vilau,classifier_4_blocks_avgpool_False_lr_0_00250,0.005,0.0025,4,False,evaluated,93.96,99.28,False,1
food101/vilau,food101,vilau,classifier_4_blocks_avgpool_False_lr_0_00500,0.01,0.005,4,False,evaluated,94.15,99.31,False,1
food101/vilau,food101,vilau,classifier_4_blocks_avgpool_False_lr_0_01000,0.02,0.01,4,False,evaluated,94.23,99.3,True,1
food101/vilau,food101,vilau,classifier_4_blocks_avgpool_False_lr_0_02500,0.05,0.025,4,False,evaluated,93.85,99.21,False,1
food101/vilau,food101,vilau,classifier_4_blocks_avgpool_False_lr_0_05000,0.1,0.05,4,False,evaluated,93.72,99.14,False,1
food101/vilau,food101,vilau,classifier_4_blocks_avgpool_True_lr_0_00001,1e-05,5e-06,4,True,missing_name_collision,,,False,2
food101/vilau,food101,vilau,classifier_4_blocks_avgpool_True_lr_0_00001,2e-05,1e-05,4,True,evaluated,76.29,93.7,False,2
food101/vilau,food101,vilau,classifier_4_blocks_avgpool_True_lr_0_00003,5e-05,2.5e-05,4,True,evaluated,88.58,98.02,False,1
food101/vilau,food101,vilau,classifier_4_blocks_avgpool_True_lr_0_00005,0.0001,5e-05,4,True,evaluated,90.81,98.57,False,1
food101/vilau,food101,vilau,classifier_4_blocks_avgpool_True_lr_0_00010,0.0002,0.0001,4,True,evaluated,91.96,98.76,False,1
food101/vilau,food101,vilau,classifier_4_blocks_avgpool_True_lr_0_00025,0.0005,0.00025,4,True,evaluated,92.78,98.96,False,1
food101/vilau,food101,vilau,classifier_4_blocks_avgpool_True_lr_0_00050,0.001,0.0005,4,True,evaluated,93.39,99.08,False,1
food101/vilau,food101,vilau,classifier_4_blocks_avgpool_True_lr_0_00100,0.002,0.001,4,True,evaluated,93.79,99.2,False,1
food101/vilau,food101,vilau,classifier_4_blocks_avgpool_True_lr_0_00250,0.005,0.0025,4,True,evaluated,94.04,99.27,False,1
food101/vilau,food101,vilau,classifier_4_blocks_avgpool_True_lr_0_00500,0.01,0.005,4,True,evaluated,94.18,99.31,False,1
food101/vilau,food101,vilau,classifier_4_blocks_avgpool_True_lr_0_01000,0.02,0.01,4,True,evaluated,94.18,99.28,False,1
food101/vilau,food101,vilau,classifier_4_blocks_avgpool_True_lr_0_02500,0.05,0.025,4,True,evaluated,93.8,99.2,False,1
food101/vilau,food101,vilau,classifier_4_blocks_avgpool_True_lr_0_05000,0.1,0.05,4,True,evaluated,93.72,99.19,False,1
metaclip_b16_2pt5b,imagenet1k,metaclip_b16_2pt5b,classifier_1_blocks_avgpool_False_lr_0_00001,1e-05,5e-06,1,False,missing_name_collision,,,False,2
metaclip_b16_2pt5b,imagenet1k,metaclip_b16_2pt5b,classifier_1_blocks_avgpool_False_lr_0_00001,2e-05,1e-05,1,False,evaluated,28.77,56.01,False,2
metaclip_b16_2pt5b,imagenet1k,metaclip_b16_2pt5b,classifier_1_blocks_avgpool_False_lr_0_00003,5e-05,2.5e-05,1,False,evaluated,50.22,78.79,False,1
metaclip_b16_2pt5b,imagenet1k,metaclip_b16_2pt5b,classifier_1_blocks_avgpool_False_lr_0_00005,0.0001,5e-05,1,False,evaluated,59.74,85.45,False,1
metaclip_b16_2pt5b,imagenet1k,metaclip_b16_2pt5b,classifier_1_blocks_avgpool_False_lr_0_00010,0.0002,0.0001,1,False,evaluated,67.59,89.83,False,1
metaclip_b16_2pt5b,imagenet1k,metaclip_b16_2pt5b,classifier_1_blocks_avgpool_False_lr_0_00025,0.0005,0.00025,1,False,evaluated,72.96,92.83,False,1
metaclip_b16_2pt5b,imagenet1k,metaclip_b16_2pt5b,classifier_1_blocks_avgpool_False_lr_0_00050,0.001,0.0005,1,False,evaluated,75.63,94.06,False,1
metaclip_b16_2pt5b,imagenet1k,metaclip_b16_2pt5b,classifier_1_blocks_avgpool_False_lr_0_00100,0.002,0.001,1,False,evaluated,77.46,94.8,False,1
metaclip_b16_2pt5b,imagenet1k,metaclip_b16_2pt5b,classifier_1_blocks_avgpool_False_lr_0_00250,0.005,0.0025,1,False,evaluated,79.0,95.38,False,1
metaclip_b16_2pt5b,imagenet1k,metaclip_b16_2pt5b,classifier_1_blocks_avgpool_False_lr_0_00500,0.01,0.005,1,False,evaluated,79.71,95.64,False,1
metaclip_b16_2pt5b,imagenet1k,metaclip_b16_2pt5b,classifier_1_blocks_avgpool_False_lr_0_01000,0.02,0.01,1,False,evaluated,80.09,95.84,False,1
metaclip_b16_2pt5b,imagenet1k,metaclip_b16_2pt5b,classifier_1_blocks_avgpool_False_lr_0_02500,0.05,0.025,1,False,evaluated,80.07,95.81,False,1
metaclip_b16_2pt5b,imagenet1k,metaclip_b16_2pt5b,classifier_1_blocks_avgpool_False_lr_0_05000,0.1,0.05,1,False,evaluated,79.96,95.71,False,1
metaclip_b16_2pt5b,imagenet1k,metaclip_b16_2pt5b,classifier_1_blocks_avgpool_True_lr_0_00001,1e-05,5e-06,1,True,missing_name_collision,,,False,2
metaclip_b16_2pt5b,imagenet1k,metaclip_b16_2pt5b,classifier_1_blocks_avgpool_True_lr_0_00001,2e-05,1e-05,1,True,evaluated,30.99,58.8,False,2
metaclip_b16_2pt5b,imagenet1k,metaclip_b16_2pt5b,classifier_1_blocks_avgpool_True_lr_0_00003,5e-05,2.5e-05,1,True,evaluated,51.03,79.8,False,1
metaclip_b16_2pt5b,imagenet1k,metaclip_b16_2pt5b,classifier_1_blocks_avgpool_True_lr_0_00005,0.0001,5e-05,1,True,evaluated,61.43,86.24,False,1
metaclip_b16_2pt5b,imagenet1k,metaclip_b16_2pt5b,classifier_1_blocks_avgpool_True_lr_0_00010,0.0002,0.0001,1,True,evaluated,68.33,90.26,False,1
metaclip_b16_2pt5b,imagenet1k,metaclip_b16_2pt5b,classifier_1_blocks_avgpool_True_lr_0_00025,0.0005,0.00025,1,True,evaluated,73.45,93.05,False,1
metaclip_b16_2pt5b,imagenet1k,metaclip_b16_2pt5b,classifier_1_blocks_avgpool_True_lr_0_00050,0.001,0.0005,1,True,evaluated,75.97,94.24,False,1
metaclip_b16_2pt5b,imagenet1k,metaclip_b16_2pt5b,classifier_1_blocks_avgpool_True_lr_0_00100,0.002,0.001,1,True,evaluated,77.65,94.95,False,1
metaclip_b16_2pt5b,imagenet1k,metaclip_b16_2pt5b,classifier_1_blocks_avgpool_True_lr_0_00250,0.005,0.0025,1,True,evaluated,79.23,95.52,False,1
metaclip_b16_2pt5b,imagenet1k,metaclip_b16_2pt5b,classifier_1_blocks_avgpool_True_lr_0_00500,0.01,0.005,1,True,evaluated,80.01,95.81,False,1
metaclip_b16_2pt5b,imagenet1k,metaclip_b16_2pt5b,classifier_1_blocks_avgpool_True_lr_0_01000,0.02,0.01,1,True,evaluated,80.33,95.97,False,1
metaclip_b16_2pt5b,imagenet1k,metaclip_b16_2pt5b,classifier_1_blocks_avgpool_True_lr_0_02500,0.05,0.025,1,True,evaluated,80.45,95.98,False,1
metaclip_b16_2pt5b,imagenet1k,metaclip_b16_2pt5b,classifier_1_blocks_avgpool_True_lr_0_05000,0.1,0.05,1,True,evaluated,80.28,95.83,False,1
metaclip_b16_2pt5b,imagenet1k,metaclip_b16_2pt5b,classifier_4_blocks_avgpool_False_lr_0_00001,1e-05,5e-06,4,False,missing_name_collision,,,False,2
metaclip_b16_2pt5b,imagenet1k,metaclip_b16_2pt5b,classifier_4_blocks_avgpool_False_lr_0_00001,2e-05,1e-05,4,False,evaluated,29.41,56.53,False,2
metaclip_b16_2pt5b,imagenet1k,metaclip_b16_2pt5b,classifier_4_blocks_avgpool_False_lr_0_00003,5e-05,2.5e-05,4,False,evaluated,49.14,77.25,False,1
metaclip_b16_2pt5b,imagenet1k,metaclip_b16_2pt5b,classifier_4_blocks_avgpool_False_lr_0_00005,0.0001,5e-05,4,False,evaluated,60.1,85.24,False,1
metaclip_b16_2pt5b,imagenet1k,metaclip_b16_2pt5b,classifier_4_blocks_avgpool_False_lr_0_00010,0.0002,0.0001,4,False,evaluated,67.39,89.67,False,1
metaclip_b16_2pt5b,imagenet1k,metaclip_b16_2pt5b,classifier_4_blocks_avgpool_False_lr_0_00025,0.0005,0.00025,4,False,evaluated,73.25,92.86,False,1
metaclip_b16_2pt5b,imagenet1k,metaclip_b16_2pt5b,classifier_4_blocks_avgpool_False_lr_0_00050,0.001,0.0005,4,False,evaluated,75.8,94.17,False,1
metaclip_b16_2pt5b,imagenet1k,metaclip_b16_2pt5b,classifier_4_blocks_avgpool_False_lr_0_00100,0.002,0.001,4,False,evaluated,77.75,94.9,False,1
metaclip_b16_2pt5b,imagenet1k,metaclip_b16_2pt5b,classifier_4_blocks_avgpool_False_lr_0_00250,0.005,0.0025,4,False,evaluated,79.37,95.56,False,1
metaclip_b16_2pt5b,imagenet1k,metaclip_b16_2pt5b,classifier_4_blocks_avgpool_False_lr_0_00500,0.01,0.005,4,False,evaluated,80.2,95.88,False,1
metaclip_b16_2pt5b,imagenet1k,metaclip_b16_2pt5b,classifier_4_blocks_avgpool_False_lr_0_01000,0.02,0.01,4,False,evaluated,80.45,95.96,False,1
metaclip_b16_2pt5b,imagenet1k,metaclip_b16_2pt5b,classifier_4_blocks_avgpool_False_lr_0_02500,0.05,0.025,4,False,evaluated,80.49,95.94,False,1
metaclip_b16_2pt5b,imagenet1k,metaclip_b16_2pt5b,classifier_4_blocks_avgpool_False_lr_0_05000,0.1,0.05,4,False,evaluated,80.03,95.58,False,1
metaclip_b16_2pt5b,imagenet1k,metaclip_b16_2pt5b,classifier_4_blocks_avgpool_True_lr_0_00001,1e-05,5e-06,4,True,missing_name_collision,,,False,2
metaclip_b16_2pt5b,imagenet1k,metaclip_b16_2pt5b,classifier_4_blocks_avgpool_True_lr_0_00001,2e-05,1e-05,4,True,evaluated,31.34,58.84,False,2
metaclip_b16_2pt5b,imagenet1k,metaclip_b16_2pt5b,classifier_4_blocks_avgpool_True_lr_0_00003,5e-05,2.5e-05,4,True,evaluated,50.71,78.56,False,1
metaclip_b16_2pt5b,imagenet1k,metaclip_b16_2pt5b,classifier_4_blocks_avgpool_True_lr_0_00005,0.0001,5e-05,4,True,evaluated,61.33,85.92,False,1
metaclip_b16_2pt5b,imagenet1k,metaclip_b16_2pt5b,classifier_4_blocks_avgpool_True_lr_0_00010,0.0002,0.0001,4,True,evaluated,68.22,90.1,False,1
metaclip_b16_2pt5b,imagenet1k,metaclip_b16_2pt5b,classifier_4_blocks_avgpool_True_lr_0_00025,0.0005,0.00025,4,True,evaluated,73.61,93.04,False,1
metaclip_b16_2pt5b,imagenet1k,metaclip_b16_2pt5b,classifier_4_blocks_avgpool_True_lr_0_00050,0.001,0.0005,4,True,evaluated,76.19,94.3,False,1
metaclip_b16_2pt5b,imagenet1k,metaclip_b16_2pt5b,classifier_4_blocks_avgpool_True_lr_0_00100,0.002,0.001,4,True,evaluated,78.01,95.02,False,1
metaclip_b16_2pt5b,imagenet1k,metaclip_b16_2pt5b,classifier_4_blocks_avgpool_True_lr_0_00250,0.005,0.0025,4,True,evaluated,79.6,95.62,False,1
metaclip_b16_2pt5b,imagenet1k,metaclip_b16_2pt5b,classifier_4_blocks_avgpool_True_lr_0_00500,0.01,0.005,4,True,evaluated,80.36,95.92,False,1
metaclip_b16_2pt5b,imagenet1k,metaclip_b16_2pt5b,classifier_4_blocks_avgpool_True_lr_0_01000,0.02,0.01,4,True,evaluated,80.59,96.02,False,1
metaclip_b16_2pt5b,imagenet1k,metaclip_b16_2pt5b,classifier_4_blocks_avgpool_True_lr_0_02500,0.05,0.025,4,True,evaluated,80.6,95.95,True,1
metaclip_b16_2pt5b,imagenet1k,metaclip_b16_2pt5b,classifier_4_blocks_avgpool_True_lr_0_05000,0.1,0.05,4,True,evaluated,80.12,95.59,False,1
oxford_pets/metaclip,oxford_pets,metaclip,classifier_1_blocks_avgpool_False_lr_0_00001,1e-05,5e-06,1,False,missing_name_collision,,,False,2
oxford_pets/metaclip,oxford_pets,metaclip,classifier_1_blocks_avgpool_False_lr_0_00001,2e-05,1e-05,1,False,evaluated,20.66,60.83,False,2
oxford_pets/metaclip,oxford_pets,metaclip,classifier_1_blocks_avgpool_False_lr_0_00003,5e-05,2.5e-05,1,False,evaluated,55.38,92.78,False,1
oxford_pets/metaclip,oxford_pets,metaclip,classifier_1_blocks_avgpool_False_lr_0_00005,0.0001,5e-05,1,False,evaluated,75.55,98.04,False,1
oxford_pets/metaclip,oxford_pets,metaclip,classifier_1_blocks_avgpool_False_lr_0_00010,0.0002,0.0001,1,False,evaluated,82.69,99.35,False,1
oxford_pets/metaclip,oxford_pets,metaclip,classifier_1_blocks_avgpool_False_lr_0_00025,0.0005,0.00025,1,False,evaluated,87.35,99.73,False,1
oxford_pets/metaclip,oxford_pets,metaclip,classifier_1_blocks_avgpool_False_lr_0_00050,0.001,0.0005,1,False,evaluated,90.11,99.86,False,1
oxford_pets/metaclip,oxford_pets,metaclip,classifier_1_blocks_avgpool_False_lr_0_00100,0.002,0.001,1,False,evaluated,91.5,99.92,False,1
oxford_pets/metaclip,oxford_pets,metaclip,classifier_1_blocks_avgpool_False_lr_0_00250,0.005,0.0025,1,False,evaluated,92.67,99.86,False,1
oxford_pets/metaclip,oxford_pets,metaclip,classifier_1_blocks_avgpool_False_lr_0_00500,0.01,0.005,1,False,evaluated,92.97,99.81,False,1
oxford_pets/metaclip,oxford_pets,metaclip,classifier_1_blocks_avgpool_False_lr_0_01000,0.02,0.01,1,False,evaluated,93.02,99.86,True,1
oxford_pets/metaclip,oxford_pets,metaclip,classifier_1_blocks_avgpool_False_lr_0_02500,0.05,0.025,1,False,evaluated,92.7,99.84,False,1
oxford_pets/metaclip,oxford_pets,metaclip,classifier_1_blocks_avgpool_False_lr_0_05000,0.1,0.05,1,False,evaluated,92.8,99.86,False,1
oxford_pets/metaclip,oxford_pets,metaclip,classifier_1_blocks_avgpool_True_lr_0_00001,1e-05,5e-06,1,True,missing_name_collision,,,False,2
oxford_pets/metaclip,oxford_pets,metaclip,classifier_1_blocks_avgpool_True_lr_0_00001,2e-05,1e-05,1,True,evaluated,28.21,66.86,False,2
oxford_pets/metaclip,oxford_pets,metaclip,classifier_1_blocks_avgpool_True_lr_0_00003,5e-05,2.5e-05,1,True,evaluated,60.7,94.85,False,1
oxford_pets/metaclip,oxford_pets,metaclip,classifier_1_blocks_avgpool_True_lr_0_00005,0.0001,5e-05,1,True,evaluated,77.05,98.53,False,1
oxford_pets/metaclip,oxford_pets,metaclip,classifier_1_blocks_avgpool_True_lr_0_00010,0.0002,0.0001,1,True,evaluated,85.15,99.54,False,1
oxford_pets/metaclip,oxford_pets,metaclip,classifier_1_blocks_avgpool_True_lr_0_00025,0.0005,0.00025,1,True,evaluated,88.44,99.81,False,1
oxford_pets/metaclip,oxford_pets,metaclip,classifier_1_blocks_avgpool_True_lr_0_00050,0.001,0.0005,1,True,evaluated,90.84,99.86,False,1
oxford_pets/metaclip,oxford_pets,metaclip,classifier_1_blocks_avgpool_True_lr_0_00100,0.002,0.001,1,True,evaluated,91.88,99.89,False,1
oxford_pets/metaclip,oxford_pets,metaclip,classifier_1_blocks_avgpool_True_lr_0_00250,0.005,0.0025,1,True,evaluated,92.75,99.84,False,1
oxford_pets/metaclip,oxford_pets,metaclip,classifier_1_blocks_avgpool_True_lr_0_00500,0.01,0.005,1,True,evaluated,92.67,99.84,False,1
oxford_pets/metaclip,oxford_pets,metaclip,classifier_1_blocks_avgpool_True_lr_0_01000,0.02,0.01,1,True,evaluated,93.02,99.84,False,1
oxford_pets/metaclip,oxford_pets,metaclip,classifier_1_blocks_avgpool_True_lr_0_02500,0.05,0.025,1,True,evaluated,92.97,99.84,False,1
oxford_pets/metaclip,oxford_pets,metaclip,classifier_1_blocks_avgpool_True_lr_0_05000,0.1,0.05,1,True,evaluated,92.83,99.86,False,1
oxford_pets/metaclip,oxford_pets,metaclip,classifier_4_blocks_avgpool_False_lr_0_00001,1e-05,5e-06,4,False,missing_name_collision,,,False,2
oxford_pets/metaclip,oxford_pets,metaclip,classifier_4_blocks_avgpool_False_lr_0_00001,2e-05,1e-05,4,False,evaluated,26.36,62.82,False,2
oxford_pets/metaclip,oxford_pets,metaclip,classifier_4_blocks_avgpool_False_lr_0_00003,5e-05,2.5e-05,4,False,evaluated,52.11,84.66,False,1
oxford_pets/metaclip,oxford_pets,metaclip,classifier_4_blocks_avgpool_False_lr_0_00005,0.0001,5e-05,4,False,evaluated,65.71,92.12,False,1
oxford_pets/metaclip,oxford_pets,metaclip,classifier_4_blocks_avgpool_False_lr_0_00010,0.0002,0.0001,4,False,evaluated,77.43,96.24,False,1
oxford_pets/metaclip,oxford_pets,metaclip,classifier_4_blocks_avgpool_False_lr_0_00025,0.0005,0.00025,4,False,evaluated,84.74,98.91,False,1
oxford_pets/metaclip,oxford_pets,metaclip,classifier_4_blocks_avgpool_False_lr_0_00050,0.001,0.0005,4,False,evaluated,88.2,99.51,False,1
oxford_pets/metaclip,oxford_pets,metaclip,classifier_4_blocks_avgpool_False_lr_0_00100,0.002,0.001,4,False,evaluated,90.57,99.67,False,1
oxford_pets/metaclip,oxford_pets,metaclip,classifier_4_blocks_avgpool_False_lr_0_00250,0.005,0.0025,4,False,evaluated,92.18,99.73,False,1
oxford_pets/metaclip,oxford_pets,metaclip,classifier_4_blocks_avgpool_False_lr_0_00500,0.01,0.005,4,False,evaluated,92.42,99.75,False,1
oxford_pets/metaclip,oxford_pets,metaclip,classifier_4_blocks_avgpool_False_lr_0_01000,0.02,0.01,4,False,evaluated,92.53,99.75,False,1
oxford_pets/metaclip,oxford_pets,metaclip,classifier_4_blocks_avgpool_False_lr_0_02500,0.05,0.025,4,False,evaluated,92.34,99.75,False,1
oxford_pets/metaclip,oxford_pets,metaclip,classifier_4_blocks_avgpool_False_lr_0_05000,0.1,0.05,4,False,evaluated,92.2,99.7,False,1
oxford_pets/metaclip,oxford_pets,metaclip,classifier_4_blocks_avgpool_True_lr_0_00001,1e-05,5e-06,4,True,missing_name_collision,,,False,2
oxford_pets/metaclip,oxford_pets,metaclip,classifier_4_blocks_avgpool_True_lr_0_00001,2e-05,1e-05,4,True,evaluated,26.25,63.31,False,2
oxford_pets/metaclip,oxford_pets,metaclip,classifier_4_blocks_avgpool_True_lr_0_00003,5e-05,2.5e-05,4,True,evaluated,52.14,87.9,False,1
oxford_pets/metaclip,oxford_pets,metaclip,classifier_4_blocks_avgpool_True_lr_0_00005,0.0001,5e-05,4,True,evaluated,68.79,93.49,False,1
oxford_pets/metaclip,oxford_pets,metaclip,classifier_4_blocks_avgpool_True_lr_0_00010,0.0002,0.0001,4,True,evaluated,78.58,96.89,False,1
oxford_pets/metaclip,oxford_pets,metaclip,classifier_4_blocks_avgpool_True_lr_0_00025,0.0005,0.00025,4,True,evaluated,86.48,99.54,False,1
oxford_pets/metaclip,oxford_pets,metaclip,classifier_4_blocks_avgpool_True_lr_0_00050,0.001,0.0005,4,True,evaluated,89.42,99.67,False,1
oxford_pets/metaclip,oxford_pets,metaclip,classifier_4_blocks_avgpool_True_lr_0_00100,0.002,0.001,4,True,evaluated,91.03,99.7,False,1
oxford_pets/metaclip,oxford_pets,metaclip,classifier_4_blocks_avgpool_True_lr_0_00250,0.005,0.0025,4,True,evaluated,92.23,99.78,False,1
oxford_pets/metaclip,oxford_pets,metaclip,classifier_4_blocks_avgpool_True_lr_0_00500,0.01,0.005,4,True,evaluated,92.37,99.81,False,1
oxford_pets/metaclip,oxford_pets,metaclip,classifier_4_blocks_avgpool_True_lr_0_01000,0.02,0.01,4,True,evaluated,92.34,99.75,False,1
oxford_pets/metaclip,oxford_pets,metaclip,classifier_4_blocks_avgpool_True_lr_0_02500,0.05,0.025,4,True,evaluated,92.26,99.78,False,1
oxford_pets/metaclip,oxford_pets,metaclip,classifier_4_blocks_avgpool_True_lr_0_05000,0.1,0.05,4,True,evaluated,92.31,99.84,False,1
oxford_pets/toklipl,oxford_pets,toklipl,classifier_1_blocks_avgpool_False_lr_0_00001,1e-05,5e-06,1,False,missing_name_collision,,,False,2
oxford_pets/toklipl,oxford_pets,toklipl,classifier_1_blocks_avgpool_False_lr_0_00001,2e-05,1e-05,1,False,evaluated,14.15,42.98,False,2
oxford_pets/toklipl,oxford_pets,toklipl,classifier_1_blocks_avgpool_False_lr_0_00003,5e-05,2.5e-05,1,False,evaluated,40.12,75.36,False,1
oxford_pets/toklipl,oxford_pets,toklipl,classifier_1_blocks_avgpool_False_lr_0_00005,0.0001,5e-05,1,False,evaluated,62.77,93.68,False,1
oxford_pets/toklipl,oxford_pets,toklipl,classifier_1_blocks_avgpool_False_lr_0_00010,0.0002,0.0001,1,False,evaluated,79.07,98.06,False,1
oxford_pets/toklipl,oxford_pets,toklipl,classifier_1_blocks_avgpool_False_lr_0_00025,0.0005,0.00025,1,False,evaluated,88.17,99.13,False,1
oxford_pets/toklipl,oxford_pets,toklipl,classifier_1_blocks_avgpool_False_lr_0_00050,0.001,0.0005,1,False,evaluated,90.6,99.29,False,1
oxford_pets/toklipl,oxford_pets,toklipl,classifier_1_blocks_avgpool_False_lr_0_00100,0.002,0.001,1,False,evaluated,91.47,99.4,False,1
oxford_pets/toklipl,oxford_pets,toklipl,classifier_1_blocks_avgpool_False_lr_0_00250,0.005,0.0025,1,False,evaluated,92.78,99.56,False,1
oxford_pets/toklipl,oxford_pets,toklipl,classifier_1_blocks_avgpool_False_lr_0_00500,0.01,0.005,1,False,evaluated,93.59,99.56,False,1
oxford_pets/toklipl,oxford_pets,toklipl,classifier_1_blocks_avgpool_False_lr_0_01000,0.02,0.01,1,False,evaluated,93.81,99.7,False,1
oxford_pets/toklipl,oxford_pets,toklipl,classifier_1_blocks_avgpool_False_lr_0_02500,0.05,0.025,1,False,evaluated,94.06,99.7,False,1
oxford_pets/toklipl,oxford_pets,toklipl,classifier_1_blocks_avgpool_False_lr_0_05000,0.1,0.05,1,False,evaluated,94.25,99.65,False,1
oxford_pets/toklipl,oxford_pets,toklipl,classifier_1_blocks_avgpool_True_lr_0_00001,1e-05,5e-06,1,True,missing_name_collision,,,False,2
oxford_pets/toklipl,oxford_pets,toklipl,classifier_1_blocks_avgpool_True_lr_0_00001,2e-05,1e-05,1,True,evaluated,22.81,55.71,False,2
oxford_pets/toklipl,oxford_pets,toklipl,classifier_1_blocks_avgpool_True_lr_0_00003,5e-05,2.5e-05,1,True,evaluated,52.52,88.03,False,1
oxford_pets/toklipl,oxford_pets,toklipl,classifier_1_blocks_avgpool_True_lr_0_00005,0.0001,5e-05,1,True,evaluated,72.74,96.38,False,1
oxford_pets/toklipl,oxford_pets,toklipl,classifier_1_blocks_avgpool_True_lr_0_00010,0.0002,0.0001,1,True,evaluated,86.1,98.77,False,1
oxford_pets/toklipl,oxford_pets,toklipl,classifier_1_blocks_avgpool_True_lr_0_00025,0.0005,0.00025,1,True,evaluated,90.13,99.26,False,1
oxford_pets/toklipl,oxford_pets,toklipl,classifier_1_blocks_avgpool_True_lr_0_00050,0.001,0.0005,1,True,evaluated,91.41,99.35,False,1
oxford_pets/toklipl,oxford_pets,toklipl,classifier_1_blocks_avgpool_True_lr_0_00100,0.002,0.001,1,True,evaluated,92.67,99.56,False,1
oxford_pets/toklipl,oxford_pets,toklipl,classifier_1_blocks_avgpool_True_lr_0_00250,0.005,0.0025,1,True,evaluated,93.57,99.59,False,1
oxford_pets/toklipl,oxford_pets,toklipl,classifier_1_blocks_avgpool_True_lr_0_00500,0.01,0.005,1,True,evaluated,94.03,99.65,False,1
oxford_pets/toklipl,oxford_pets,toklipl,classifier_1_blocks_avgpool_True_lr_0_01000,0.02,0.01,1,True,evaluated,93.98,99.7,False,1
oxford_pets/toklipl,oxford_pets,toklipl,classifier_1_blocks_avgpool_True_lr_0_02500,0.05,0.025,1,True,evaluated,94.22,99.65,False,1
oxford_pets/toklipl,oxford_pets,toklipl,classifier_1_blocks_avgpool_True_lr_0_05000,0.1,0.05,1,True,evaluated,94.52,99.65,False,1
oxford_pets/toklipl,oxford_pets,toklipl,classifier_4_blocks_avgpool_False_lr_0_00001,1e-05,5e-06,4,False,missing_name_collision,,,False,2
oxford_pets/toklipl,oxford_pets,toklipl,classifier_4_blocks_avgpool_False_lr_0_00001,2e-05,1e-05,4,False,evaluated,33.58,72.39,False,2
oxford_pets/toklipl,oxford_pets,toklipl,classifier_4_blocks_avgpool_False_lr_0_00003,5e-05,2.5e-05,4,False,evaluated,62.85,93.02,False,1
oxford_pets/toklipl,oxford_pets,toklipl,classifier_4_blocks_avgpool_False_lr_0_00005,0.0001,5e-05,4,False,evaluated,81.33,98.23,False,1
oxford_pets/toklipl,oxford_pets,toklipl,classifier_4_blocks_avgpool_False_lr_0_00010,0.0002,0.0001,4,False,evaluated,88.69,99.16,False,1
oxford_pets/toklipl,oxford_pets,toklipl,classifier_4_blocks_avgpool_False_lr_0_00025,0.0005,0.00025,4,False,evaluated,91.52,99.4,False,1
oxford_pets/toklipl,oxford_pets,toklipl,classifier_4_blocks_avgpool_False_lr_0_00050,0.001,0.0005,4,False,evaluated,92.64,99.45,False,1
oxford_pets/toklipl,oxford_pets,toklipl,classifier_4_blocks_avgpool_False_lr_0_00100,0.002,0.001,4,False,evaluated,93.32,99.62,False,1
oxford_pets/toklipl,oxford_pets,toklipl,classifier_4_blocks_avgpool_False_lr_0_00250,0.005,0.0025,4,False,evaluated,93.7,99.7,False,1
oxford_pets/toklipl,oxford_pets,toklipl,classifier_4_blocks_avgpool_False_lr_0_00500,0.01,0.005,4,False,evaluated,94.0,99.67,False,1
oxford_pets/toklipl,oxford_pets,toklipl,classifier_4_blocks_avgpool_False_lr_0_01000,0.02,0.01,4,False,evaluated,94.19,99.67,False,1
oxford_pets/toklipl,oxford_pets,toklipl,classifier_4_blocks_avgpool_False_lr_0_02500,0.05,0.025,4,False,evaluated,94.41,99.67,False,1
oxford_pets/toklipl,oxford_pets,toklipl,classifier_4_blocks_avgpool_False_lr_0_05000,0.1,0.05,4,False,evaluated,94.6,99.62,True,1
oxford_pets/toklipl,oxford_pets,toklipl,classifier_4_blocks_avgpool_True_lr_0_00001,1e-05,5e-06,4,True,missing_name_collision,,,False,2
oxford_pets/toklipl,oxford_pets,toklipl,classifier_4_blocks_avgpool_True_lr_0_00001,2e-05,1e-05,4,True,evaluated,27.56,68.36,False,2
oxford_pets/toklipl,oxford_pets,toklipl,classifier_4_blocks_avgpool_True_lr_0_00003,5e-05,2.5e-05,4,True,evaluated,65.41,94.22,False,1
oxford_pets/toklipl,oxford_pets,toklipl,classifier_4_blocks_avgpool_True_lr_0_00005,0.0001,5e-05,4,True,evaluated,82.75,98.94,False,1
oxford_pets/toklipl,oxford_pets,toklipl,classifier_4_blocks_avgpool_True_lr_0_00010,0.0002,0.0001,4,True,evaluated,88.99,99.26,False,1
oxford_pets/toklipl,oxford_pets,toklipl,classifier_4_blocks_avgpool_True_lr_0_00025,0.0005,0.00025,4,True,evaluated,91.88,99.45,False,1
oxford_pets/toklipl,oxford_pets,toklipl,classifier_4_blocks_avgpool_True_lr_0_00050,0.001,0.0005,4,True,evaluated,92.83,99.45,False,1
oxford_pets/toklipl,oxford_pets,toklipl,classifier_4_blocks_avgpool_True_lr_0_00100,0.002,0.001,4,True,evaluated,93.59,99.62,False,1
oxford_pets/toklipl,oxford_pets,toklipl,classifier_4_blocks_avgpool_True_lr_0_00250,0.005,0.0025,4,True,evaluated,93.79,99.73,False,1
oxford_pets/toklipl,oxford_pets,toklipl,classifier_4_blocks_avgpool_True_lr_0_00500,0.01,0.005,4,True,evaluated,94.09,99.67,False,1
oxford_pets/toklipl,oxford_pets,toklipl,classifier_4_blocks_avgpool_True_lr_0_01000,0.02,0.01,4,True,evaluated,94.22,99.65,False,1
oxford_pets/toklipl,oxford_pets,toklipl,classifier_4_blocks_avgpool_True_lr_0_02500,0.05,0.025,4,True,evaluated,94.52,99.65,False,1
oxford_pets/toklipl,oxford_pets,toklipl,classifier_4_blocks_avgpool_True_lr_0_05000,0.1,0.05,4,True,evaluated,94.6,99.62,False,1
oxford_pets/toklips,oxford_pets,toklips,classifier_1_blocks_avgpool_False_lr_0_00001,1e-05,5e-06,1,False,missing_name_collision,,,False,2
oxford_pets/toklips,oxford_pets,toklips,classifier_1_blocks_avgpool_False_lr_0_00001,2e-05,1e-05,1,False,evaluated,8.18,37.45,False,2
oxford_pets/toklips,oxford_pets,toklips,classifier_1_blocks_avgpool_False_lr_0_00003,5e-05,2.5e-05,1,False,evaluated,39.41,78.44,False,1
oxford_pets/toklips,oxford_pets,toklips,classifier_1_blocks_avgpool_False_lr_0_00005,0.0001,5e-05,1,False,evaluated,63.4,93.54,False,1
oxford_pets/toklips,oxford_pets,toklips,classifier_1_blocks_avgpool_False_lr_0_00010,0.0002,0.0001,1,False,evaluated,78.41,97.77,False,1
oxford_pets/toklips,oxford_pets,toklips,classifier_1_blocks_avgpool_False_lr_0_00025,0.0005,0.00025,1,False,evaluated,86.37,98.8,False,1
oxford_pets/toklips,oxford_pets,toklips,classifier_1_blocks_avgpool_False_lr_0_00050,0.001,0.0005,1,False,evaluated,88.93,99.13,False,1
oxford_pets/toklips,oxford_pets,toklips,classifier_1_blocks_avgpool_False_lr_0_00100,0.002,0.001,1,False,evaluated,90.24,99.1,False,1
oxford_pets/toklips,oxford_pets,toklips,classifier_1_blocks_avgpool_False_lr_0_00250,0.005,0.0025,1,False,evaluated,91.14,99.35,False,1
oxford_pets/toklips,oxford_pets,toklips,classifier_1_blocks_avgpool_False_lr_0_00500,0.01,0.005,1,False,evaluated,91.82,99.48,False,1
oxford_pets/toklips,oxford_pets,toklips,classifier_1_blocks_avgpool_False_lr_0_01000,0.02,0.01,1,False,evaluated,92.34,99.48,False,1
oxford_pets/toklips,oxford_pets,toklips,classifier_1_blocks_avgpool_False_lr_0_02500,0.05,0.025,1,False,evaluated,92.7,99.51,False,1
oxford_pets/toklips,oxford_pets,toklips,classifier_1_blocks_avgpool_False_lr_0_05000,0.1,0.05,1,False,evaluated,92.97,99.54,False,1
oxford_pets/toklips,oxford_pets,toklips,classifier_1_blocks_avgpool_True_lr_0_00001,1e-05,5e-06,1,True,missing_name_collision,,,False,2
oxford_pets/toklips,oxford_pets,toklips,classifier_1_blocks_avgpool_True_lr_0_00001,2e-05,1e-05,1,True,evaluated,23.58,59.85,False,2
oxford_pets/toklips,oxford_pets,toklips,classifier_1_blocks_avgpool_True_lr_0_00003,5e-05,2.5e-05,1,True,evaluated,51.98,87.57,False,1
oxford_pets/toklips,oxford_pets,toklips,classifier_1_blocks_avgpool_True_lr_0_00005,0.0001,5e-05,1,True,evaluated,75.39,96.65,False,1
oxford_pets/toklips,oxford_pets,toklips,classifier_1_blocks_avgpool_True_lr_0_00010,0.0002,0.0001,1,True,evaluated,84.25,98.56,False,1
oxford_pets/toklips,oxford_pets,toklips,classifier_1_blocks_avgpool_True_lr_0_00025,0.0005,0.00025,1,True,evaluated,89.04,99.07,False,1
oxford_pets/toklips,oxford_pets,toklips,classifier_1_blocks_avgpool_True_lr_0_00050,0.001,0.0005,1,True,evaluated,90.3,98.99,False,1
oxford_pets/toklips,oxford_pets,toklips,classifier_1_blocks_avgpool_True_lr_0_00100,0.002,0.001,1,True,evaluated,90.98,99.26,False,1
oxford_pets/toklips,oxford_pets,toklips,classifier_1_blocks_avgpool_True_lr_0_00250,0.005,0.0025,1,True,evaluated,91.77,99.48,False,1
oxford_pets/toklips,oxford_pets,toklips,classifier_1_blocks_avgpool_True_lr_0_00500,0.01,0.005,1,True,evaluated,92.45,99.51,False,1
oxford_pets/toklips,oxford_pets,toklips,classifier_1_blocks_avgpool_True_lr_0_01000,0.02,0.01,1,True,evaluated,92.53,99.48,False,1
oxford_pets/toklips,oxford_pets,toklips,classifier_1_blocks_avgpool_True_lr_0_02500,0.05,0.025,1,True,evaluated,92.94,99.54,False,1
oxford_pets/toklips,oxford_pets,toklips,classifier_1_blocks_avgpool_True_lr_0_05000,0.1,0.05,1,True,evaluated,93.13,99.56,False,1
oxford_pets/toklips,oxford_pets,toklips,classifier_4_blocks_avgpool_False_lr_0_00001,1e-05,5e-06,4,False,missing_name_collision,,,False,2
oxford_pets/toklips,oxford_pets,toklips,classifier_4_blocks_avgpool_False_lr_0_00001,2e-05,1e-05,4,False,evaluated,26.98,66.75,False,2
oxford_pets/toklips,oxford_pets,toklips,classifier_4_blocks_avgpool_False_lr_0_00003,5e-05,2.5e-05,4,False,evaluated,61.65,93.84,False,1
oxford_pets/toklips,oxford_pets,toklips,classifier_4_blocks_avgpool_False_lr_0_00005,0.0001,5e-05,4,False,evaluated,80.68,97.44,False,1
oxford_pets/toklips,oxford_pets,toklips,classifier_4_blocks_avgpool_False_lr_0_00010,0.0002,0.0001,4,False,evaluated,87.44,98.53,False,1
oxford_pets/toklips,oxford_pets,toklips,classifier_4_blocks_avgpool_False_lr_0_00025,0.0005,0.00025,4,False,evaluated,89.78,99.21,False,1
oxford_pets/toklips,oxford_pets,toklips,classifier_4_blocks_avgpool_False_lr_0_00050,0.001,0.0005,4,False,evaluated,90.87,99.1,False,1
oxford_pets/toklips,oxford_pets,toklips,classifier_4_blocks_avgpool_False_lr_0_00100,0.002,0.001,4,False,evaluated,91.91,99.51,False,1
oxford_pets/toklips,oxford_pets,toklips,classifier_4_blocks_avgpool_False_lr_0_00250,0.005,0.0025,4,False,evaluated,92.45,99.48,False,1
oxford_pets/toklips,oxford_pets,toklips,classifier_4_blocks_avgpool_False_lr_0_00500,0.01,0.005,4,False,evaluated,92.61,99.51,False,1
oxford_pets/toklips,oxford_pets,toklips,classifier_4_blocks_avgpool_False_lr_0_01000,0.02,0.01,4,False,evaluated,92.86,99.54,False,1
oxford_pets/toklips,oxford_pets,toklips,classifier_4_blocks_avgpool_False_lr_0_02500,0.05,0.025,4,False,evaluated,93.24,99.56,False,1
oxford_pets/toklips,oxford_pets,toklips,classifier_4_blocks_avgpool_False_lr_0_05000,0.1,0.05,4,False,evaluated,93.13,99.56,False,1
oxford_pets/toklips,oxford_pets,toklips,classifier_4_blocks_avgpool_True_lr_0_00001,1e-05,5e-06,4,True,missing_name_collision,,,False,2
oxford_pets/toklips,oxford_pets,toklips,classifier_4_blocks_avgpool_True_lr_0_00001,2e-05,1e-05,4,True,evaluated,35.68,72.69,False,2
oxford_pets/toklips,oxford_pets,toklips,classifier_4_blocks_avgpool_True_lr_0_00003,5e-05,2.5e-05,4,True,evaluated,66.5,94.33,False,1
oxford_pets/toklips,oxford_pets,toklips,classifier_4_blocks_avgpool_True_lr_0_00005,0.0001,5e-05,4,True,evaluated,82.56,98.26,False,1
oxford_pets/toklips,oxford_pets,toklips,classifier_4_blocks_avgpool_True_lr_0_00010,0.0002,0.0001,4,True,evaluated,88.83,98.69,False,1
oxford_pets/toklips,oxford_pets,toklips,classifier_4_blocks_avgpool_True_lr_0_00025,0.0005,0.00025,4,True,evaluated,90.46,99.24,False,1
oxford_pets/toklips,oxford_pets,toklips,classifier_4_blocks_avgpool_True_lr_0_00050,0.001,0.0005,4,True,evaluated,91.22,99.35,False,1
oxford_pets/toklips,oxford_pets,toklips,classifier_4_blocks_avgpool_True_lr_0_00100,0.002,0.001,4,True,evaluated,92.04,99.37,False,1
oxford_pets/toklips,oxford_pets,toklips,classifier_4_blocks_avgpool_True_lr_0_00250,0.005,0.0025,4,True,evaluated,92.48,99.54,False,1
oxford_pets/toklips,oxford_pets,toklips,classifier_4_blocks_avgpool_True_lr_0_00500,0.01,0.005,4,True,evaluated,92.72,99.56,False,1
oxford_pets/toklips,oxford_pets,toklips,classifier_4_blocks_avgpool_True_lr_0_01000,0.02,0.01,4,True,evaluated,92.94,99.54,False,1
oxford_pets/toklips,oxford_pets,toklips,classifier_4_blocks_avgpool_True_lr_0_02500,0.05,0.025,4,True,evaluated,93.32,99.65,True,1
oxford_pets/toklips,oxford_pets,toklips,classifier_4_blocks_avgpool_True_lr_0_05000,0.1,0.05,4,True,evaluated,93.21,99.59,False,1
oxford_pets/unitok,oxford_pets,unitok,classifier_1_blocks_avgpool_False_lr_0_00001,1e-05,5e-06,1,False,missing_name_collision,,,False,2
oxford_pets/unitok,oxford_pets,unitok,classifier_1_blocks_avgpool_False_lr_0_00001,2e-05,1e-05,1,False,evaluated,36.22,78.9,False,2
oxford_pets/unitok,oxford_pets,unitok,classifier_1_blocks_avgpool_False_lr_0_00003,5e-05,2.5e-05,1,False,evaluated,76.1,98.75,False,1
oxford_pets/unitok,oxford_pets,unitok,classifier_1_blocks_avgpool_False_lr_0_00005,0.0001,5e-05,1,False,evaluated,84.25,99.48,False,1
oxford_pets/unitok,oxford_pets,unitok,classifier_1_blocks_avgpool_False_lr_0_00010,0.0002,0.0001,1,False,evaluated,89.53,99.59,False,1
oxford_pets/unitok,oxford_pets,unitok,classifier_1_blocks_avgpool_False_lr_0_00025,0.0005,0.00025,1,False,evaluated,90.98,99.73,False,1
oxford_pets/unitok,oxford_pets,unitok,classifier_1_blocks_avgpool_False_lr_0_00050,0.001,0.0005,1,False,evaluated,91.91,99.84,False,1
oxford_pets/unitok,oxford_pets,unitok,classifier_1_blocks_avgpool_False_lr_0_00100,0.002,0.001,1,False,evaluated,92.37,99.86,False,1
oxford_pets/unitok,oxford_pets,unitok,classifier_1_blocks_avgpool_False_lr_0_00250,0.005,0.0025,1,False,evaluated,93.0,99.86,False,1
oxford_pets/unitok,oxford_pets,unitok,classifier_1_blocks_avgpool_False_lr_0_00500,0.01,0.005,1,False,evaluated,92.97,99.78,False,1
oxford_pets/unitok,oxford_pets,unitok,classifier_1_blocks_avgpool_False_lr_0_01000,0.02,0.01,1,False,evaluated,92.86,99.78,False,1
oxford_pets/unitok,oxford_pets,unitok,classifier_1_blocks_avgpool_False_lr_0_02500,0.05,0.025,1,False,evaluated,92.2,99.7,False,1
oxford_pets/unitok,oxford_pets,unitok,classifier_1_blocks_avgpool_False_lr_0_05000,0.1,0.05,1,False,evaluated,91.71,99.7,False,1
oxford_pets/unitok,oxford_pets,unitok,classifier_1_blocks_avgpool_True_lr_0_00001,1e-05,5e-06,1,True,missing_name_collision,,,False,2
oxford_pets/unitok,oxford_pets,unitok,classifier_1_blocks_avgpool_True_lr_0_00001,2e-05,1e-05,1,True,evaluated,44.26,85.34,False,2
oxford_pets/unitok,oxford_pets,unitok,classifier_1_blocks_avgpool_True_lr_0_00003,5e-05,2.5e-05,1,True,evaluated,72.53,98.53,False,1
oxford_pets/unitok,oxford_pets,unitok,classifier_1_blocks_avgpool_True_lr_0_00005,0.0001,5e-05,1,True,evaluated,85.75,99.54,False,1
oxford_pets/unitok,oxford_pets,unitok,classifier_1_blocks_avgpool_True_lr_0_00010,0.0002,0.0001,1,True,evaluated,88.96,99.56,False,1
oxford_pets/unitok,oxford_pets,unitok,classifier_1_blocks_avgpool_True_lr_0_00025,0.0005,0.00025,1,True,evaluated,91.22,99.75,False,1
oxford_pets/unitok,oxford_pets,unitok,classifier_1_blocks_avgpool_True_lr_0_00050,0.001,0.0005,1,True,evaluated,91.99,99.86,False,1
oxford_pets/unitok,oxford_pets,unitok,classifier_1_blocks_avgpool_True_lr_0_00100,0.002,0.001,1,True,evaluated,92.59,99.86,False,1
oxford_pets/unitok,oxford_pets,unitok,classifier_1_blocks_avgpool_True_lr_0_00250,0.005,0.0025,1,True,evaluated,93.08,99.84,True,1
oxford_pets/unitok,oxford_pets,unitok,classifier_1_blocks_avgpool_True_lr_0_00500,0.01,0.005,1,True,evaluated,93.0,99.81,False,1
oxford_pets/unitok,oxford_pets,unitok,classifier_1_blocks_avgpool_True_lr_0_01000,0.02,0.01,1,True,evaluated,92.89,99.78,False,1
oxford_pets/unitok,oxford_pets,unitok,classifier_1_blocks_avgpool_True_lr_0_02500,0.05,0.025,1,True,evaluated,92.15,99.7,False,1
oxford_pets/unitok,oxford_pets,unitok,classifier_1_blocks_avgpool_True_lr_0_05000,0.1,0.05,1,True,evaluated,91.52,99.65,False,1
oxford_pets/unitok,oxford_pets,unitok,classifier_4_blocks_avgpool_False_lr_0_00001,1e-05,5e-06,4,False,missing_name_collision,,,False,2
oxford_pets/unitok,oxford_pets,unitok,classifier_4_blocks_avgpool_False_lr_0_00001,2e-05,1e-05,4,False,evaluated,68.55,97.22,False,2
oxford_pets/unitok,oxford_pets,unitok,classifier_4_blocks_avgpool_False_lr_0_00003,5e-05,2.5e-05,4,False,evaluated,85.55,99.35,False,1
oxford_pets/unitok,oxford_pets,unitok,classifier_4_blocks_avgpool_False_lr_0_00005,0.0001,5e-05,4,False,evaluated,89.62,99.7,False,1
oxford_pets/unitok,oxford_pets,unitok,classifier_4_blocks_avgpool_False_lr_0_00010,0.0002,0.0001,4,False,evaluated,91.25,99.78,False,1
oxford_pets/unitok,oxford_pets,unitok,classifier_4_blocks_avgpool_False_lr_0_00025,0.0005,0.00025,4,False,evaluated,92.5,99.84,False,1
oxford_pets/unitok,oxford_pets,unitok,classifier_4_blocks_avgpool_False_lr_0_00050,0.001,0.0005,4,False,evaluated,92.89,99.86,False,1
oxford_pets/unitok,oxford_pets,unitok,classifier_4_blocks_avgpool_False_lr_0_00100,0.002,0.001,4,False,evaluated,92.94,99.84,False,1
oxford_pets/unitok,oxford_pets,unitok,classifier_4_blocks_avgpool_False_lr_0_00250,0.005,0.0025,4,False,evaluated,92.89,99.75,False,1
oxford_pets/unitok,oxford_pets,unitok,classifier_4_blocks_avgpool_False_lr_0_00500,0.01,0.005,4,False,evaluated,92.29,99.7,False,1
oxford_pets/unitok,oxford_pets,unitok,classifier_4_blocks_avgpool_False_lr_0_01000,0.02,0.01,4,False,evaluated,91.8,99.73,False,1
oxford_pets/unitok,oxford_pets,unitok,classifier_4_blocks_avgpool_False_lr_0_02500,0.05,0.025,4,False,evaluated,90.98,99.59,False,1
oxford_pets/unitok,oxford_pets,unitok,classifier_4_blocks_avgpool_False_lr_0_05000,0.1,0.05,4,False,evaluated,90.68,99.51,False,1
oxford_pets/unitok,oxford_pets,unitok,classifier_4_blocks_avgpool_True_lr_0_00001,1e-05,5e-06,4,True,missing_name_collision,,,False,2
oxford_pets/unitok,oxford_pets,unitok,classifier_4_blocks_avgpool_True_lr_0_00001,2e-05,1e-05,4,True,evaluated,71.11,97.79,False,2
oxford_pets/unitok,oxford_pets,unitok,classifier_4_blocks_avgpool_True_lr_0_00003,5e-05,2.5e-05,4,True,evaluated,86.81,99.59,False,1
oxford_pets/unitok,oxford_pets,unitok,classifier_4_blocks_avgpool_True_lr_0_00005,0.0001,5e-05,4,True,evaluated,89.51,99.65,False,1
oxford_pets/unitok,oxford_pets,unitok,classifier_4_blocks_avgpool_True_lr_0_00010,0.0002,0.0001,4,True,evaluated,91.55,99.81,False,1
oxford_pets/unitok,oxford_pets,unitok,classifier_4_blocks_avgpool_True_lr_0_00025,0.0005,0.00025,4,True,evaluated,92.64,99.86,False,1
oxford_pets/unitok,oxford_pets,unitok,classifier_4_blocks_avgpool_True_lr_0_00050,0.001,0.0005,4,True,evaluated,92.94,99.86,False,1
oxford_pets/unitok,oxford_pets,unitok,classifier_4_blocks_avgpool_True_lr_0_00100,0.002,0.001,4,True,evaluated,92.91,99.84,False,1
oxford_pets/unitok,oxford_pets,unitok,classifier_4_blocks_avgpool_True_lr_0_00250,0.005,0.0025,4,True,evaluated,92.91,99.78,False,1
oxford_pets/unitok,oxford_pets,unitok,classifier_4_blocks_avgpool_True_lr_0_00500,0.01,0.005,4,True,evaluated,92.37,99.67,False,1
oxford_pets/unitok,oxford_pets,unitok,classifier_4_blocks_avgpool_True_lr_0_01000,0.02,0.01,4,True,evaluated,91.66,99.67,False,1
oxford_pets/unitok,oxford_pets,unitok,classifier_4_blocks_avgpool_True_lr_0_02500,0.05,0.025,4,True,evaluated,91.03,99.59,False,1
oxford_pets/unitok,oxford_pets,unitok,classifier_4_blocks_avgpool_True_lr_0_05000,0.1,0.05,4,True,evaluated,90.71,99.51,False,1
oxford_pets/vilau,oxford_pets,vilau,classifier_1_blocks_avgpool_False_lr_0_00001,1e-05,5e-06,1,False,missing_name_collision,,,False,2
oxford_pets/vilau,oxford_pets,vilau,classifier_1_blocks_avgpool_False_lr_0_00001,2e-05,1e-05,1,False,evaluated,25.21,60.48,False,2
oxford_pets/vilau,oxford_pets,vilau,classifier_1_blocks_avgpool_False_lr_0_00003,5e-05,2.5e-05,1,False,evaluated,59.91,91.36,False,1
oxford_pets/vilau,oxford_pets,vilau,classifier_1_blocks_avgpool_False_lr_0_00005,0.0001,5e-05,1,False,evaluated,75.85,97.03,False,1
oxford_pets/vilau,oxford_pets,vilau,classifier_1_blocks_avgpool_False_lr_0_00010,0.0002,0.0001,1,False,evaluated,85.55,98.5,False,1
oxford_pets/vilau,oxford_pets,vilau,classifier_1_blocks_avgpool_False_lr_0_00025,0.0005,0.00025,1,False,evaluated,90.22,99.18,False,1
oxford_pets/vilau,oxford_pets,vilau,classifier_1_blocks_avgpool_False_lr_0_00050,0.001,0.0005,1,False,evaluated,91.31,99.45,False,1
oxford_pets/vilau,oxford_pets,vilau,classifier_1_blocks_avgpool_False_lr_0_00100,0.002,0.001,1,False,evaluated,92.2,99.59,False,1
oxford_pets/vilau,oxford_pets,vilau,classifier_1_blocks_avgpool_False_lr_0_00250,0.005,0.0025,1,False,evaluated,93.3,99.7,False,1
oxford_pets/vilau,oxford_pets,vilau,classifier_1_blocks_avgpool_False_lr_0_00500,0.01,0.005,1,False,evaluated,93.81,99.67,False,1
oxford_pets/vilau,oxford_pets,vilau,classifier_1_blocks_avgpool_False_lr_0_01000,0.02,0.01,1,False,evaluated,94.28,99.67,False,1
oxford_pets/vilau,oxford_pets,vilau,classifier_1_blocks_avgpool_False_lr_0_02500,0.05,0.025,1,False,evaluated,94.36,99.7,False,1
oxford_pets/vilau,oxford_pets,vilau,classifier_1_blocks_avgpool_False_lr_0_05000,0.1,0.05,1,False,evaluated,94.39,99.67,False,1
oxford_pets/vilau,oxford_pets,vilau,classifier_1_blocks_avgpool_True_lr_0_00001,1e-05,5e-06,1,True,missing_name_collision,,,False,2
oxford_pets/vilau,oxford_pets,vilau,classifier_1_blocks_avgpool_True_lr_0_00001,2e-05,1e-05,1,True,evaluated,39.14,73.89,False,2
oxford_pets/vilau,oxford_pets,vilau,classifier_1_blocks_avgpool_True_lr_0_00003,5e-05,2.5e-05,1,True,evaluated,70.18,95.69,False,1
oxford_pets/vilau,oxford_pets,vilau,classifier_1_blocks_avgpool_True_lr_0_00005,0.0001,5e-05,1,True,evaluated,84.36,98.42,False,1
oxford_pets/vilau,oxford_pets,vilau,classifier_1_blocks_avgpool_True_lr_0_00010,0.0002,0.0001,1,True,evaluated,88.36,99.26,False,1
oxford_pets/vilau,oxford_pets,vilau,classifier_1_blocks_avgpool_True_lr_0_00025,0.0005,0.00025,1,True,evaluated,91.31,99.51,False,1
oxford_pets/vilau,oxford_pets,vilau,classifier_1_blocks_avgpool_True_lr_0_00050,0.001,0.0005,1,True,evaluated,92.23,99.62,False,1
oxford_pets/vilau,oxford_pets,vilau,classifier_1_blocks_avgpool_True_lr_0_00100,0.002,0.001,1,True,evaluated,92.94,99.65,False,1
oxford_pets/vilau,oxford_pets,vilau,classifier_1_blocks_avgpool_True_lr_0_00250,0.005,0.0025,1,True,evaluated,93.68,99.67,False,1
oxford_pets/vilau,oxford_pets,vilau,classifier_1_blocks_avgpool_True_lr_0_00500,0.01,0.005,1,True,evaluated,94.17,99.7,False,1
oxford_pets/vilau,oxford_pets,vilau,classifier_1_blocks_avgpool_True_lr_0_01000,0.02,0.01,1,True,evaluated,94.33,99.7,False,1
oxford_pets/vilau,oxford_pets,vilau,classifier_1_blocks_avgpool_True_lr_0_02500,0.05,0.025,1,True,evaluated,94.28,99.62,False,1
oxford_pets/vilau,oxford_pets,vilau,classifier_1_blocks_avgpool_True_lr_0_05000,0.1,0.05,1,True,evaluated,94.14,99.65,False,1
oxford_pets/vilau,oxford_pets,vilau,classifier_4_blocks_avgpool_False_lr_0_00001,1e-05,5e-06,4,False,missing_name_collision,,,False,2
oxford_pets/vilau,oxford_pets,vilau,classifier_4_blocks_avgpool_False_lr_0_00001,2e-05,1e-05,4,False,evaluated,55.22,87.44,False,2
oxford_pets/vilau,oxford_pets,vilau,classifier_4_blocks_avgpool_False_lr_0_00003,5e-05,2.5e-05,4,False,evaluated,80.02,97.6,False,1
oxford_pets/vilau,oxford_pets,vilau,classifier_4_blocks_avgpool_False_lr_0_00005,0.0001,5e-05,4,False,evaluated,88.55,98.94,False,1
oxford_pets/vilau,oxford_pets,vilau,classifier_4_blocks_avgpool_False_lr_0_00010,0.0002,0.0001,4,False,evaluated,90.54,99.4,False,1
oxford_pets/vilau,oxford_pets,vilau,classifier_4_blocks_avgpool_False_lr_0_00025,0.0005,0.00025,4,False,evaluated,92.18,99.56,False,1
oxford_pets/vilau,oxford_pets,vilau,classifier_4_blocks_avgpool_False_lr_0_00050,0.001,0.0005,4,False,evaluated,93.1,99.65,False,1
oxford_pets/vilau,oxford_pets,vilau,classifier_4_blocks_avgpool_False_lr_0_00100,0.002,0.001,4,False,evaluated,93.7,99.67,False,1
oxford_pets/vilau,oxford_pets,vilau,classifier_4_blocks_avgpool_False_lr_0_00250,0.005,0.0025,4,False,evaluated,94.25,99.67,False,1
oxford_pets/vilau,oxford_pets,vilau,classifier_4_blocks_avgpool_False_lr_0_00500,0.01,0.005,4,False,evaluated,94.41,99.7,True,1
oxford_pets/vilau,oxford_pets,vilau,classifier_4_blocks_avgpool_False_lr_0_01000,0.02,0.01,4,False,evaluated,94.33,99.67,False,1
oxford_pets/vilau,oxford_pets,vilau,classifier_4_blocks_avgpool_False_lr_0_02500,0.05,0.025,4,False,evaluated,94.09,99.62,False,1
oxford_pets/vilau,oxford_pets,vilau,classifier_4_blocks_avgpool_False_lr_0_05000,0.1,0.05,4,False,evaluated,94.33,99.67,False,1
oxford_pets/vilau,oxford_pets,vilau,classifier_4_blocks_avgpool_True_lr_0_00001,1e-05,5e-06,4,True,missing_name_collision,,,False,2
oxford_pets/vilau,oxford_pets,vilau,classifier_4_blocks_avgpool_True_lr_0_00001,2e-05,1e-05,4,True,evaluated,57.18,88.74,False,2
oxford_pets/vilau,oxford_pets,vilau,classifier_4_blocks_avgpool_True_lr_0_00003,5e-05,2.5e-05,4,True,evaluated,82.17,97.96,False,1
oxford_pets/vilau,oxford_pets,vilau,classifier_4_blocks_avgpool_True_lr_0_00005,0.0001,5e-05,4,True,evaluated,88.09,99.1,False,1
oxford_pets/vilau,oxford_pets,vilau,classifier_4_blocks_avgpool_True_lr_0_00010,0.0002,0.0001,4,True,evaluated,90.76,99.37,False,1
oxford_pets/vilau,oxford_pets,vilau,classifier_4_blocks_avgpool_True_lr_0_00025,0.0005,0.00025,4,True,evaluated,92.07,99.65,False,1
oxford_pets/vilau,oxford_pets,vilau,classifier_4_blocks_avgpool_True_lr_0_00050,0.001,0.0005,4,True,evaluated,92.97,99.67,False,1
oxford_pets/vilau,oxford_pets,vilau,classifier_4_blocks_avgpool_True_lr_0_00100,0.002,0.001,4,True,evaluated,93.65,99.65,False,1
oxford_pets/vilau,oxford_pets,vilau,classifier_4_blocks_avgpool_True_lr_0_00250,0.005,0.0025,4,True,evaluated,94.25,99.67,False,1
oxford_pets/vilau,oxford_pets,vilau,classifier_4_blocks_avgpool_True_lr_0_00500,0.01,0.005,4,True,evaluated,94.41,99.65,False,1
oxford_pets/vilau,oxford_pets,vilau,classifier_4_blocks_avgpool_True_lr_0_01000,0.02,0.01,4,True,evaluated,94.19,99.65,False,1
oxford_pets/vilau,oxford_pets,vilau,classifier_4_blocks_avgpool_True_lr_0_02500,0.05,0.025,4,True,evaluated,94.14,99.65,False,1
oxford_pets/vilau,oxford_pets,vilau,classifier_4_blocks_avgpool_True_lr_0_05000,0.1,0.05,4,True,evaluated,94.19,99.59,False,1
stanford_cars/metaclip,stanford_cars,metaclip,classifier_1_blocks_avgpool_False_lr_0_00001,1e-05,5e-06,1,False,missing_name_collision,,,False,2
stanford_cars/metaclip,stanford_cars,metaclip,classifier_1_blocks_avgpool_False_lr_0_00001,2e-05,1e-05,1,False,evaluated,4.89,14.36,False,2
stanford_cars/metaclip,stanford_cars,metaclip,classifier_1_blocks_avgpool_False_lr_0_00003,5e-05,2.5e-05,1,False,evaluated,18.83,45.6,False,1
stanford_cars/metaclip,stanford_cars,metaclip,classifier_1_blocks_avgpool_False_lr_0_00005,0.0001,5e-05,1,False,evaluated,40.11,75.41,False,1
stanford_cars/metaclip,stanford_cars,metaclip,classifier_1_blocks_avgpool_False_lr_0_00010,0.0002,0.0001,1,False,evaluated,59.84,91.41,False,1
stanford_cars/metaclip,stanford_cars,metaclip,classifier_1_blocks_avgpool_False_lr_0_00025,0.0005,0.00025,1,False,evaluated,77.15,98.0,False,1
stanford_cars/metaclip,stanford_cars,metaclip,classifier_1_blocks_avgpool_False_lr_0_00050,0.001,0.0005,1,False,evaluated,85.1,99.18,False,1
stanford_cars/metaclip,stanford_cars,metaclip,classifier_1_blocks_avgpool_False_lr_0_00100,0.002,0.001,1,False,evaluated,89.03,99.56,False,1
stanford_cars/metaclip,stanford_cars,metaclip,classifier_1_blocks_avgpool_False_lr_0_00250,0.005,0.0025,1,False,evaluated,91.27,99.61,False,1
stanford_cars/metaclip,stanford_cars,metaclip,classifier_1_blocks_avgpool_False_lr_0_00500,0.01,0.005,1,False,evaluated,91.85,99.63,False,1
stanford_cars/metaclip,stanford_cars,metaclip,classifier_1_blocks_avgpool_False_lr_0_01000,0.02,0.01,1,False,evaluated,92.14,99.68,True,1
stanford_cars/metaclip,stanford_cars,metaclip,classifier_1_blocks_avgpool_False_lr_0_02500,0.05,0.025,1,False,evaluated,92.07,99.71,False,1
stanford_cars/metaclip,stanford_cars,metaclip,classifier_1_blocks_avgpool_False_lr_0_05000,0.1,0.05,1,False,evaluated,91.98,99.64,False,1
stanford_cars/metaclip,stanford_cars,metaclip,classifier_1_blocks_avgpool_True_lr_0_00001,1e-05,5e-06,1,True,missing_name_collision,,,False,2
stanford_cars/metaclip,stanford_cars,metaclip,classifier_1_blocks_avgpool_True_lr_0_00001,2e-05,1e-05,1,True,evaluated,5.27,15.52,False,2
stanford_cars/metaclip,stanford_cars,metaclip,classifier_1_blocks_avgpool_True_lr_0_00003,5e-05,2.5e-05,1,True,evaluated,18.19,46.28,False,1
stanford_cars/metaclip,stanford_cars,metaclip,classifier_1_blocks_avgpool_True_lr_0_00005,0.0001,5e-05,1,True,evaluated,39.6,74.32,False,1
stanford_cars/metaclip,stanford_cars,metaclip,classifier_1_blocks_avgpool_True_lr_0_00010,0.0002,0.0001,1,True,evaluated,60.19,91.98,False,1
stanford_cars/metaclip,stanford_cars,metaclip,classifier_1_blocks_avgpool_True_lr_0_00025,0.0005,0.00025,1,True,evaluated,78.67,98.35,False,1
stanford_cars/metaclip,stanford_cars,metaclip,classifier_1_blocks_avgpool_True_lr_0_00050,0.001,0.0005,1,True,evaluated,85.42,99.33,False,1
stanford_cars/metaclip,stanford_cars,metaclip,classifier_1_blocks_avgpool_True_lr_0_00100,0.002,0.001,1,True,evaluated,89.13,99.54,False,1
stanford_cars/metaclip,stanford_cars,metaclip,classifier_1_blocks_avgpool_True_lr_0_00250,0.005,0.0025,1,True,evaluated,91.2,99.61,False,1
stanford_cars/metaclip,stanford_cars,metaclip,classifier_1_blocks_avgpool_True_lr_0_00500,0.01,0.005,1,True,evaluated,91.93,99.68,False,1
stanford_cars/metaclip,stanford_cars,metaclip,classifier_1_blocks_avgpool_True_lr_0_01000,0.02,0.01,1,True,evaluated,92.12,99.71,False,1
stanford_cars/metaclip,stanford_cars,metaclip,classifier_1_blocks_avgpool_True_lr_0_02500,0.05,0.025,1,True,evaluated,92.03,99.71,False,1
stanford_cars/metaclip,stanford_cars,metaclip,classifier_1_blocks_avgpool_True_lr_0_05000,0.1,0.05,1,True,evaluated,92.03,99.59,False,1
stanford_cars/metaclip,stanford_cars,metaclip,classifier_4_blocks_avgpool_False_lr_0_00001,1e-05,5e-06,4,False,missing_name_collision,,,False,2
stanford_cars/metaclip,stanford_cars,metaclip,classifier_4_blocks_avgpool_False_lr_0_00001,2e-05,1e-05,4,False,evaluated,4.5,14.44,False,2
stanford_cars/metaclip,stanford_cars,metaclip,classifier_4_blocks_avgpool_False_lr_0_00003,5e-05,2.5e-05,4,False,evaluated,20.4,46.79,False,1
stanford_cars/metaclip,stanford_cars,metaclip,classifier_4_blocks_avgpool_False_lr_0_00005,0.0001,5e-05,4,False,evaluated,37.4,70.29,False,1
stanford_cars/metaclip,stanford_cars,metaclip,classifier_4_blocks_avgpool_False_lr_0_00010,0.0002,0.0001,4,False,evaluated,57.14,89.14,False,1
stanford_cars/metaclip,stanford_cars,metaclip,classifier_4_blocks_avgpool_False_lr_0_00025,0.0005,0.00025,4,False,evaluated,75.94,97.28,False,1
stanford_cars/metaclip,stanford_cars,metaclip,classifier_4_blocks_avgpool_False_lr_0_00050,0.001,0.0005,4,False,evaluated,83.96,98.86,False,1
stanford_cars/metaclip,stanford_cars,metaclip,classifier_4_blocks_avgpool_False_lr_0_00100,0.002,0.001,4,False,evaluated,88.02,99.33,False,1
stanford_cars/metaclip,stanford_cars,metaclip,classifier_4_blocks_avgpool_False_lr_0_00250,0.005,0.0025,4,False,evaluated,90.4,99.5,False,1
stanford_cars/metaclip,stanford_cars,metaclip,classifier_4_blocks_avgpool_False_lr_0_00500,0.01,0.005,4,False,evaluated,91.51,99.63,False,1
stanford_cars/metaclip,stanford_cars,metaclip,classifier_4_blocks_avgpool_False_lr_0_01000,0.02,0.01,4,False,evaluated,91.64,99.65,False,1
stanford_cars/metaclip,stanford_cars,metaclip,classifier_4_blocks_avgpool_False_lr_0_02500,0.05,0.025,4,False,evaluated,91.63,99.68,False,1
stanford_cars/metaclip,stanford_cars,metaclip,classifier_4_blocks_avgpool_False_lr_0_05000,0.1,0.05,4,False,evaluated,91.43,99.58,False,1
stanford_cars/metaclip,stanford_cars,metaclip,classifier_4_blocks_avgpool_True_lr_0_00001,1e-05,5e-06,4,True,missing_name_collision,,,False,2
stanford_cars/metaclip,stanford_cars,metaclip,classifier_4_blocks_avgpool_True_lr_0_00001,2e-05,1e-05,4,True,evaluated,4.3,15.09,False,2
stanford_cars/metaclip,stanford_cars,metaclip,classifier_4_blocks_avgpool_True_lr_0_00003,5e-05,2.5e-05,4,True,evaluated,17.24,44.32,False,1
stanford_cars/metaclip,stanford_cars,metaclip,classifier_4_blocks_avgpool_True_lr_0_00005,0.0001,5e-05,4,True,evaluated,38.19,73.57,False,1
stanford_cars/metaclip,stanford_cars,metaclip,classifier_4_blocks_avgpool_True_lr_0_00010,0.0002,0.0001,4,True,evaluated,58.36,90.21,False,1
stanford_cars/metaclip,stanford_cars,metaclip,classifier_4_blocks_avgpool_True_lr_0_00025,0.0005,0.00025,4,True,evaluated,76.81,97.41,False,1
stanford_cars/metaclip,stanford_cars,metaclip,classifier_4_blocks_avgpool_True_lr_0_00050,0.001,0.0005,4,True,evaluated,84.48,98.91,False,1
stanford_cars/metaclip,stanford_cars,metaclip,classifier_4_blocks_avgpool_True_lr_0_00100,0.002,0.001,4,True,evaluated,88.42,99.3,False,1
stanford_cars/metaclip,stanford_cars,metaclip,classifier_4_blocks_avgpool_True_lr_0_00250,0.005,0.0025,4,True,evaluated,90.59,99.51,False,1
stanford_cars/metaclip,stanford_cars,metaclip,classifier_4_blocks_avgpool_True_lr_0_00500,0.01,0.005,4,True,evaluated,91.38,99.56,False,1
stanford_cars/metaclip,stanford_cars,metaclip,classifier_4_blocks_avgpool_True_lr_0_01000,0.02,0.01,4,True,evaluated,91.64,99.64,False,1
stanford_cars/metaclip,stanford_cars,metaclip,classifier_4_blocks_avgpool_True_lr_0_02500,0.05,0.025,4,True,evaluated,91.75,99.63,False,1
stanford_cars/metaclip,stanford_cars,metaclip,classifier_4_blocks_avgpool_True_lr_0_05000,0.1,0.05,4,True,evaluated,91.44,99.59,False,1
stanford_cars/toklipl,stanford_cars,toklipl,classifier_1_blocks_avgpool_False_lr_0_00001,1e-05,5e-06,1,False,missing_name_collision,,,False,2
stanford_cars/toklipl,stanford_cars,toklipl,classifier_1_blocks_avgpool_False_lr_0_00001,2e-05,1e-05,1,False,evaluated,1.14,6.31,False,2
stanford_cars/toklipl,stanford_cars,toklipl,classifier_1_blocks_avgpool_False_lr_0_00003,5e-05,2.5e-05,1,False,evaluated,1.08,11.95,False,1
stanford_cars/toklipl,stanford_cars,toklipl,classifier_1_blocks_avgpool_False_lr_0_00005,0.0001,5e-05,1,False,evaluated,3.76,27.05,False,1
stanford_cars/toklipl,stanford_cars,toklipl,classifier_1_blocks_avgpool_False_lr_0_00010,0.0002,0.0001,1,False,evaluated,14.21,53.1,False,1
stanford_cars/toklipl,stanford_cars,toklipl,classifier_1_blocks_avgpool_False_lr_0_00025,0.0005,0.00025,1,False,evaluated,51.92,83.17,False,1
stanford_cars/toklipl,stanford_cars,toklipl,classifier_1_blocks_avgpool_False_lr_0_00050,0.001,0.0005,1,False,evaluated,65.18,92.96,False,1
stanford_cars/toklipl,stanford_cars,toklipl,classifier_1_blocks_avgpool_False_lr_0_00100,0.002,0.001,1,False,evaluated,76.28,97.16,False,1
stanford_cars/toklipl,stanford_cars,toklipl,classifier_1_blocks_avgpool_False_lr_0_00250,0.005,0.0025,1,False,evaluated,85.31,99.03,False,1
stanford_cars/toklipl,stanford_cars,toklipl,classifier_1_blocks_avgpool_False_lr_0_00500,0.01,0.005,1,False,evaluated,89.32,99.56,False,1
stanford_cars/toklipl,stanford_cars,toklipl,classifier_1_blocks_avgpool_False_lr_0_01000,0.02,0.01,1,False,evaluated,91.58,99.71,False,1
stanford_cars/toklipl,stanford_cars,toklipl,classifier_1_blocks_avgpool_False_lr_0_02500,0.05,0.025,1,False,evaluated,92.94,99.76,False,1
stanford_cars/toklipl,stanford_cars,toklipl,classifier_1_blocks_avgpool_False_lr_0_05000,0.1,0.05,1,False,evaluated,93.48,99.76,False,1
stanford_cars/toklipl,stanford_cars,toklipl,classifier_1_blocks_avgpool_True_lr_0_00001,1e-05,5e-06,1,True,missing_name_collision,,,False,2
stanford_cars/toklipl,stanford_cars,toklipl,classifier_1_blocks_avgpool_True_lr_0_00001,2e-05,1e-05,1,True,evaluated,1.19,6.88,False,2
stanford_cars/toklipl,stanford_cars,toklipl,classifier_1_blocks_avgpool_True_lr_0_00003,5e-05,2.5e-05,1,True,evaluated,2.76,18.52,False,1
stanford_cars/toklipl,stanford_cars,toklipl,classifier_1_blocks_avgpool_True_lr_0_00005,0.0001,5e-05,1,True,evaluated,12.4,45.57,False,1
stanford_cars/toklipl,stanford_cars,toklipl,classifier_1_blocks_avgpool_True_lr_0_00010,0.0002,0.0001,1,True,evaluated,38.58,71.1,False,1
stanford_cars/toklipl,stanford_cars,toklipl,classifier_1_blocks_avgpool_True_lr_0_00025,0.0005,0.00025,1,True,evaluated,63.46,91.73,False,1
stanford_cars/toklipl,stanford_cars,toklipl,classifier_1_blocks_avgpool_True_lr_0_00050,0.001,0.0005,1,True,evaluated,75.38,96.92,False,1
stanford_cars/toklipl,stanford_cars,toklipl,classifier_1_blocks_avgpool_True_lr_0_00100,0.002,0.001,1,True,evaluated,83.27,98.86,False,1
stanford_cars/toklipl,stanford_cars,toklipl,classifier_1_blocks_avgpool_True_lr_0_00250,0.005,0.0025,1,True,evaluated,89.29,99.54,False,1
stanford_cars/toklipl,stanford_cars,toklipl,classifier_1_blocks_avgpool_True_lr_0_00500,0.01,0.005,1,True,evaluated,91.58,99.71,False,1
stanford_cars/toklipl,stanford_cars,toklipl,classifier_1_blocks_avgpool_True_lr_0_01000,0.02,0.01,1,True,evaluated,92.7,99.78,False,1
stanford_cars/toklipl,stanford_cars,toklipl,classifier_1_blocks_avgpool_True_lr_0_02500,0.05,0.025,1,True,evaluated,93.45,99.79,False,1
stanford_cars/toklipl,stanford_cars,toklipl,classifier_1_blocks_avgpool_True_lr_0_05000,0.1,0.05,1,True,evaluated,93.76,99.79,False,1
stanford_cars/toklipl,stanford_cars,toklipl,classifier_4_blocks_avgpool_False_lr_0_00001,1e-05,5e-06,4,False,missing_name_collision,,,False,2
stanford_cars/toklipl,stanford_cars,toklipl,classifier_4_blocks_avgpool_False_lr_0_00001,2e-05,1e-05,4,False,evaluated,1.75,10.22,False,2
stanford_cars/toklipl,stanford_cars,toklipl,classifier_4_blocks_avgpool_False_lr_0_00003,5e-05,2.5e-05,4,False,evaluated,10.77,32.47,False,1
stanford_cars/toklipl,stanford_cars,toklipl,classifier_4_blocks_avgpool_False_lr_0_00005,0.0001,5e-05,4,False,evaluated,27.65,62.9,False,1
stanford_cars/toklipl,stanford_cars,toklipl,classifier_4_blocks_avgpool_False_lr_0_00010,0.0002,0.0001,4,False,evaluated,55.43,85.84,False,1
stanford_cars/toklipl,stanford_cars,toklipl,classifier_4_blocks_avgpool_False_lr_0_00025,0.0005,0.00025,4,False,evaluated,75.05,96.79,False,1
stanford_cars/toklipl,stanford_cars,toklipl,classifier_4_blocks_avgpool_False_lr_0_00050,0.001,0.0005,4,False,evaluated,83.19,98.83,False,1
stanford_cars/toklipl,stanford_cars,toklipl,classifier_4_blocks_avgpool_False_lr_0_00100,0.002,0.001,4,False,evaluated,88.36,99.45,False,1
stanford_cars/toklipl,stanford_cars,toklipl,classifier_4_blocks_avgpool_False_lr_0_00250,0.005,0.0025,4,False,evaluated,91.43,99.71,False,1
stanford_cars/toklipl,stanford_cars,toklipl,classifier_4_blocks_avgpool_False_lr_0_00500,0.01,0.005,4,False,evaluated,92.71,99.79,False,1
stanford_cars/toklipl,stanford_cars,toklipl,classifier_4_blocks_avgpool_False_lr_0_01000,0.02,0.01,4,False,evaluated,93.35,99.76,False,1
stanford_cars/toklipl,stanford_cars,toklipl,classifier_4_blocks_avgpool_False_lr_0_02500,0.05,0.025,4,False,evaluated,93.74,99.79,False,1
stanford_cars/toklipl,stanford_cars,toklipl,classifier_4_blocks_avgpool_False_lr_0_05000,0.1,0.05,4,False,evaluated,94.01,99.78,True,1
stanford_cars/toklipl,stanford_cars,toklipl,classifier_4_blocks_avgpool_True_lr_0_00001,1e-05,5e-06,4,True,missing_name_collision,,,False,2
stanford_cars/toklipl,stanford_cars,toklipl,classifier_4_blocks_avgpool_True_lr_0_00001,2e-05,1e-05,4,True,evaluated,2.66,12.1,False,2
stanford_cars/toklipl,stanford_cars,toklipl,classifier_4_blocks_avgpool_True_lr_0_00003,5e-05,2.5e-05,4,True,evaluated,12.98,38.18,False,1
stanford_cars/toklipl,stanford_cars,toklipl,classifier_4_blocks_avgpool_True_lr_0_00005,0.0001,5e-05,4,True,evaluated,38.08,69.16,False,1
stanford_cars/toklipl,stanford_cars,toklipl,classifier_4_blocks_avgpool_True_lr_0_00010,0.0002,0.0001,4,True,evaluated,58.48,88.71,False,1
stanford_cars/toklipl,stanford_cars,toklipl,classifier_4_blocks_avgpool_True_lr_0_00025,0.0005,0.00025,4,True,evaluated,77.49,97.46,False,1
stanford_cars/toklipl,stanford_cars,toklipl,classifier_4_blocks_avgpool_True_lr_0_00050,0.001,0.0005,4,True,evaluated,85.09,98.97,False,1
stanford_cars/toklipl,stanford_cars,toklipl,classifier_4_blocks_avgpool_True_lr_0_00100,0.002,0.001,4,True,evaluated,89.14,99.55,False,1
stanford_cars/toklipl,stanford_cars,toklipl,classifier_4_blocks_avgpool_True_lr_0_00250,0.005,0.0025,4,True,evaluated,91.87,99.74,False,1
stanford_cars/toklipl,stanford_cars,toklipl,classifier_4_blocks_avgpool_True_lr_0_00500,0.01,0.005,4,True,evaluated,92.81,99.76,False,1
stanford_cars/toklipl,stanford_cars,toklipl,classifier_4_blocks_avgpool_True_lr_0_01000,0.02,0.01,4,True,evaluated,93.47,99.79,False,1
stanford_cars/toklipl,stanford_cars,toklipl,classifier_4_blocks_avgpool_True_lr_0_02500,0.05,0.025,4,True,evaluated,93.82,99.79,False,1
stanford_cars/toklipl,stanford_cars,toklipl,classifier_4_blocks_avgpool_True_lr_0_05000,0.1,0.05,4,True,evaluated,93.97,99.74,False,1
stanford_cars/toklips,stanford_cars,toklips,classifier_1_blocks_avgpool_False_lr_0_00001,1e-05,5e-06,1,False,missing_name_collision,,,False,2
stanford_cars/toklips,stanford_cars,toklips,classifier_1_blocks_avgpool_False_lr_0_00001,2e-05,1e-05,1,False,evaluated,1.48,5.17,False,2
stanford_cars/toklips,stanford_cars,toklips,classifier_1_blocks_avgpool_False_lr_0_00003,5e-05,2.5e-05,1,False,evaluated,0.91,12.08,False,1
stanford_cars/toklips,stanford_cars,toklips,classifier_1_blocks_avgpool_False_lr_0_00005,0.0001,5e-05,1,False,evaluated,2.71,29.6,False,1
stanford_cars/toklips,stanford_cars,toklips,classifier_1_blocks_avgpool_False_lr_0_00010,0.0002,0.0001,1,False,evaluated,20.1,57.16,False,1
stanford_cars/toklips,stanford_cars,toklips,classifier_1_blocks_avgpool_False_lr_0_00025,0.0005,0.00025,1,False,evaluated,54.01,84.6,False,1
stanford_cars/toklips,stanford_cars,toklips,classifier_1_blocks_avgpool_False_lr_0_00050,0.001,0.0005,1,False,evaluated,66.96,93.42,False,1
stanford_cars/toklips,stanford_cars,toklips,classifier_1_blocks_avgpool_False_lr_0_00100,0.002,0.001,1,False,evaluated,76.88,97.29,False,1
stanford_cars/toklips,stanford_cars,toklips,classifier_1_blocks_avgpool_False_lr_0_00250,0.005,0.0025,1,False,evaluated,85.45,98.84,False,1
stanford_cars/toklips,stanford_cars,toklips,classifier_1_blocks_avgpool_False_lr_0_00500,0.01,0.005,1,False,evaluated,88.72,99.34,False,1
stanford_cars/toklips,stanford_cars,toklips,classifier_1_blocks_avgpool_False_lr_0_01000,0.02,0.01,1,False,evaluated,90.91,99.59,False,1
stanford_cars/toklips,stanford_cars,toklips,classifier_1_blocks_avgpool_False_lr_0_02500,0.05,0.025,1,False,evaluated,92.41,99.63,False,1
stanford_cars/toklips,stanford_cars,toklips,classifier_1_blocks_avgpool_False_lr_0_05000,0.1,0.05,1,False,evaluated,92.94,99.69,False,1
stanford_cars/toklips,stanford_cars,toklips,classifier_1_blocks_avgpool_True_lr_0_00001,1e-05,5e-06,1,True,missing_name_collision,,,False,2
stanford_cars/toklips,stanford_cars,toklips,classifier_1_blocks_avgpool_True_lr_0_00001,2e-05,1e-05,1,True,evaluated,1.11,7.4,False,2
stanford_cars/toklips,stanford_cars,toklips,classifier_1_blocks_avgpool_True_lr_0_00003,5e-05,2.5e-05,1,True,evaluated,4.34,20.74,False,1
stanford_cars/toklips,stanford_cars,toklips,classifier_1_blocks_avgpool_True_lr_0_00005,0.0001,5e-05,1,True,evaluated,18.58,49.3,False,1
stanford_cars/toklips,stanford_cars,toklips,classifier_1_blocks_avgpool_True_lr_0_00010,0.0002,0.0001,1,True,evaluated,40.92,74.87,False,1
stanford_cars/toklips,stanford_cars,toklips,classifier_1_blocks_avgpool_True_lr_0_00025,0.0005,0.00025,1,True,evaluated,65.7,92.69,False,1
stanford_cars/toklips,stanford_cars,toklips,classifier_1_blocks_avgpool_True_lr_0_00050,0.001,0.0005,1,True,evaluated,76.64,96.85,False,1
stanford_cars/toklips,stanford_cars,toklips,classifier_1_blocks_avgpool_True_lr_0_00100,0.002,0.001,1,True,evaluated,83.51,98.45,False,1
stanford_cars/toklips,stanford_cars,toklips,classifier_1_blocks_avgpool_True_lr_0_00250,0.005,0.0025,1,True,evaluated,88.6,99.4,False,1
stanford_cars/toklips,stanford_cars,toklips,classifier_1_blocks_avgpool_True_lr_0_00500,0.01,0.005,1,True,evaluated,90.93,99.56,False,1
stanford_cars/toklips,stanford_cars,toklips,classifier_1_blocks_avgpool_True_lr_0_01000,0.02,0.01,1,True,evaluated,92.18,99.6,False,1
stanford_cars/toklips,stanford_cars,toklips,classifier_1_blocks_avgpool_True_lr_0_02500,0.05,0.025,1,True,evaluated,92.89,99.69,False,1
stanford_cars/toklips,stanford_cars,toklips,classifier_1_blocks_avgpool_True_lr_0_05000,0.1,0.05,1,True,evaluated,93.14,99.68,False,1
stanford_cars/toklips,stanford_cars,toklips,classifier_4_blocks_avgpool_False_lr_0_00001,1e-05,5e-06,4,False,missing_name_collision,,,False,2
stanford_cars/toklips,stanford_cars,toklips,classifier_4_blocks_avgpool_False_lr_0_00001,2e-05,1e-05,4,False,evaluated,2.76,12.0,False,2
stanford_cars/toklips,stanford_cars,toklips,classifier_4_blocks_avgpool_False_lr_0_00003,5e-05,2.5e-05,4,False,evaluated,11.23,34.42,False,1
stanford_cars/toklips,stanford_cars,toklips,classifier_4_blocks_avgpool_False_lr_0_00005,0.0001,5e-05,4,False,evaluated,34.73,67.21,False,1
stanford_cars/toklips,stanford_cars,toklips,classifier_4_blocks_avgpool_False_lr_0_00010,0.0002,0.0001,4,False,evaluated,56.87,87.12,False,1
stanford_cars/toklips,stanford_cars,toklips,classifier_4_blocks_avgpool_False_lr_0_00025,0.0005,0.00025,4,False,evaluated,75.49,96.84,False,1
stanford_cars/toklips,stanford_cars,toklips,classifier_4_blocks_avgpool_False_lr_0_00050,0.001,0.0005,4,False,evaluated,83.22,98.51,False,1
stanford_cars/toklips,stanford_cars,toklips,classifier_4_blocks_avgpool_False_lr_0_00100,0.002,0.001,4,False,evaluated,87.7,99.18,False,1
stanford_cars/toklips,stanford_cars,toklips,classifier_4_blocks_avgpool_False_lr_0_00250,0.005,0.0025,4,False,evaluated,90.97,99.59,False,1
stanford_cars/toklips,stanford_cars,toklips,classifier_4_blocks_avgpool_False_lr_0_00500,0.01,0.005,4,False,evaluated,92.28,99.59,False,1
stanford_cars/toklips,stanford_cars,toklips,classifier_4_blocks_avgpool_False_lr_0_01000,0.02,0.01,4,False,evaluated,92.77,99.65,False,1
stanford_cars/toklips,stanford_cars,toklips,classifier_4_blocks_avgpool_False_lr_0_02500,0.05,0.025,4,False,evaluated,93.12,99.68,False,1
stanford_cars/toklips,stanford_cars,toklips,classifier_4_blocks_avgpool_False_lr_0_05000,0.1,0.05,4,False,evaluated,93.35,99.65,False,1
stanford_cars/toklips,stanford_cars,toklips,classifier_4_blocks_avgpool_True_lr_0_00001,1e-05,5e-06,4,True,missing_name_collision,,,False,2
stanford_cars/toklips,stanford_cars,toklips,classifier_4_blocks_avgpool_True_lr_0_00001,2e-05,1e-05,4,True,evaluated,3.36,14.53,False,2
stanford_cars/toklips,stanford_cars,toklips,classifier_4_blocks_avgpool_True_lr_0_00003,5e-05,2.5e-05,4,True,evaluated,13.73,42.53,False,1
stanford_cars/toklips,stanford_cars,toklips,classifier_4_blocks_avgpool_True_lr_0_00005,0.0001,5e-05,4,True,evaluated,38.59,70.9,False,1
stanford_cars/toklips,stanford_cars,toklips,classifier_4_blocks_avgpool_True_lr_0_00010,0.0002,0.0001,4,True,evaluated,60.54,90.37,False,1
stanford_cars/toklips,stanford_cars,toklips,classifier_4_blocks_avgpool_True_lr_0_00025,0.0005,0.00025,4,True,evaluated,77.7,97.41,False,1
stanford_cars/toklips,stanford_cars,toklips,classifier_4_blocks_avgpool_True_lr_0_00050,0.001,0.0005,4,True,evaluated,85.06,98.77,False,1
stanford_cars/toklips,stanford_cars,toklips,classifier_4_blocks_avgpool_True_lr_0_00100,0.002,0.001,4,True,evaluated,88.72,99.3,False,1
stanford_cars/toklips,stanford_cars,toklips,classifier_4_blocks_avgpool_True_lr_0_00250,0.005,0.0025,4,True,evaluated,91.38,99.65,False,1
stanford_cars/toklips,stanford_cars,toklips,classifier_4_blocks_avgpool_True_lr_0_00500,0.01,0.005,4,True,evaluated,92.34,99.6,False,1
stanford_cars/toklips,stanford_cars,toklips,classifier_4_blocks_avgpool_True_lr_0_01000,0.02,0.01,4,True,evaluated,92.94,99.65,False,1
stanford_cars/toklips,stanford_cars,toklips,classifier_4_blocks_avgpool_True_lr_0_02500,0.05,0.025,4,True,evaluated,93.22,99.69,False,1
stanford_cars/toklips,stanford_cars,toklips,classifier_4_blocks_avgpool_True_lr_0_05000,0.1,0.05,4,True,evaluated,93.41,99.69,True,1
stanford_cars/unitok,stanford_cars,unitok,classifier_1_blocks_avgpool_False_lr_0_00001,1e-05,5e-06,1,False,missing_name_collision,,,False,2
stanford_cars/unitok,stanford_cars,unitok,classifier_1_blocks_avgpool_False_lr_0_00001,2e-05,1e-05,1,False,evaluated,8.78,26.91,False,2
stanford_cars/unitok,stanford_cars,unitok,classifier_1_blocks_avgpool_False_lr_0_00003,5e-05,2.5e-05,1,False,evaluated,37.16,73.24,False,1
stanford_cars/unitok,stanford_cars,unitok,classifier_1_blocks_avgpool_False_lr_0_00005,0.0001,5e-05,1,False,evaluated,60.33,93.82,False,1
stanford_cars/unitok,stanford_cars,unitok,classifier_1_blocks_avgpool_False_lr_0_00010,0.0002,0.0001,1,False,evaluated,76.2,98.53,False,1
stanford_cars/unitok,stanford_cars,unitok,classifier_1_blocks_avgpool_False_lr_0_00025,0.0005,0.00025,1,False,evaluated,86.74,99.54,False,1
stanford_cars/unitok,stanford_cars,unitok,classifier_1_blocks_avgpool_False_lr_0_00050,0.001,0.0005,1,False,evaluated,89.65,99.73,False,1
stanford_cars/unitok,stanford_cars,unitok,classifier_1_blocks_avgpool_False_lr_0_00100,0.002,0.001,1,False,evaluated,91.16,99.74,False,1
stanford_cars/unitok,stanford_cars,unitok,classifier_1_blocks_avgpool_False_lr_0_00250,0.005,0.0025,1,False,evaluated,91.85,99.74,False,1
stanford_cars/unitok,stanford_cars,unitok,classifier_1_blocks_avgpool_False_lr_0_00500,0.01,0.005,1,False,evaluated,92.13,99.74,False,1
stanford_cars/unitok,stanford_cars,unitok,classifier_1_blocks_avgpool_False_lr_0_01000,0.02,0.01,1,False,evaluated,91.99,99.73,False,1
stanford_cars/unitok,stanford_cars,unitok,classifier_1_blocks_avgpool_False_lr_0_02500,0.05,0.025,1,False,evaluated,91.9,99.73,False,1
stanford_cars/unitok,stanford_cars,unitok,classifier_1_blocks_avgpool_False_lr_0_05000,0.1,0.05,1,False,evaluated,91.37,99.68,False,1
stanford_cars/unitok,stanford_cars,unitok,classifier_1_blocks_avgpool_True_lr_0_00001,1e-05,5e-06,1,True,missing_name_collision,,,False,2
stanford_cars/unitok,stanford_cars,unitok,classifier_1_blocks_avgpool_True_lr_0_00001,2e-05,1e-05,1,True,evaluated,10.19,29.44,False,2
stanford_cars/unitok,stanford_cars,unitok,classifier_1_blocks_avgpool_True_lr_0_00003,5e-05,2.5e-05,1,True,evaluated,38.33,76.59,False,1
stanford_cars/unitok,stanford_cars,unitok,classifier_1_blocks_avgpool_True_lr_0_00005,0.0001,5e-05,1,True,evaluated,62.74,94.32,False,1
stanford_cars/unitok,stanford_cars,unitok,classifier_1_blocks_avgpool_True_lr_0_00010,0.0002,0.0001,1,True,evaluated,77.23,98.51,False,1
stanford_cars/unitok,stanford_cars,unitok,classifier_1_blocks_avgpool_True_lr_0_00025,0.0005,0.00025,1,True,evaluated,87.18,99.61,False,1
stanford_cars/unitok,stanford_cars,unitok,classifier_1_blocks_avgpool_True_lr_0_00050,0.001,0.0005,1,True,evaluated,89.98,99.69,False,1
stanford_cars/unitok,stanford_cars,unitok,classifier_1_blocks_avgpool_True_lr_0_00100,0.002,0.001,1,True,evaluated,91.12,99.71,False,1
stanford_cars/unitok,stanford_cars,unitok,classifier_1_blocks_avgpool_True_lr_0_00250,0.005,0.0025,1,True,evaluated,91.93,99.73,False,1
stanford_cars/unitok,stanford_cars,unitok,classifier_1_blocks_avgpool_True_lr_0_00500,0.01,0.005,1,True,evaluated,91.94,99.73,False,1
stanford_cars/unitok,stanford_cars,unitok,classifier_1_blocks_avgpool_True_lr_0_01000,0.02,0.01,1,True,evaluated,92.02,99.74,False,1
stanford_cars/unitok,stanford_cars,unitok,classifier_1_blocks_avgpool_True_lr_0_02500,0.05,0.025,1,True,evaluated,91.69,99.66,False,1
stanford_cars/unitok,stanford_cars,unitok,classifier_1_blocks_avgpool_True_lr_0_05000,0.1,0.05,1,True,evaluated,91.31,99.68,False,1
stanford_cars/unitok,stanford_cars,unitok,classifier_4_blocks_avgpool_False_lr_0_00001,1e-05,5e-06,4,False,missing_name_collision,,,False,2
stanford_cars/unitok,stanford_cars,unitok,classifier_4_blocks_avgpool_False_lr_0_00001,2e-05,1e-05,4,False,evaluated,33.11,68.51,False,2
stanford_cars/unitok,stanford_cars,unitok,classifier_4_blocks_avgpool_False_lr_0_00003,5e-05,2.5e-05,4,False,evaluated,66.84,96.08,False,1
stanford_cars/unitok,stanford_cars,unitok,classifier_4_blocks_avgpool_False_lr_0_00005,0.0001,5e-05,4,False,evaluated,81.64,99.19,False,1
stanford_cars/unitok,stanford_cars,unitok,classifier_4_blocks_avgpool_False_lr_0_00010,0.0002,0.0001,4,False,evaluated,87.61,99.75,False,1
stanford_cars/unitok,stanford_cars,unitok,classifier_4_blocks_avgpool_False_lr_0_00025,0.0005,0.00025,4,False,evaluated,90.76,99.74,False,1
stanford_cars/unitok,stanford_cars,unitok,classifier_4_blocks_avgpool_False_lr_0_00050,0.001,0.0005,4,False,evaluated,91.41,99.73,False,1
stanford_cars/unitok,stanford_cars,unitok,classifier_4_blocks_avgpool_False_lr_0_00100,0.002,0.001,4,False,evaluated,91.8,99.75,False,1
stanford_cars/unitok,stanford_cars,unitok,classifier_4_blocks_avgpool_False_lr_0_00250,0.005,0.0025,4,False,evaluated,92.15,99.7,True,1
stanford_cars/unitok,stanford_cars,unitok,classifier_4_blocks_avgpool_False_lr_0_00500,0.01,0.005,4,False,evaluated,91.99,99.71,False,1
stanford_cars/unitok,stanford_cars,unitok,classifier_4_blocks_avgpool_False_lr_0_01000,0.02,0.01,4,False,evaluated,91.63,99.7,False,1
stanford_cars/unitok,stanford_cars,unitok,classifier_4_blocks_avgpool_False_lr_0_02500,0.05,0.025,4,False,evaluated,90.85,99.64,False,1
stanford_cars/unitok,stanford_cars,unitok,classifier_4_blocks_avgpool_False_lr_0_05000,0.1,0.05,4,False,evaluated,90.52,99.63,False,1
stanford_cars/unitok,stanford_cars,unitok,classifier_4_blocks_avgpool_True_lr_0_00001,1e-05,5e-06,4,True,missing_name_collision,,,False,2
stanford_cars/unitok,stanford_cars,unitok,classifier_4_blocks_avgpool_True_lr_0_00001,2e-05,1e-05,4,True,evaluated,35.0,69.84,False,2
stanford_cars/unitok,stanford_cars,unitok,classifier_4_blocks_avgpool_True_lr_0_00003,5e-05,2.5e-05,4,True,evaluated,67.22,96.63,False,1
stanford_cars/unitok,stanford_cars,unitok,classifier_4_blocks_avgpool_True_lr_0_00005,0.0001,5e-05,4,True,evaluated,81.71,99.29,False,1
stanford_cars/unitok,stanford_cars,unitok,classifier_4_blocks_avgpool_True_lr_0_00010,0.0002,0.0001,4,True,evaluated,88.22,99.61,False,1
stanford_cars/unitok,stanford_cars,unitok,classifier_4_blocks_avgpool_True_lr_0_00025,0.0005,0.00025,4,True,evaluated,90.54,99.7,False,1
stanford_cars/unitok,stanford_cars,unitok,classifier_4_blocks_avgpool_True_lr_0_00050,0.001,0.0005,4,True,evaluated,91.72,99.73,False,1
stanford_cars/unitok,stanford_cars,unitok,classifier_4_blocks_avgpool_True_lr_0_00100,0.002,0.001,4,True,evaluated,91.92,99.75,False,1
stanford_cars/unitok,stanford_cars,unitok,classifier_4_blocks_avgpool_True_lr_0_00250,0.005,0.0025,4,True,evaluated,91.94,99.71,False,1
stanford_cars/unitok,stanford_cars,unitok,classifier_4_blocks_avgpool_True_lr_0_00500,0.01,0.005,4,True,evaluated,91.74,99.71,False,1
stanford_cars/unitok,stanford_cars,unitok,classifier_4_blocks_avgpool_True_lr_0_01000,0.02,0.01,4,True,evaluated,91.56,99.68,False,1
stanford_cars/unitok,stanford_cars,unitok,classifier_4_blocks_avgpool_True_lr_0_02500,0.05,0.025,4,True,evaluated,90.81,99.64,False,1
stanford_cars/unitok,stanford_cars,unitok,classifier_4_blocks_avgpool_True_lr_0_05000,0.1,0.05,4,True,evaluated,90.56,99.61,False,1
stanford_cars/vilau,stanford_cars,vilau,classifier_1_blocks_avgpool_False_lr_0_00001,1e-05,5e-06,1,False,missing_name_collision,,,False,2
stanford_cars/vilau,stanford_cars,vilau,classifier_1_blocks_avgpool_False_lr_0_00001,2e-05,1e-05,1,False,evaluated,1.68,9.5,False,2
stanford_cars/vilau,stanford_cars,vilau,classifier_1_blocks_avgpool_False_lr_0_00003,5e-05,2.5e-05,1,False,evaluated,5.99,28.96,False,1
stanford_cars/vilau,stanford_cars,vilau,classifier_1_blocks_avgpool_False_lr_0_00005,0.0001,5e-05,1,False,evaluated,24.2,64.62,False,1
stanford_cars/vilau,stanford_cars,vilau,classifier_1_blocks_avgpool_False_lr_0_00010,0.0002,0.0001,1,False,evaluated,54.06,87.94,False,1
stanford_cars/vilau,stanford_cars,vilau,classifier_1_blocks_avgpool_False_lr_0_00025,0.0005,0.00025,1,False,evaluated,77.2,97.7,False,1
stanford_cars/vilau,stanford_cars,vilau,classifier_1_blocks_avgpool_False_lr_0_00050,0.001,0.0005,1,False,evaluated,83.91,99.03,False,1
stanford_cars/vilau,stanford_cars,vilau,classifier_1_blocks_avgpool_False_lr_0_00100,0.002,0.001,1,False,evaluated,88.27,99.49,False,1
stanford_cars/vilau,stanford_cars,vilau,classifier_1_blocks_avgpool_False_lr_0_00250,0.005,0.0025,1,False,evaluated,91.34,99.76,False,1
stanford_cars/vilau,stanford_cars,vilau,classifier_1_blocks_avgpool_False_lr_0_00500,0.01,0.005,1,False,evaluated,92.1,99.74,False,1
stanford_cars/vilau,stanford_cars,vilau,classifier_1_blocks_avgpool_False_lr_0_01000,0.02,0.01,1,False,evaluated,92.79,99.75,False,1
stanford_cars/vilau,stanford_cars,vilau,classifier_1_blocks_avgpool_False_lr_0_02500,0.05,0.025,1,False,evaluated,93.27,99.76,False,1
stanford_cars/vilau,stanford_cars,vilau,classifier_1_blocks_avgpool_False_lr_0_05000,0.1,0.05,1,False,evaluated,93.36,99.79,False,1
stanford_cars/vilau,stanford_cars,vilau,classifier_1_blocks_avgpool_True_lr_0_00001,1e-05,5e-06,1,True,missing_name_collision,,,False,2
stanford_cars/vilau,stanford_cars,vilau,classifier_1_blocks_avgpool_True_lr_0_00001,2e-05,1e-05,1,True,evaluated,4.24,15.92,False,2
stanford_cars/vilau,stanford_cars,vilau,classifier_1_blocks_avgpool_True_lr_0_00003,5e-05,2.5e-05,1,True,evaluated,22.25,51.15,False,1
stanford_cars/vilau,stanford_cars,vilau,classifier_1_blocks_avgpool_True_lr_0_00005,0.0001,5e-05,1,True,evaluated,50.07,82.93,False,1
stanford_cars/vilau,stanford_cars,vilau,classifier_1_blocks_avgpool_True_lr_0_00010,0.0002,0.0001,1,True,evaluated,72.17,96.27,False,1
stanford_cars/vilau,stanford_cars,vilau,classifier_1_blocks_avgpool_True_lr_0_00025,0.0005,0.00025,1,True,evaluated,83.42,98.69,False,1
stanford_cars/vilau,stanford_cars,vilau,classifier_1_blocks_avgpool_True_lr_0_00050,0.001,0.0005,1,True,evaluated,88.17,99.53,False,1
stanford_cars/vilau,stanford_cars,vilau,classifier_1_blocks_avgpool_True_lr_0_00100,0.002,0.001,1,True,evaluated,90.54,99.69,False,1
stanford_cars/vilau,stanford_cars,vilau,classifier_1_blocks_avgpool_True_lr_0_00250,0.005,0.0025,1,True,evaluated,92.33,99.75,False,1
stanford_cars/vilau,stanford_cars,vilau,classifier_1_blocks_avgpool_True_lr_0_00500,0.01,0.005,1,True,evaluated,92.69,99.76,False,1
stanford_cars/vilau,stanford_cars,vilau,classifier_1_blocks_avgpool_True_lr_0_01000,0.02,0.01,1,True,evaluated,93.12,99.79,False,1
stanford_cars/vilau,stanford_cars,vilau,classifier_1_blocks_avgpool_True_lr_0_02500,0.05,0.025,1,True,evaluated,93.4,99.78,False,1
stanford_cars/vilau,stanford_cars,vilau,classifier_1_blocks_avgpool_True_lr_0_05000,0.1,0.05,1,True,evaluated,93.32,99.74,False,1
stanford_cars/vilau,stanford_cars,vilau,classifier_4_blocks_avgpool_False_lr_0_00001,1e-05,5e-06,4,False,missing_name_collision,,,False,2
stanford_cars/vilau,stanford_cars,vilau,classifier_4_blocks_avgpool_False_lr_0_00001,2e-05,1e-05,4,False,evaluated,11.55,28.37,False,2
stanford_cars/vilau,stanford_cars,vilau,classifier_4_blocks_avgpool_False_lr_0_00003,5e-05,2.5e-05,4,False,evaluated,40.52,73.77,False,1
stanford_cars/vilau,stanford_cars,vilau,classifier_4_blocks_avgpool_False_lr_0_00005,0.0001,5e-05,4,False,evaluated,67.58,93.69,False,1
stanford_cars/vilau,stanford_cars,vilau,classifier_4_blocks_avgpool_False_lr_0_00010,0.0002,0.0001,4,False,evaluated,79.77,98.33,False,1
stanford_cars/vilau,stanford_cars,vilau,classifier_4_blocks_avgpool_False_lr_0_00025,0.0005,0.00025,4,False,evaluated,87.58,99.55,False,1
stanford_cars/vilau,stanford_cars,vilau,classifier_4_blocks_avgpool_False_lr_0_00050,0.001,0.0005,4,False,evaluated,90.42,99.66,False,1
stanford_cars/vilau,stanford_cars,vilau,classifier_4_blocks_avgpool_False_lr_0_00100,0.002,0.001,4,False,evaluated,91.73,99.73,False,1
stanford_cars/vilau,stanford_cars,vilau,classifier_4_blocks_avgpool_False_lr_0_00250,0.005,0.0025,4,False,evaluated,92.63,99.75,False,1
stanford_cars/vilau,stanford_cars,vilau,classifier_4_blocks_avgpool_False_lr_0_00500,0.01,0.005,4,False,evaluated,93.21,99.78,False,1
stanford_cars/vilau,stanford_cars,vilau,classifier_4_blocks_avgpool_False_lr_0_01000,0.02,0.01,4,False,evaluated,93.28,99.79,False,1
stanford_cars/vilau,stanford_cars,vilau,classifier_4_blocks_avgpool_False_lr_0_02500,0.05,0.025,4,False,evaluated,93.46,99.75,True,1
stanford_cars/vilau,stanford_cars,vilau,classifier_4_blocks_avgpool_False_lr_0_05000,0.1,0.05,4,False,evaluated,93.36,99.7,False,1
stanford_cars/vilau,stanford_cars,vilau,classifier_4_blocks_avgpool_True_lr_0_00001,1e-05,5e-06,4,True,missing_name_collision,,,False,2
stanford_cars/vilau,stanford_cars,vilau,classifier_4_blocks_avgpool_True_lr_0_00001,2e-05,1e-05,4,True,evaluated,13.16,32.73,False,2
stanford_cars/vilau,stanford_cars,vilau,classifier_4_blocks_avgpool_True_lr_0_00003,5e-05,2.5e-05,4,True,evaluated,48.2,80.08,False,1
stanford_cars/vilau,stanford_cars,vilau,classifier_4_blocks_avgpool_True_lr_0_00005,0.0001,5e-05,4,True,evaluated,70.97,96.47,False,1
stanford_cars/vilau,stanford_cars,vilau,classifier_4_blocks_avgpool_True_lr_0_00010,0.0002,0.0001,4,True,evaluated,81.89,98.71,False,1
stanford_cars/vilau,stanford_cars,vilau,classifier_4_blocks_avgpool_True_lr_0_00025,0.0005,0.00025,4,True,evaluated,88.6,99.58,False,1
stanford_cars/vilau,stanford_cars,vilau,classifier_4_blocks_avgpool_True_lr_0_00050,0.001,0.0005,4,True,evaluated,90.82,99.7,False,1
stanford_cars/vilau,stanford_cars,vilau,classifier_4_blocks_avgpool_True_lr_0_00100,0.002,0.001,4,True,evaluated,92.03,99.73,False,1
stanford_cars/vilau,stanford_cars,vilau,classifier_4_blocks_avgpool_True_lr_0_00250,0.005,0.0025,4,True,evaluated,92.96,99.75,False,1
stanford_cars/vilau,stanford_cars,vilau,classifier_4_blocks_avgpool_True_lr_0_00500,0.01,0.005,4,True,evaluated,93.23,99.76,False,1
stanford_cars/vilau,stanford_cars,vilau,classifier_4_blocks_avgpool_True_lr_0_01000,0.02,0.01,4,True,evaluated,93.45,99.76,False,1
stanford_cars/vilau,stanford_cars,vilau,classifier_4_blocks_avgpool_True_lr_0_02500,0.05,0.025,4,True,evaluated,93.33,99.71,False,1
stanford_cars/vilau,stanford_cars,vilau,classifier_4_blocks_avgpool_True_lr_0_05000,0.1,0.05,4,True,evaluated,93.36,99.74,False,1
sun397/metaclip,sun397,metaclip,classifier_1_blocks_avgpool_False_lr_0_00001,1e-05,5e-06,1,False,missing_name_collision,,,False,2
sun397/metaclip,sun397,metaclip,classifier_1_blocks_avgpool_False_lr_0_00001,2e-05,1e-05,1,False,evaluated,5.87,16.62,False,2
sun397/metaclip,sun397,metaclip,classifier_1_blocks_avgpool_False_lr_0_00003,5e-05,2.5e-05,1,False,evaluated,15.26,27.11,False,1
sun397/metaclip,sun397,metaclip,classifier_1_blocks_avgpool_False_lr_0_00005,0.0001,5e-05,1,False,evaluated,25.94,41.75,False,1
sun397/metaclip,sun397,metaclip,classifier_1_blocks_avgpool_False_lr_0_00010,0.0002,0.0001,1,False,evaluated,38.22,57.54,False,1
sun397/metaclip,sun397,metaclip,classifier_1_blocks_avgpool_False_lr_0_00025,0.0005,0.00025,1,False,evaluated,56.18,78.83,False,1
sun397/metaclip,sun397,metaclip,classifier_1_blocks_avgpool_False_lr_0_00050,0.001,0.0005,1,False,evaluated,67.66,90.67,False,1
sun397/metaclip,sun397,metaclip,classifier_1_blocks_avgpool_False_lr_0_00100,0.002,0.001,1,False,evaluated,75.52,95.7,False,1
sun397/metaclip,sun397,metaclip,classifier_1_blocks_avgpool_False_lr_0_00250,0.005,0.0025,1,False,evaluated,80.04,97.13,False,1
sun397/metaclip,sun397,metaclip,classifier_1_blocks_avgpool_False_lr_0_00500,0.01,0.005,1,False,evaluated,81.45,97.57,False,1
sun397/metaclip,sun397,metaclip,classifier_1_blocks_avgpool_False_lr_0_01000,0.02,0.01,1,False,evaluated,82.46,97.89,False,1
sun397/metaclip,sun397,metaclip,classifier_1_blocks_avgpool_False_lr_0_02500,0.05,0.025,1,False,evaluated,82.44,97.89,False,1
sun397/metaclip,sun397,metaclip,classifier_1_blocks_avgpool_False_lr_0_05000,0.1,0.05,1,False,evaluated,82.07,97.63,False,1
sun397/metaclip,sun397,metaclip,classifier_1_blocks_avgpool_True_lr_0_00001,1e-05,5e-06,1,True,missing_name_collision,,,False,2
sun397/metaclip,sun397,metaclip,classifier_1_blocks_avgpool_True_lr_0_00001,2e-05,1e-05,1,True,evaluated,5.45,16.96,False,2
sun397/metaclip,sun397,metaclip,classifier_1_blocks_avgpool_True_lr_0_00003,5e-05,2.5e-05,1,True,evaluated,17.7,30.9,False,1
sun397/metaclip,sun397,metaclip,classifier_1_blocks_avgpool_True_lr_0_00005,0.0001,5e-05,1,True,evaluated,28.74,44.62,False,1
sun397/metaclip,sun397,metaclip,classifier_1_blocks_avgpool_True_lr_0_00010,0.0002,0.0001,1,True,evaluated,40.37,61.68,False,1
sun397/metaclip,sun397,metaclip,classifier_1_blocks_avgpool_True_lr_0_00025,0.0005,0.00025,1,True,evaluated,58.9,82.21,False,1
sun397/metaclip,sun397,metaclip,classifier_1_blocks_avgpool_True_lr_0_00050,0.001,0.0005,1,True,evaluated,69.55,92.61,False,1
sun397/metaclip,sun397,metaclip,classifier_1_blocks_avgpool_True_lr_0_00100,0.002,0.001,1,True,evaluated,76.48,96.17,False,1
sun397/metaclip,sun397,metaclip,classifier_1_blocks_avgpool_True_lr_0_00250,0.005,0.0025,1,True,evaluated,80.54,97.19,False,1
sun397/metaclip,sun397,metaclip,classifier_1_blocks_avgpool_True_lr_0_00500,0.01,0.005,1,True,evaluated,81.95,97.65,False,1
sun397/metaclip,sun397,metaclip,classifier_1_blocks_avgpool_True_lr_0_01000,0.02,0.01,1,True,evaluated,82.6,97.98,False,1
sun397/metaclip,sun397,metaclip,classifier_1_blocks_avgpool_True_lr_0_02500,0.05,0.025,1,True,evaluated,82.63,97.91,False,1
sun397/metaclip,sun397,metaclip,classifier_1_blocks_avgpool_True_lr_0_05000,0.1,0.05,1,True,evaluated,82.38,97.68,False,1
sun397/metaclip,sun397,metaclip,classifier_4_blocks_avgpool_False_lr_0_00001,1e-05,5e-06,4,False,missing_name_collision,,,False,2
sun397/metaclip,sun397,metaclip,classifier_4_blocks_avgpool_False_lr_0_00001,2e-05,1e-05,4,False,evaluated,9.79,20.41,False,2
sun397/metaclip,sun397,metaclip,classifier_4_blocks_avgpool_False_lr_0_00003,5e-05,2.5e-05,4,False,evaluated,19.9,34.19,False,1
sun397/metaclip,sun397,metaclip,classifier_4_blocks_avgpool_False_lr_0_00005,0.0001,5e-05,4,False,evaluated,32.25,49.94,False,1
sun397/metaclip,sun397,metaclip,classifier_4_blocks_avgpool_False_lr_0_00010,0.0002,0.0001,4,False,evaluated,45.39,66.53,False,1
sun397/metaclip,sun397,metaclip,classifier_4_blocks_avgpool_False_lr_0_00025,0.0005,0.00025,4,False,evaluated,62.97,86.11,False,1
sun397/metaclip,sun397,metaclip,classifier_4_blocks_avgpool_False_lr_0_00050,0.001,0.0005,4,False,evaluated,72.45,94.46,False,1
sun397/metaclip,sun397,metaclip,classifier_4_blocks_avgpool_False_lr_0_00100,0.002,0.001,4,False,evaluated,78.17,96.51,False,1
sun397/metaclip,sun397,metaclip,classifier_4_blocks_avgpool_False_lr_0_00250,0.005,0.0025,4,False,evaluated,81.02,97.39,False,1
sun397/metaclip,sun397,metaclip,classifier_4_blocks_avgpool_False_lr_0_00500,0.01,0.005,4,False,evaluated,82.1,97.69,False,1
sun397/metaclip,sun397,metaclip,classifier_4_blocks_avgpool_False_lr_0_01000,0.02,0.01,4,False,evaluated,82.57,97.82,False,1
sun397/metaclip,sun397,metaclip,classifier_4_blocks_avgpool_False_lr_0_02500,0.05,0.025,4,False,evaluated,82.33,97.78,False,1
sun397/metaclip,sun397,metaclip,classifier_4_blocks_avgpool_False_lr_0_05000,0.1,0.05,4,False,evaluated,81.54,97.46,False,1
sun397/metaclip,sun397,metaclip,classifier_4_blocks_avgpool_True_lr_0_00001,1e-05,5e-06,4,True,missing_name_collision,,,False,2
sun397/metaclip,sun397,metaclip,classifier_4_blocks_avgpool_True_lr_0_00001,2e-05,1e-05,4,True,evaluated,10.69,21.74,False,2
sun397/metaclip,sun397,metaclip,classifier_4_blocks_avgpool_True_lr_0_00003,5e-05,2.5e-05,4,True,evaluated,23.41,37.26,False,1
sun397/metaclip,sun397,metaclip,classifier_4_blocks_avgpool_True_lr_0_00005,0.0001,5e-05,4,True,evaluated,33.91,52.47,False,1
sun397/metaclip,sun397,metaclip,classifier_4_blocks_avgpool_True_lr_0_00010,0.0002,0.0001,4,True,evaluated,47.48,69.85,False,1
sun397/metaclip,sun397,metaclip,classifier_4_blocks_avgpool_True_lr_0_00025,0.0005,0.00025,4,True,evaluated,64.6,87.64,False,1
sun397/metaclip,sun397,metaclip,classifier_4_blocks_avgpool_True_lr_0_00050,0.001,0.0005,4,True,evaluated,73.74,95.1,False,1
sun397/metaclip,sun397,metaclip,classifier_4_blocks_avgpool_True_lr_0_00100,0.002,0.001,4,True,evaluated,78.58,96.62,False,1
sun397/metaclip,sun397,metaclip,classifier_4_blocks_avgpool_True_lr_0_00250,0.005,0.0025,4,True,evaluated,81.13,97.43,False,1
sun397/metaclip,sun397,metaclip,classifier_4_blocks_avgpool_True_lr_0_00500,0.01,0.005,4,True,evaluated,82.06,97.69,False,1
sun397/metaclip,sun397,metaclip,classifier_4_blocks_avgpool_True_lr_0_01000,0.02,0.01,4,True,evaluated,82.86,97.85,True,1
sun397/metaclip,sun397,metaclip,classifier_4_blocks_avgpool_True_lr_0_02500,0.05,0.025,4,True,evaluated,82.46,97.8,False,1
sun397/metaclip,sun397,metaclip,classifier_4_blocks_avgpool_True_lr_0_05000,0.1,0.05,4,True,evaluated,81.6,97.41,False,1
sun397/toklipl,sun397,toklipl,classifier_1_blocks_avgpool_False_lr_0_00001,1e-05,5e-06,1,False,missing_name_collision,,,False,2
sun397/toklipl,sun397,toklipl,classifier_1_blocks_avgpool_False_lr_0_00001,2e-05,1e-05,1,False,evaluated,2.76,9.51,False,2
sun397/toklipl,sun397,toklipl,classifier_1_blocks_avgpool_False_lr_0_00003,5e-05,2.5e-05,1,False,evaluated,4.81,14.74,False,1
sun397/toklipl,sun397,toklipl,classifier_1_blocks_avgpool_False_lr_0_00005,0.0001,5e-05,1,False,evaluated,8.86,21.23,False,1
sun397/toklipl,sun397,toklipl,classifier_1_blocks_avgpool_False_lr_0_00010,0.0002,0.0001,1,False,evaluated,16.85,29.98,False,1
sun397/toklipl,sun397,toklipl,classifier_1_blocks_avgpool_False_lr_0_00025,0.0005,0.00025,1,False,evaluated,27.55,45.02,False,1
sun397/toklipl,sun397,toklipl,classifier_1_blocks_avgpool_False_lr_0_00050,0.001,0.0005,1,False,evaluated,39.94,61.92,False,1
sun397/toklipl,sun397,toklipl,classifier_1_blocks_avgpool_False_lr_0_00100,0.002,0.001,1,False,evaluated,52.56,76.05,False,1
sun397/toklipl,sun397,toklipl,classifier_1_blocks_avgpool_False_lr_0_00250,0.005,0.0025,1,False,evaluated,68.02,91.04,False,1
sun397/toklipl,sun397,toklipl,classifier_1_blocks_avgpool_False_lr_0_00500,0.01,0.005,1,False,evaluated,75.67,95.7,False,1
sun397/toklipl,sun397,toklipl,classifier_1_blocks_avgpool_False_lr_0_01000,0.02,0.01,1,False,evaluated,79.49,96.78,False,1
sun397/toklipl,sun397,toklipl,classifier_1_blocks_avgpool_False_lr_0_02500,0.05,0.025,1,False,evaluated,81.54,97.44,False,1
sun397/toklipl,sun397,toklipl,classifier_1_blocks_avgpool_False_lr_0_05000,0.1,0.05,1,False,evaluated,82.44,97.63,False,1
sun397/toklipl,sun397,toklipl,classifier_1_blocks_avgpool_True_lr_0_00001,1e-05,5e-06,1,True,missing_name_collision,,,False,2
sun397/toklipl,sun397,toklipl,classifier_1_blocks_avgpool_True_lr_0_00001,2e-05,1e-05,1,True,evaluated,3.51,12.92,False,2
sun397/toklipl,sun397,toklipl,classifier_1_blocks_avgpool_True_lr_0_00003,5e-05,2.5e-05,1,True,evaluated,8.75,21.71,False,1
sun397/toklipl,sun397,toklipl,classifier_1_blocks_avgpool_True_lr_0_00005,0.0001,5e-05,1,True,evaluated,16.77,29.56,False,1
sun397/toklipl,sun397,toklipl,classifier_1_blocks_avgpool_True_lr_0_00010,0.0002,0.0001,1,True,evaluated,24.4,40.62,False,1
sun397/toklipl,sun397,toklipl,classifier_1_blocks_avgpool_True_lr_0_00025,0.0005,0.00025,1,True,evaluated,39.87,62.05,False,1
sun397/toklipl,sun397,toklipl,classifier_1_blocks_avgpool_True_lr_0_00050,0.001,0.0005,1,True,evaluated,52.62,76.04,False,1
sun397/toklipl,sun397,toklipl,classifier_1_blocks_avgpool_True_lr_0_00100,0.002,0.001,1,True,evaluated,64.97,88.2,False,1
sun397/toklipl,sun397,toklipl,classifier_1_blocks_avgpool_True_lr_0_00250,0.005,0.0025,1,True,evaluated,75.4,95.62,False,1
sun397/toklipl,sun397,toklipl,classifier_1_blocks_avgpool_True_lr_0_00500,0.01,0.005,1,True,evaluated,79.54,96.85,False,1
sun397/toklipl,sun397,toklipl,classifier_1_blocks_avgpool_True_lr_0_01000,0.02,0.01,1,True,evaluated,81.27,97.3,False,1
sun397/toklipl,sun397,toklipl,classifier_1_blocks_avgpool_True_lr_0_02500,0.05,0.025,1,True,evaluated,82.42,97.66,False,1
sun397/toklipl,sun397,toklipl,classifier_1_blocks_avgpool_True_lr_0_05000,0.1,0.05,1,True,evaluated,82.94,97.77,False,1
sun397/toklipl,sun397,toklipl,classifier_4_blocks_avgpool_False_lr_0_00001,1e-05,5e-06,4,False,missing_name_collision,,,False,2
sun397/toklipl,sun397,toklipl,classifier_4_blocks_avgpool_False_lr_0_00001,2e-05,1e-05,4,False,evaluated,6.14,17.77,False,2
sun397/toklipl,sun397,toklipl,classifier_4_blocks_avgpool_False_lr_0_00003,5e-05,2.5e-05,4,False,evaluated,15.06,29.46,False,1
sun397/toklipl,sun397,toklipl,classifier_4_blocks_avgpool_False_lr_0_00005,0.0001,5e-05,4,False,evaluated,23.63,40.09,False,1
sun397/toklipl,sun397,toklipl,classifier_4_blocks_avgpool_False_lr_0_00010,0.0002,0.0001,4,False,evaluated,35.74,56.06,False,1
sun397/toklipl,sun397,toklipl,classifier_4_blocks_avgpool_False_lr_0_00025,0.0005,0.00025,4,False,evaluated,52.87,75.83,False,1
sun397/toklipl,sun397,toklipl,classifier_4_blocks_avgpool_False_lr_0_00050,0.001,0.0005,4,False,evaluated,64.97,88.03,False,1
sun397/toklipl,sun397,toklipl,classifier_4_blocks_avgpool_False_lr_0_00100,0.002,0.001,4,False,evaluated,73.27,94.47,False,1
sun397/toklipl,sun397,toklipl,classifier_4_blocks_avgpool_False_lr_0_00250,0.005,0.0025,4,False,evaluated,79.39,96.79,False,1
sun397/toklipl,sun397,toklipl,classifier_4_blocks_avgpool_False_lr_0_00500,0.01,0.005,4,False,evaluated,81.22,97.31,False,1
sun397/toklipl,sun397,toklipl,classifier_4_blocks_avgpool_False_lr_0_01000,0.02,0.01,4,False,evaluated,82.18,97.59,False,1
sun397/toklipl,sun397,toklipl,classifier_4_blocks_avgpool_False_lr_0_02500,0.05,0.025,4,False,evaluated,82.95,97.77,False,1
sun397/toklipl,sun397,toklipl,classifier_4_blocks_avgpool_False_lr_0_05000,0.1,0.05,4,False,evaluated,82.79,97.54,False,1
sun397/toklipl,sun397,toklipl,classifier_4_blocks_avgpool_True_lr_0_00001,1e-05,5e-06,4,True,missing_name_collision,,,False,2
sun397/toklipl,sun397,toklipl,classifier_4_blocks_avgpool_True_lr_0_00001,2e-05,1e-05,4,True,evaluated,8.78,19.87,False,2
sun397/toklipl,sun397,toklipl,classifier_4_blocks_avgpool_True_lr_0_00003,5e-05,2.5e-05,4,True,evaluated,18.3,32.66,False,1
sun397/toklipl,sun397,toklipl,classifier_4_blocks_avgpool_True_lr_0_00005,0.0001,5e-05,4,True,evaluated,26.44,44.23,False,1
sun397/toklipl,sun397,toklipl,classifier_4_blocks_avgpool_True_lr_0_00010,0.0002,0.0001,4,True,evaluated,39.62,61.35,False,1
sun397/toklipl,sun397,toklipl,classifier_4_blocks_avgpool_True_lr_0_00025,0.0005,0.00025,4,True,evaluated,56.84,80.22,False,1
sun397/toklipl,sun397,toklipl,classifier_4_blocks_avgpool_True_lr_0_00050,0.001,0.0005,4,True,evaluated,67.98,90.74,False,1
sun397/toklipl,sun397,toklipl,classifier_4_blocks_avgpool_True_lr_0_00100,0.002,0.001,4,True,evaluated,75.34,95.5,False,1
sun397/toklipl,sun397,toklipl,classifier_4_blocks_avgpool_True_lr_0_00250,0.005,0.0025,4,True,evaluated,80.3,96.98,False,1
sun397/toklipl,sun397,toklipl,classifier_4_blocks_avgpool_True_lr_0_00500,0.01,0.005,4,True,evaluated,81.5,97.44,False,1
sun397/toklipl,sun397,toklipl,classifier_4_blocks_avgpool_True_lr_0_01000,0.02,0.01,4,True,evaluated,82.46,97.65,False,1
sun397/toklipl,sun397,toklipl,classifier_4_blocks_avgpool_True_lr_0_02500,0.05,0.025,4,True,evaluated,82.98,97.71,True,1
sun397/toklipl,sun397,toklipl,classifier_4_blocks_avgpool_True_lr_0_05000,0.1,0.05,4,True,evaluated,82.57,97.5,False,1
sun397/toklips,sun397,toklips,classifier_1_blocks_avgpool_False_lr_0_00001,1e-05,5e-06,1,False,missing_name_collision,,,False,2
sun397/toklips,sun397,toklips,classifier_1_blocks_avgpool_False_lr_0_00001,2e-05,1e-05,1,False,evaluated,2.6,9.68,False,2
sun397/toklips,sun397,toklips,classifier_1_blocks_avgpool_False_lr_0_00003,5e-05,2.5e-05,1,False,evaluated,5.39,15.32,False,1
sun397/toklips,sun397,toklips,classifier_1_blocks_avgpool_False_lr_0_00005,0.0001,5e-05,1,False,evaluated,11.58,23.56,False,1
sun397/toklips,sun397,toklips,classifier_1_blocks_avgpool_False_lr_0_00010,0.0002,0.0001,1,False,evaluated,18.68,31.93,False,1
sun397/toklips,sun397,toklips,classifier_1_blocks_avgpool_False_lr_0_00025,0.0005,0.00025,1,False,evaluated,29.02,48.33,False,1
sun397/toklips,sun397,toklips,classifier_1_blocks_avgpool_False_lr_0_00050,0.001,0.0005,1,False,evaluated,41.74,64.35,False,1
sun397/toklips,sun397,toklips,classifier_1_blocks_avgpool_False_lr_0_00100,0.002,0.001,1,False,evaluated,54.57,77.97,False,1
sun397/toklips,sun397,toklips,classifier_1_blocks_avgpool_False_lr_0_00250,0.005,0.0025,1,False,evaluated,67.89,91.31,False,1
sun397/toklips,sun397,toklips,classifier_1_blocks_avgpool_False_lr_0_00500,0.01,0.005,1,False,evaluated,74.36,95.16,False,1
sun397/toklips,sun397,toklips,classifier_1_blocks_avgpool_False_lr_0_01000,0.02,0.01,1,False,evaluated,77.67,96.07,False,1
sun397/toklips,sun397,toklips,classifier_1_blocks_avgpool_False_lr_0_02500,0.05,0.025,1,False,evaluated,79.59,96.68,False,1
sun397/toklips,sun397,toklips,classifier_1_blocks_avgpool_False_lr_0_05000,0.1,0.05,1,False,evaluated,80.4,96.89,False,1
sun397/toklips,sun397,toklips,classifier_1_blocks_avgpool_True_lr_0_00001,1e-05,5e-06,1,True,missing_name_collision,,,False,2
sun397/toklips,sun397,toklips,classifier_1_blocks_avgpool_True_lr_0_00001,2e-05,1e-05,1,True,evaluated,4.63,12.86,False,2
sun397/toklips,sun397,toklips,classifier_1_blocks_avgpool_True_lr_0_00003,5e-05,2.5e-05,1,True,evaluated,11.3,22.83,False,1
sun397/toklips,sun397,toklips,classifier_1_blocks_avgpool_True_lr_0_00005,0.0001,5e-05,1,True,evaluated,18.32,32.0,False,1
sun397/toklips,sun397,toklips,classifier_1_blocks_avgpool_True_lr_0_00010,0.0002,0.0001,1,True,evaluated,25.66,42.96,False,1
sun397/toklips,sun397,toklips,classifier_1_blocks_avgpool_True_lr_0_00025,0.0005,0.00025,1,True,evaluated,42.22,64.3,False,1
sun397/toklips,sun397,toklips,classifier_1_blocks_avgpool_True_lr_0_00050,0.001,0.0005,1,True,evaluated,54.4,77.8,False,1
sun397/toklips,sun397,toklips,classifier_1_blocks_avgpool_True_lr_0_00100,0.002,0.001,1,True,evaluated,65.25,89.06,False,1
sun397/toklips,sun397,toklips,classifier_1_blocks_avgpool_True_lr_0_00250,0.005,0.0025,1,True,evaluated,74.35,95.08,False,1
sun397/toklips,sun397,toklips,classifier_1_blocks_avgpool_True_lr_0_00500,0.01,0.005,1,True,evaluated,77.55,96.1,False,1
sun397/toklips,sun397,toklips,classifier_1_blocks_avgpool_True_lr_0_01000,0.02,0.01,1,True,evaluated,79.13,96.63,False,1
sun397/toklips,sun397,toklips,classifier_1_blocks_avgpool_True_lr_0_02500,0.05,0.025,1,True,evaluated,80.38,96.93,False,1
sun397/toklips,sun397,toklips,classifier_1_blocks_avgpool_True_lr_0_05000,0.1,0.05,1,True,evaluated,80.68,96.95,False,1
sun397/toklips,sun397,toklips,classifier_4_blocks_avgpool_False_lr_0_00001,1e-05,5e-06,4,False,missing_name_collision,,,False,2
sun397/toklips,sun397,toklips,classifier_4_blocks_avgpool_False_lr_0_00001,2e-05,1e-05,4,False,evaluated,9.02,20.06,False,2
sun397/toklips,sun397,toklips,classifier_4_blocks_avgpool_False_lr_0_00003,5e-05,2.5e-05,4,False,evaluated,17.89,30.5,False,1
sun397/toklips,sun397,toklips,classifier_4_blocks_avgpool_False_lr_0_00005,0.0001,5e-05,4,False,evaluated,25.9,42.98,False,1
sun397/toklips,sun397,toklips,classifier_4_blocks_avgpool_False_lr_0_00010,0.0002,0.0001,4,False,evaluated,37.41,59.03,False,1
sun397/toklips,sun397,toklips,classifier_4_blocks_avgpool_False_lr_0_00025,0.0005,0.00025,4,False,evaluated,54.2,77.45,False,1
sun397/toklips,sun397,toklips,classifier_4_blocks_avgpool_False_lr_0_00050,0.001,0.0005,4,False,evaluated,65.14,88.95,False,1
sun397/toklips,sun397,toklips,classifier_4_blocks_avgpool_False_lr_0_00100,0.002,0.001,4,False,evaluated,72.76,94.27,False,1
sun397/toklips,sun397,toklips,classifier_4_blocks_avgpool_False_lr_0_00250,0.005,0.0025,4,False,evaluated,77.63,96.07,False,1
sun397/toklips,sun397,toklips,classifier_4_blocks_avgpool_False_lr_0_00500,0.01,0.005,4,False,evaluated,79.2,96.6,False,1
sun397/toklips,sun397,toklips,classifier_4_blocks_avgpool_False_lr_0_01000,0.02,0.01,4,False,evaluated,80.15,96.89,False,1
sun397/toklips,sun397,toklips,classifier_4_blocks_avgpool_False_lr_0_02500,0.05,0.025,4,False,evaluated,80.69,96.97,False,1
sun397/toklips,sun397,toklips,classifier_4_blocks_avgpool_False_lr_0_05000,0.1,0.05,4,False,evaluated,80.6,96.89,False,1
sun397/toklips,sun397,toklips,classifier_4_blocks_avgpool_True_lr_0_00001,1e-05,5e-06,4,True,missing_name_collision,,,False,2
sun397/toklips,sun397,toklips,classifier_4_blocks_avgpool_True_lr_0_00001,2e-05,1e-05,4,True,evaluated,10.5,22.5,False,2
sun397/toklips,sun397,toklips,classifier_4_blocks_avgpool_True_lr_0_00003,5e-05,2.5e-05,4,True,evaluated,19.46,34.12,False,1
sun397/toklips,sun397,toklips,classifier_4_blocks_avgpool_True_lr_0_00005,0.0001,5e-05,4,True,evaluated,28.54,48.01,False,1
sun397/toklips,sun397,toklips,classifier_4_blocks_avgpool_True_lr_0_00010,0.0002,0.0001,4,True,evaluated,41.63,63.87,False,1
sun397/toklips,sun397,toklips,classifier_4_blocks_avgpool_True_lr_0_00025,0.0005,0.00025,4,True,evaluated,57.89,81.47,False,1
sun397/toklips,sun397,toklips,classifier_4_blocks_avgpool_True_lr_0_00050,0.001,0.0005,4,True,evaluated,67.94,91.18,False,1
sun397/toklips,sun397,toklips,classifier_4_blocks_avgpool_True_lr_0_00100,0.002,0.001,4,True,evaluated,74.24,94.91,False,1
sun397/toklips,sun397,toklips,classifier_4_blocks_avgpool_True_lr_0_00250,0.005,0.0025,4,True,evaluated,78.09,96.27,False,1
sun397/toklips,sun397,toklips,classifier_4_blocks_avgpool_True_lr_0_00500,0.01,0.005,4,True,evaluated,79.49,96.63,False,1
sun397/toklips,sun397,toklips,classifier_4_blocks_avgpool_True_lr_0_01000,0.02,0.01,4,True,evaluated,80.22,96.86,False,1
sun397/toklips,sun397,toklips,classifier_4_blocks_avgpool_True_lr_0_02500,0.05,0.025,4,True,evaluated,80.86,96.94,True,1
sun397/toklips,sun397,toklips,classifier_4_blocks_avgpool_True_lr_0_05000,0.1,0.05,4,True,evaluated,80.61,96.82,False,1
sun397/unitok,sun397,unitok,classifier_1_blocks_avgpool_False_lr_0_00001,1e-05,5e-06,1,False,missing_name_collision,,,False,2
sun397/unitok,sun397,unitok,classifier_1_blocks_avgpool_False_lr_0_00001,2e-05,1e-05,1,False,evaluated,8.28,21.05,False,2
sun397/unitok,sun397,unitok,classifier_1_blocks_avgpool_False_lr_0_00003,5e-05,2.5e-05,1,False,evaluated,18.04,32.65,False,1
sun397/unitok,sun397,unitok,classifier_1_blocks_avgpool_False_lr_0_00005,0.0001,5e-05,1,False,evaluated,29.7,45.84,False,1
sun397/unitok,sun397,unitok,classifier_1_blocks_avgpool_False_lr_0_00010,0.0002,0.0001,1,False,evaluated,42.3,63.67,False,1
sun397/unitok,sun397,unitok,classifier_1_blocks_avgpool_False_lr_0_00025,0.0005,0.00025,1,False,evaluated,60.76,83.87,False,1
sun397/unitok,sun397,unitok,classifier_1_blocks_avgpool_False_lr_0_00050,0.001,0.0005,1,False,evaluated,71.6,94.18,False,1
sun397/unitok,sun397,unitok,classifier_1_blocks_avgpool_False_lr_0_00100,0.002,0.001,1,False,evaluated,77.91,97.0,False,1
sun397/unitok,sun397,unitok,classifier_1_blocks_avgpool_False_lr_0_00250,0.005,0.0025,1,False,evaluated,80.48,97.69,False,1
sun397/unitok,sun397,unitok,classifier_1_blocks_avgpool_False_lr_0_00500,0.01,0.005,1,False,evaluated,81.69,97.95,False,1
sun397/unitok,sun397,unitok,classifier_1_blocks_avgpool_False_lr_0_01000,0.02,0.01,1,False,evaluated,82.18,98.0,False,1
sun397/unitok,sun397,unitok,classifier_1_blocks_avgpool_False_lr_0_02500,0.05,0.025,1,False,evaluated,82.26,97.97,False,1
sun397/unitok,sun397,unitok,classifier_1_blocks_avgpool_False_lr_0_05000,0.1,0.05,1,False,evaluated,82.07,97.94,False,1
sun397/unitok,sun397,unitok,classifier_1_blocks_avgpool_True_lr_0_00001,1e-05,5e-06,1,True,missing_name_collision,,,False,2
sun397/unitok,sun397,unitok,classifier_1_blocks_avgpool_True_lr_0_00001,2e-05,1e-05,1,True,evaluated,9.31,21.83,False,2
sun397/unitok,sun397,unitok,classifier_1_blocks_avgpool_True_lr_0_00003,5e-05,2.5e-05,1,True,evaluated,20.49,34.69,False,1
sun397/unitok,sun397,unitok,classifier_1_blocks_avgpool_True_lr_0_00005,0.0001,5e-05,1,True,evaluated,32.33,49.31,False,1
sun397/unitok,sun397,unitok,classifier_1_blocks_avgpool_True_lr_0_00010,0.0002,0.0001,1,True,evaluated,45.13,66.61,False,1
sun397/unitok,sun397,unitok,classifier_1_blocks_avgpool_True_lr_0_00025,0.0005,0.00025,1,True,evaluated,63.26,86.53,False,1
sun397/unitok,sun397,unitok,classifier_1_blocks_avgpool_True_lr_0_00050,0.001,0.0005,1,True,evaluated,73.14,95.17,False,1
sun397/unitok,sun397,unitok,classifier_1_blocks_avgpool_True_lr_0_00100,0.002,0.001,1,True,evaluated,78.34,97.19,False,1
sun397/unitok,sun397,unitok,classifier_1_blocks_avgpool_True_lr_0_00250,0.005,0.0025,1,True,evaluated,80.92,97.79,False,1
sun397/unitok,sun397,unitok,classifier_1_blocks_avgpool_True_lr_0_00500,0.01,0.005,1,True,evaluated,81.77,98.0,False,1
sun397/unitok,sun397,unitok,classifier_1_blocks_avgpool_True_lr_0_01000,0.02,0.01,1,True,evaluated,82.23,98.01,False,1
sun397/unitok,sun397,unitok,classifier_1_blocks_avgpool_True_lr_0_02500,0.05,0.025,1,True,evaluated,82.23,97.94,False,1
sun397/unitok,sun397,unitok,classifier_1_blocks_avgpool_True_lr_0_05000,0.1,0.05,1,True,evaluated,81.98,97.92,False,1
sun397/unitok,sun397,unitok,classifier_4_blocks_avgpool_False_lr_0_00001,1e-05,5e-06,4,False,missing_name_collision,,,False,2
sun397/unitok,sun397,unitok,classifier_4_blocks_avgpool_False_lr_0_00001,2e-05,1e-05,4,False,evaluated,24.64,40.17,False,2
sun397/unitok,sun397,unitok,classifier_4_blocks_avgpool_False_lr_0_00003,5e-05,2.5e-05,4,False,evaluated,40.45,61.56,False,1
sun397/unitok,sun397,unitok,classifier_4_blocks_avgpool_False_lr_0_00005,0.0001,5e-05,4,False,evaluated,55.82,78.36,False,1
sun397/unitok,sun397,unitok,classifier_4_blocks_avgpool_False_lr_0_00010,0.0002,0.0001,4,False,evaluated,68.09,90.94,False,1
sun397/unitok,sun397,unitok,classifier_4_blocks_avgpool_False_lr_0_00025,0.0005,0.00025,4,False,evaluated,77.53,96.81,False,1
sun397/unitok,sun397,unitok,classifier_4_blocks_avgpool_False_lr_0_00050,0.001,0.0005,4,False,evaluated,80.02,97.39,False,1
sun397/unitok,sun397,unitok,classifier_4_blocks_avgpool_False_lr_0_00100,0.002,0.001,4,False,evaluated,81.13,97.85,False,1
sun397/unitok,sun397,unitok,classifier_4_blocks_avgpool_False_lr_0_00250,0.005,0.0025,4,False,evaluated,82.08,97.96,False,1
sun397/unitok,sun397,unitok,classifier_4_blocks_avgpool_False_lr_0_00500,0.01,0.005,4,False,evaluated,82.27,98.03,False,1
sun397/unitok,sun397,unitok,classifier_4_blocks_avgpool_False_lr_0_01000,0.02,0.01,4,False,evaluated,82.03,97.94,False,1
sun397/unitok,sun397,unitok,classifier_4_blocks_avgpool_False_lr_0_02500,0.05,0.025,4,False,evaluated,81.22,97.57,False,1
sun397/unitok,sun397,unitok,classifier_4_blocks_avgpool_False_lr_0_05000,0.1,0.05,4,False,evaluated,80.07,96.96,False,1
sun397/unitok,sun397,unitok,classifier_4_blocks_avgpool_True_lr_0_00001,1e-05,5e-06,4,True,missing_name_collision,,,False,2
sun397/unitok,sun397,unitok,classifier_4_blocks_avgpool_True_lr_0_00001,2e-05,1e-05,4,True,evaluated,24.12,39.94,False,2
sun397/unitok,sun397,unitok,classifier_4_blocks_avgpool_True_lr_0_00003,5e-05,2.5e-05,4,True,evaluated,41.36,62.3,False,1
sun397/unitok,sun397,unitok,classifier_4_blocks_avgpool_True_lr_0_00005,0.0001,5e-05,4,True,evaluated,56.31,78.94,False,1
sun397/unitok,sun397,unitok,classifier_4_blocks_avgpool_True_lr_0_00010,0.0002,0.0001,4,True,evaluated,68.39,91.57,False,1
sun397/unitok,sun397,unitok,classifier_4_blocks_avgpool_True_lr_0_00025,0.0005,0.00025,4,True,evaluated,77.49,96.82,False,1
sun397/unitok,sun397,unitok,classifier_4_blocks_avgpool_True_lr_0_00050,0.001,0.0005,4,True,evaluated,80.06,97.57,False,1
sun397/unitok,sun397,unitok,classifier_4_blocks_avgpool_True_lr_0_00100,0.002,0.001,4,True,evaluated,81.27,97.93,False,1
sun397/unitok,sun397,unitok,classifier_4_blocks_avgpool_True_lr_0_00250,0.005,0.0025,4,True,evaluated,82.13,98.02,False,1
sun397/unitok,sun397,unitok,classifier_4_blocks_avgpool_True_lr_0_00500,0.01,0.005,4,True,evaluated,82.28,98.0,True,1
sun397/unitok,sun397,unitok,classifier_4_blocks_avgpool_True_lr_0_01000,0.02,0.01,4,True,evaluated,82.11,97.96,False,1
sun397/unitok,sun397,unitok,classifier_4_blocks_avgpool_True_lr_0_02500,0.05,0.025,4,True,evaluated,81.24,97.54,False,1
sun397/unitok,sun397,unitok,classifier_4_blocks_avgpool_True_lr_0_05000,0.1,0.05,4,True,evaluated,80.38,96.86,False,1
sun397/vilau,sun397,vilau,classifier_1_blocks_avgpool_False_lr_0_00001,1e-05,5e-06,1,False,missing_name_collision,,,False,2
sun397/vilau,sun397,vilau,classifier_1_blocks_avgpool_False_lr_0_00001,2e-05,1e-05,1,False,evaluated,2.42,10.62,False,2
sun397/vilau,sun397,vilau,classifier_1_blocks_avgpool_False_lr_0_00003,5e-05,2.5e-05,1,False,evaluated,3.76,17.54,False,1
sun397/vilau,sun397,vilau,classifier_1_blocks_avgpool_False_lr_0_00005,0.0001,5e-05,1,False,evaluated,12.94,26.58,False,1
sun397/vilau,sun397,vilau,classifier_1_blocks_avgpool_False_lr_0_00010,0.0002,0.0001,1,False,evaluated,23.49,38.99,False,1
sun397/vilau,sun397,vilau,classifier_1_blocks_avgpool_False_lr_0_00025,0.0005,0.00025,1,False,evaluated,40.17,60.22,False,1
sun397/vilau,sun397,vilau,classifier_1_blocks_avgpool_False_lr_0_00050,0.001,0.0005,1,False,evaluated,55.87,77.76,False,1
sun397/vilau,sun397,vilau,classifier_1_blocks_avgpool_False_lr_0_00100,0.002,0.001,1,False,evaluated,68.68,90.7,False,1
sun397/vilau,sun397,vilau,classifier_1_blocks_avgpool_False_lr_0_00250,0.005,0.0025,1,False,evaluated,78.64,97.07,False,1
sun397/vilau,sun397,vilau,classifier_1_blocks_avgpool_False_lr_0_00500,0.01,0.005,1,False,evaluated,81.2,97.77,False,1
sun397/vilau,sun397,vilau,classifier_1_blocks_avgpool_False_lr_0_01000,0.02,0.01,1,False,evaluated,82.43,97.96,False,1
sun397/vilau,sun397,vilau,classifier_1_blocks_avgpool_False_lr_0_02500,0.05,0.025,1,False,evaluated,83.37,98.0,False,1
sun397/vilau,sun397,vilau,classifier_1_blocks_avgpool_False_lr_0_05000,0.1,0.05,1,False,evaluated,83.31,97.97,False,1
sun397/vilau,sun397,vilau,classifier_1_blocks_avgpool_True_lr_0_00001,1e-05,5e-06,1,True,missing_name_collision,,,False,2
sun397/vilau,sun397,vilau,classifier_1_blocks_avgpool_True_lr_0_00001,2e-05,1e-05,1,True,evaluated,4.36,14.05,False,2
sun397/vilau,sun397,vilau,classifier_1_blocks_avgpool_True_lr_0_00003,5e-05,2.5e-05,1,True,evaluated,11.9,25.1,False,1
sun397/vilau,sun397,vilau,classifier_1_blocks_avgpool_True_lr_0_00005,0.0001,5e-05,1,True,evaluated,23.45,38.12,False,1
sun397/vilau,sun397,vilau,classifier_1_blocks_avgpool_True_lr_0_00010,0.0002,0.0001,1,True,evaluated,35.37,53.52,False,1
sun397/vilau,sun397,vilau,classifier_1_blocks_avgpool_True_lr_0_00025,0.0005,0.00025,1,True,evaluated,55.72,77.51,False,1
sun397/vilau,sun397,vilau,classifier_1_blocks_avgpool_True_lr_0_00050,0.001,0.0005,1,True,evaluated,68.52,90.78,False,1
sun397/vilau,sun397,vilau,classifier_1_blocks_avgpool_True_lr_0_00100,0.002,0.001,1,True,evaluated,76.89,96.23,False,1
sun397/vilau,sun397,vilau,classifier_1_blocks_avgpool_True_lr_0_00250,0.005,0.0025,1,True,evaluated,81.11,97.67,False,1
sun397/vilau,sun397,vilau,classifier_1_blocks_avgpool_True_lr_0_00500,0.01,0.005,1,True,evaluated,82.39,98.03,False,1
sun397/vilau,sun397,vilau,classifier_1_blocks_avgpool_True_lr_0_01000,0.02,0.01,1,True,evaluated,83.19,98.01,False,1
sun397/vilau,sun397,vilau,classifier_1_blocks_avgpool_True_lr_0_02500,0.05,0.025,1,True,evaluated,83.38,97.98,False,1
sun397/vilau,sun397,vilau,classifier_1_blocks_avgpool_True_lr_0_05000,0.1,0.05,1,True,evaluated,82.78,97.64,False,1
sun397/vilau,sun397,vilau,classifier_4_blocks_avgpool_False_lr_0_00001,1e-05,5e-06,4,False,missing_name_collision,,,False,2
sun397/vilau,sun397,vilau,classifier_4_blocks_avgpool_False_lr_0_00001,2e-05,1e-05,4,False,evaluated,8.11,20.8,False,2
sun397/vilau,sun397,vilau,classifier_4_blocks_avgpool_False_lr_0_00003,5e-05,2.5e-05,4,False,evaluated,22.07,37.19,False,1
sun397/vilau,sun397,vilau,classifier_4_blocks_avgpool_False_lr_0_00005,0.0001,5e-05,4,False,evaluated,35.03,53.32,False,1
sun397/vilau,sun397,vilau,classifier_4_blocks_avgpool_False_lr_0_00010,0.0002,0.0001,4,False,evaluated,50.29,71.35,False,1
sun397/vilau,sun397,vilau,classifier_4_blocks_avgpool_False_lr_0_00025,0.0005,0.00025,4,False,evaluated,68.5,90.3,False,1
sun397/vilau,sun397,vilau,classifier_4_blocks_avgpool_False_lr_0_00050,0.001,0.0005,4,False,evaluated,76.63,96.3,False,1
sun397/vilau,sun397,vilau,classifier_4_blocks_avgpool_False_lr_0_00100,0.002,0.001,4,False,evaluated,80.58,97.54,False,1
sun397/vilau,sun397,vilau,classifier_4_blocks_avgpool_False_lr_0_00250,0.005,0.0025,4,False,evaluated,82.2,97.91,False,1
sun397/vilau,sun397,vilau,classifier_4_blocks_avgpool_False_lr_0_00500,0.01,0.005,4,False,evaluated,83.13,97.99,False,1
sun397/vilau,sun397,vilau,classifier_4_blocks_avgpool_False_lr_0_01000,0.02,0.01,4,False,evaluated,83.41,98.0,True,1
sun397/vilau,sun397,vilau,classifier_4_blocks_avgpool_False_lr_0_02500,0.05,0.025,4,False,evaluated,82.88,97.62,False,1
sun397/vilau,sun397,vilau,classifier_4_blocks_avgpool_False_lr_0_05000,0.1,0.05,4,False,evaluated,82.62,97.48,False,1
sun397/vilau,sun397,vilau,classifier_4_blocks_avgpool_True_lr_0_00001,1e-05,5e-06,4,True,missing_name_collision,,,False,2
sun397/vilau,sun397,vilau,classifier_4_blocks_avgpool_True_lr_0_00001,2e-05,1e-05,4,True,evaluated,9.66,23.77,False,2
sun397/vilau,sun397,vilau,classifier_4_blocks_avgpool_True_lr_0_00003,5e-05,2.5e-05,4,True,evaluated,25.64,40.4,False,1
sun397/vilau,sun397,vilau,classifier_4_blocks_avgpool_True_lr_0_00005,0.0001,5e-05,4,True,evaluated,38.87,57.9,False,1
sun397/vilau,sun397,vilau,classifier_4_blocks_avgpool_True_lr_0_00010,0.0002,0.0001,4,True,evaluated,54.6,76.16,False,1
sun397/vilau,sun397,vilau,classifier_4_blocks_avgpool_True_lr_0_00025,0.0005,0.00025,4,True,evaluated,71.35,93.07,False,1
sun397/vilau,sun397,vilau,classifier_4_blocks_avgpool_True_lr_0_00050,0.001,0.0005,4,True,evaluated,78.37,96.91,False,1
sun397/vilau,sun397,vilau,classifier_4_blocks_avgpool_True_lr_0_00100,0.002,0.001,4,True,evaluated,81.17,97.53,False,1
sun397/vilau,sun397,vilau,classifier_4_blocks_avgpool_True_lr_0_00250,0.005,0.0025,4,True,evaluated,82.57,97.9,False,1
sun397/vilau,sun397,vilau,classifier_4_blocks_avgpool_True_lr_0_00500,0.01,0.005,4,True,evaluated,83.26,97.97,False,1
sun397/vilau,sun397,vilau,classifier_4_blocks_avgpool_True_lr_0_01000,0.02,0.01,4,True,evaluated,83.35,97.99,False,1
sun397/vilau,sun397,vilau,classifier_4_blocks_avgpool_True_lr_0_02500,0.05,0.025,4,True,evaluated,82.71,97.59,False,1
sun397/vilau,sun397,vilau,classifier_4_blocks_avgpool_True_lr_0_05000,0.1,0.05,4,True,evaluated,82.32,97.43,False,1
toklip_l_semantic_384,imagenet1k,toklip_l_semantic_384,classifier_1_blocks_avgpool_False_lr_0_00001,1e-05,5e-06,1,False,missing_name_collision,,,False,2
toklip_l_semantic_384,imagenet1k,toklip_l_semantic_384,classifier_1_blocks_avgpool_False_lr_0_00001,2e-05,1e-05,1,False,evaluated,0.11,0.71,False,2
toklip_l_semantic_384,imagenet1k,toklip_l_semantic_384,classifier_1_blocks_avgpool_False_lr_0_00003,5e-05,2.5e-05,1,False,evaluated,0.4,1.61,False,1
toklip_l_semantic_384,imagenet1k,toklip_l_semantic_384,classifier_1_blocks_avgpool_False_lr_0_00005,0.0001,5e-05,1,False,evaluated,1.88,6.38,False,1
toklip_l_semantic_384,imagenet1k,toklip_l_semantic_384,classifier_1_blocks_avgpool_False_lr_0_00010,0.0002,0.0001,1,False,evaluated,9.63,22.89,False,1
toklip_l_semantic_384,imagenet1k,toklip_l_semantic_384,classifier_1_blocks_avgpool_False_lr_0_00025,0.0005,0.00025,1,False,evaluated,32.9,59.16,False,1
toklip_l_semantic_384,imagenet1k,toklip_l_semantic_384,classifier_1_blocks_avgpool_False_lr_0_00050,0.001,0.0005,1,False,evaluated,46.3,73.21,False,1
toklip_l_semantic_384,imagenet1k,toklip_l_semantic_384,classifier_1_blocks_avgpool_False_lr_0_00100,0.002,0.001,1,False,evaluated,53.6,79.32,False,1
toklip_l_semantic_384,imagenet1k,toklip_l_semantic_384,classifier_1_blocks_avgpool_False_lr_0_00250,0.005,0.0025,1,False,evaluated,61.94,84.95,False,1
toklip_l_semantic_384,imagenet1k,toklip_l_semantic_384,classifier_1_blocks_avgpool_False_lr_0_00500,0.01,0.005,1,False,evaluated,68.2,88.91,False,1
toklip_l_semantic_384,imagenet1k,toklip_l_semantic_384,classifier_1_blocks_avgpool_False_lr_0_01000,0.02,0.01,1,False,evaluated,72.54,91.6,False,1
toklip_l_semantic_384,imagenet1k,toklip_l_semantic_384,classifier_1_blocks_avgpool_False_lr_0_02500,0.05,0.025,1,False,evaluated,76.44,93.66,False,1
toklip_l_semantic_384,imagenet1k,toklip_l_semantic_384,classifier_1_blocks_avgpool_False_lr_0_05000,0.1,0.05,1,False,evaluated,78.44,94.66,False,1
toklip_l_semantic_384,imagenet1k,toklip_l_semantic_384,classifier_1_blocks_avgpool_True_lr_0_00001,1e-05,5e-06,1,True,missing_name_collision,,,False,2
toklip_l_semantic_384,imagenet1k,toklip_l_semantic_384,classifier_1_blocks_avgpool_True_lr_0_00001,2e-05,1e-05,1,True,evaluated,0.2,0.94,False,2
toklip_l_semantic_384,imagenet1k,toklip_l_semantic_384,classifier_1_blocks_avgpool_True_lr_0_00003,5e-05,2.5e-05,1,True,evaluated,0.97,3.68,False,1
toklip_l_semantic_384,imagenet1k,toklip_l_semantic_384,classifier_1_blocks_avgpool_True_lr_0_00005,0.0001,5e-05,1,True,evaluated,4.76,13.34,False,1
toklip_l_semantic_384,imagenet1k,toklip_l_semantic_384,classifier_1_blocks_avgpool_True_lr_0_00010,0.0002,0.0001,1,True,evaluated,17.8,38.47,False,1
toklip_l_semantic_384,imagenet1k,toklip_l_semantic_384,classifier_1_blocks_avgpool_True_lr_0_00025,0.0005,0.00025,1,True,evaluated,41.45,68.96,False,1
toklip_l_semantic_384,imagenet1k,toklip_l_semantic_384,classifier_1_blocks_avgpool_True_lr_0_00050,0.001,0.0005,1,True,evaluated,52.13,77.9,False,1
toklip_l_semantic_384,imagenet1k,toklip_l_semantic_384,classifier_1_blocks_avgpool_True_lr_0_00100,0.002,0.001,1,True,evaluated,58.97,83.21,False,1
toklip_l_semantic_384,imagenet1k,toklip_l_semantic_384,classifier_1_blocks_avgpool_True_lr_0_00250,0.005,0.0025,1,True,evaluated,68.22,88.81,False,1
toklip_l_semantic_384,imagenet1k,toklip_l_semantic_384,classifier_1_blocks_avgpool_True_lr_0_00500,0.01,0.005,1,True,evaluated,72.58,91.55,False,1
toklip_l_semantic_384,imagenet1k,toklip_l_semantic_384,classifier_1_blocks_avgpool_True_lr_0_01000,0.02,0.01,1,True,evaluated,75.61,93.28,False,1
toklip_l_semantic_384,imagenet1k,toklip_l_semantic_384,classifier_1_blocks_avgpool_True_lr_0_02500,0.05,0.025,1,True,evaluated,78.47,94.61,False,1
toklip_l_semantic_384,imagenet1k,toklip_l_semantic_384,classifier_1_blocks_avgpool_True_lr_0_05000,0.1,0.05,1,True,evaluated,79.9,95.29,False,1
toklip_l_semantic_384,imagenet1k,toklip_l_semantic_384,classifier_4_blocks_avgpool_False_lr_0_00001,1e-05,5e-06,4,False,missing_name_collision,,,False,2
toklip_l_semantic_384,imagenet1k,toklip_l_semantic_384,classifier_4_blocks_avgpool_False_lr_0_00001,2e-05,1e-05,4,False,evaluated,0.33,1.39,False,2
toklip_l_semantic_384,imagenet1k,toklip_l_semantic_384,classifier_4_blocks_avgpool_False_lr_0_00003,5e-05,2.5e-05,4,False,evaluated,2.07,6.89,False,1
toklip_l_semantic_384,imagenet1k,toklip_l_semantic_384,classifier_4_blocks_avgpool_False_lr_0_00005,0.0001,5e-05,4,False,evaluated,9.86,23.66,False,1
toklip_l_semantic_384,imagenet1k,toklip_l_semantic_384,classifier_4_blocks_avgpool_False_lr_0_00010,0.0002,0.0001,4,False,evaluated,28.71,54.08,False,1
toklip_l_semantic_384,imagenet1k,toklip_l_semantic_384,classifier_4_blocks_avgpool_False_lr_0_00025,0.0005,0.00025,4,False,evaluated,48.48,75.13,False,1
toklip_l_semantic_384,imagenet1k,toklip_l_semantic_384,classifier_4_blocks_avgpool_False_lr_0_00050,0.001,0.0005,4,False,evaluated,58.42,82.71,False,1
toklip_l_semantic_384,imagenet1k,toklip_l_semantic_384,classifier_4_blocks_avgpool_False_lr_0_00100,0.002,0.001,4,False,evaluated,66.18,87.57,False,1
toklip_l_semantic_384,imagenet1k,toklip_l_semantic_384,classifier_4_blocks_avgpool_False_lr_0_00250,0.005,0.0025,4,False,evaluated,72.55,91.53,False,1
toklip_l_semantic_384,imagenet1k,toklip_l_semantic_384,classifier_4_blocks_avgpool_False_lr_0_00500,0.01,0.005,4,False,evaluated,75.63,93.24,False,1
toklip_l_semantic_384,imagenet1k,toklip_l_semantic_384,classifier_4_blocks_avgpool_False_lr_0_01000,0.02,0.01,4,False,evaluated,77.8,94.34,False,1
toklip_l_semantic_384,imagenet1k,toklip_l_semantic_384,classifier_4_blocks_avgpool_False_lr_0_02500,0.05,0.025,4,False,evaluated,79.83,95.27,False,1
toklip_l_semantic_384,imagenet1k,toklip_l_semantic_384,classifier_4_blocks_avgpool_False_lr_0_05000,0.1,0.05,4,False,evaluated,80.72,95.58,False,1
toklip_l_semantic_384,imagenet1k,toklip_l_semantic_384,classifier_4_blocks_avgpool_True_lr_0_00001,1e-05,5e-06,4,True,missing_name_collision,,,False,2
toklip_l_semantic_384,imagenet1k,toklip_l_semantic_384,classifier_4_blocks_avgpool_True_lr_0_00001,2e-05,1e-05,4,True,evaluated,0.64,2.13,False,2
toklip_l_semantic_384,imagenet1k,toklip_l_semantic_384,classifier_4_blocks_avgpool_True_lr_0_00003,5e-05,2.5e-05,4,True,evaluated,3.24,9.39,False,1
toklip_l_semantic_384,imagenet1k,toklip_l_semantic_384,classifier_4_blocks_avgpool_True_lr_0_00005,0.0001,5e-05,4,True,evaluated,12.8,29.9,False,1
toklip_l_semantic_384,imagenet1k,toklip_l_semantic_384,classifier_4_blocks_avgpool_True_lr_0_00010,0.0002,0.0001,4,True,evaluated,31.86,58.46,False,1
toklip_l_semantic_384,imagenet1k,toklip_l_semantic_384,classifier_4_blocks_avgpool_True_lr_0_00025,0.0005,0.00025,4,True,evaluated,51.1,77.52,False,1
toklip_l_semantic_384,imagenet1k,toklip_l_semantic_384,classifier_4_blocks_avgpool_True_lr_0_00050,0.001,0.0005,4,True,evaluated,60.73,84.31,False,1
toklip_l_semantic_384,imagenet1k,toklip_l_semantic_384,classifier_4_blocks_avgpool_True_lr_0_00100,0.002,0.001,4,True,evaluated,67.87,88.74,False,1
toklip_l_semantic_384,imagenet1k,toklip_l_semantic_384,classifier_4_blocks_avgpool_True_lr_0_00250,0.005,0.0025,4,True,evaluated,73.61,92.13,False,1
toklip_l_semantic_384,imagenet1k,toklip_l_semantic_384,classifier_4_blocks_avgpool_True_lr_0_00500,0.01,0.005,4,True,evaluated,76.29,93.63,False,1
toklip_l_semantic_384,imagenet1k,toklip_l_semantic_384,classifier_4_blocks_avgpool_True_lr_0_01000,0.02,0.01,4,True,evaluated,78.37,94.6,False,1
toklip_l_semantic_384,imagenet1k,toklip_l_semantic_384,classifier_4_blocks_avgpool_True_lr_0_02500,0.05,0.025,4,True,evaluated,80.16,95.41,False,1
toklip_l_semantic_384,imagenet1k,toklip_l_semantic_384,classifier_4_blocks_avgpool_True_lr_0_05000,0.1,0.05,4,True,evaluated,80.75,95.57,True,1
toklip_l_zq_384,imagenet1k,toklip_l_zq_384,classifier_1_blocks_avgpool_False_lr_0_00001,1e-05,5e-06,1,False,missing_name_collision,,,False,2
toklip_l_zq_384,imagenet1k,toklip_l_zq_384,classifier_1_blocks_avgpool_False_lr_0_00001,2e-05,1e-05,1,False,evaluated,0.09,0.48,False,2
toklip_l_zq_384,imagenet1k,toklip_l_zq_384,classifier_1_blocks_avgpool_False_lr_0_00003,5e-05,2.5e-05,1,False,evaluated,0.08,0.41,False,1
toklip_l_zq_384,imagenet1k,toklip_l_zq_384,classifier_1_blocks_avgpool_False_lr_0_00005,0.0001,5e-05,1,False,evaluated,0.09,0.55,False,1
toklip_l_zq_384,imagenet1k,toklip_l_zq_384,classifier_1_blocks_avgpool_False_lr_0_00010,0.0002,0.0001,1,False,evaluated,0.07,0.44,False,1
toklip_l_zq_384,imagenet1k,toklip_l_zq_384,classifier_1_blocks_avgpool_False_lr_0_00025,0.0005,0.00025,1,False,evaluated,0.15,0.66,False,1
toklip_l_zq_384,imagenet1k,toklip_l_zq_384,classifier_1_blocks_avgpool_False_lr_0_00050,0.001,0.0005,1,False,evaluated,0.2,1.01,False,1
toklip_l_zq_384,imagenet1k,toklip_l_zq_384,classifier_1_blocks_avgpool_False_lr_0_00100,0.002,0.001,1,False,evaluated,0.34,1.31,False,1
toklip_l_zq_384,imagenet1k,toklip_l_zq_384,classifier_1_blocks_avgpool_False_lr_0_00250,0.005,0.0025,1,False,evaluated,0.57,2.3,False,1
toklip_l_zq_384,imagenet1k,toklip_l_zq_384,classifier_1_blocks_avgpool_False_lr_0_00500,0.01,0.005,1,False,evaluated,0.73,2.75,False,1
toklip_l_zq_384,imagenet1k,toklip_l_zq_384,classifier_1_blocks_avgpool_False_lr_0_01000,0.02,0.01,1,False,evaluated,0.88,3.03,False,1
toklip_l_zq_384,imagenet1k,toklip_l_zq_384,classifier_1_blocks_avgpool_False_lr_0_02500,0.05,0.025,1,False,evaluated,0.87,3.27,False,1
toklip_l_zq_384,imagenet1k,toklip_l_zq_384,classifier_1_blocks_avgpool_False_lr_0_05000,0.1,0.05,1,False,evaluated,1.0,3.73,False,1
toklip_l_zq_384,imagenet1k,toklip_l_zq_384,classifier_1_blocks_avgpool_True_lr_0_00001,1e-05,5e-06,1,True,missing_name_collision,,,False,2
toklip_l_zq_384,imagenet1k,toklip_l_zq_384,classifier_1_blocks_avgpool_True_lr_0_00001,2e-05,1e-05,1,True,evaluated,0.1,0.43,False,2
toklip_l_zq_384,imagenet1k,toklip_l_zq_384,classifier_1_blocks_avgpool_True_lr_0_00003,5e-05,2.5e-05,1,True,evaluated,0.19,0.66,False,1
toklip_l_zq_384,imagenet1k,toklip_l_zq_384,classifier_1_blocks_avgpool_True_lr_0_00005,0.0001,5e-05,1,True,evaluated,0.13,0.64,False,1
toklip_l_zq_384,imagenet1k,toklip_l_zq_384,classifier_1_blocks_avgpool_True_lr_0_00010,0.0002,0.0001,1,True,evaluated,0.09,0.61,False,1
toklip_l_zq_384,imagenet1k,toklip_l_zq_384,classifier_1_blocks_avgpool_True_lr_0_00025,0.0005,0.00025,1,True,evaluated,0.18,0.82,False,1
toklip_l_zq_384,imagenet1k,toklip_l_zq_384,classifier_1_blocks_avgpool_True_lr_0_00050,0.001,0.0005,1,True,evaluated,0.33,1.21,False,1
toklip_l_zq_384,imagenet1k,toklip_l_zq_384,classifier_1_blocks_avgpool_True_lr_0_00100,0.002,0.001,1,True,evaluated,0.44,1.84,False,1
toklip_l_zq_384,imagenet1k,toklip_l_zq_384,classifier_1_blocks_avgpool_True_lr_0_00250,0.005,0.0025,1,True,evaluated,0.68,2.78,False,1
toklip_l_zq_384,imagenet1k,toklip_l_zq_384,classifier_1_blocks_avgpool_True_lr_0_00500,0.01,0.005,1,True,evaluated,0.92,3.36,False,1
toklip_l_zq_384,imagenet1k,toklip_l_zq_384,classifier_1_blocks_avgpool_True_lr_0_01000,0.02,0.01,1,True,evaluated,0.91,3.49,False,1
toklip_l_zq_384,imagenet1k,toklip_l_zq_384,classifier_1_blocks_avgpool_True_lr_0_02500,0.05,0.025,1,True,evaluated,1.06,3.93,False,1
toklip_l_zq_384,imagenet1k,toklip_l_zq_384,classifier_1_blocks_avgpool_True_lr_0_05000,0.1,0.05,1,True,evaluated,1.18,4.21,False,1
toklip_l_zq_384,imagenet1k,toklip_l_zq_384,classifier_4_blocks_avgpool_False_lr_0_00001,1e-05,5e-06,4,False,missing_name_collision,,,False,2
toklip_l_zq_384,imagenet1k,toklip_l_zq_384,classifier_4_blocks_avgpool_False_lr_0_00001,2e-05,1e-05,4,False,evaluated,0.12,0.53,False,2
toklip_l_zq_384,imagenet1k,toklip_l_zq_384,classifier_4_blocks_avgpool_False_lr_0_00003,5e-05,2.5e-05,4,False,evaluated,0.12,0.59,False,1
toklip_l_zq_384,imagenet1k,toklip_l_zq_384,classifier_4_blocks_avgpool_False_lr_0_00005,0.0001,5e-05,4,False,evaluated,0.11,0.63,False,1
toklip_l_zq_384,imagenet1k,toklip_l_zq_384,classifier_4_blocks_avgpool_False_lr_0_00010,0.0002,0.0001,4,False,evaluated,0.11,0.67,False,1
toklip_l_zq_384,imagenet1k,toklip_l_zq_384,classifier_4_blocks_avgpool_False_lr_0_00025,0.0005,0.00025,4,False,evaluated,0.21,0.88,False,1
toklip_l_zq_384,imagenet1k,toklip_l_zq_384,classifier_4_blocks_avgpool_False_lr_0_00050,0.001,0.0005,4,False,evaluated,0.32,1.52,False,1
toklip_l_zq_384,imagenet1k,toklip_l_zq_384,classifier_4_blocks_avgpool_False_lr_0_00100,0.002,0.001,4,False,evaluated,0.65,2.57,False,1
toklip_l_zq_384,imagenet1k,toklip_l_zq_384,classifier_4_blocks_avgpool_False_lr_0_00250,0.005,0.0025,4,False,evaluated,0.77,3.26,False,1
toklip_l_zq_384,imagenet1k,toklip_l_zq_384,classifier_4_blocks_avgpool_False_lr_0_00500,0.01,0.005,4,False,evaluated,0.89,3.42,False,1
toklip_l_zq_384,imagenet1k,toklip_l_zq_384,classifier_4_blocks_avgpool_False_lr_0_01000,0.02,0.01,4,False,evaluated,0.99,3.78,False,1
toklip_l_zq_384,imagenet1k,toklip_l_zq_384,classifier_4_blocks_avgpool_False_lr_0_02500,0.05,0.025,4,False,evaluated,1.16,4.25,False,1
toklip_l_zq_384,imagenet1k,toklip_l_zq_384,classifier_4_blocks_avgpool_False_lr_0_05000,0.1,0.05,4,False,evaluated,1.29,4.86,False,1
toklip_l_zq_384,imagenet1k,toklip_l_zq_384,classifier_4_blocks_avgpool_True_lr_0_00001,1e-05,5e-06,4,True,missing_name_collision,,,False,2
toklip_l_zq_384,imagenet1k,toklip_l_zq_384,classifier_4_blocks_avgpool_True_lr_0_00001,2e-05,1e-05,4,True,evaluated,0.12,0.54,False,2
toklip_l_zq_384,imagenet1k,toklip_l_zq_384,classifier_4_blocks_avgpool_True_lr_0_00003,5e-05,2.5e-05,4,True,evaluated,0.12,0.55,False,1
toklip_l_zq_384,imagenet1k,toklip_l_zq_384,classifier_4_blocks_avgpool_True_lr_0_00005,0.0001,5e-05,4,True,evaluated,0.22,0.68,False,1
toklip_l_zq_384,imagenet1k,toklip_l_zq_384,classifier_4_blocks_avgpool_True_lr_0_00010,0.0002,0.0001,4,True,evaluated,0.13,0.71,False,1
toklip_l_zq_384,imagenet1k,toklip_l_zq_384,classifier_4_blocks_avgpool_True_lr_0_00025,0.0005,0.00025,4,True,evaluated,0.27,1.02,False,1
toklip_l_zq_384,imagenet1k,toklip_l_zq_384,classifier_4_blocks_avgpool_True_lr_0_00050,0.001,0.0005,4,True,evaluated,0.38,1.55,False,1
toklip_l_zq_384,imagenet1k,toklip_l_zq_384,classifier_4_blocks_avgpool_True_lr_0_00100,0.002,0.001,4,True,evaluated,0.67,2.67,False,1
toklip_l_zq_384,imagenet1k,toklip_l_zq_384,classifier_4_blocks_avgpool_True_lr_0_00250,0.005,0.0025,4,True,evaluated,0.79,3.18,False,1
toklip_l_zq_384,imagenet1k,toklip_l_zq_384,classifier_4_blocks_avgpool_True_lr_0_00500,0.01,0.005,4,True,evaluated,0.99,3.55,False,1
toklip_l_zq_384,imagenet1k,toklip_l_zq_384,classifier_4_blocks_avgpool_True_lr_0_01000,0.02,0.01,4,True,evaluated,1.03,3.81,False,1
toklip_l_zq_384,imagenet1k,toklip_l_zq_384,classifier_4_blocks_avgpool_True_lr_0_02500,0.05,0.025,4,True,evaluated,1.17,4.41,False,1
toklip_l_zq_384,imagenet1k,toklip_l_zq_384,classifier_4_blocks_avgpool_True_lr_0_05000,0.1,0.05,4,True,evaluated,1.34,5.07,True,1
toklip_s_semantic_256,imagenet1k,toklip_s_semantic_256,classifier_1_blocks_avgpool_False_lr_0_00001,1e-05,5e-06,1,False,missing_name_collision,,,False,2
toklip_s_semantic_256,imagenet1k,toklip_s_semantic_256,classifier_1_blocks_avgpool_False_lr_0_00001,2e-05,1e-05,1,False,evaluated,0.18,0.81,False,2
toklip_s_semantic_256,imagenet1k,toklip_s_semantic_256,classifier_1_blocks_avgpool_False_lr_0_00003,5e-05,2.5e-05,1,False,evaluated,0.37,1.72,False,1
toklip_s_semantic_256,imagenet1k,toklip_s_semantic_256,classifier_1_blocks_avgpool_False_lr_0_00005,0.0001,5e-05,1,False,evaluated,1.92,6.37,False,1
toklip_s_semantic_256,imagenet1k,toklip_s_semantic_256,classifier_1_blocks_avgpool_False_lr_0_00010,0.0002,0.0001,1,False,evaluated,9.59,23.14,False,1
toklip_s_semantic_256,imagenet1k,toklip_s_semantic_256,classifier_1_blocks_avgpool_False_lr_0_00025,0.0005,0.00025,1,False,evaluated,32.13,58.32,False,1
toklip_s_semantic_256,imagenet1k,toklip_s_semantic_256,classifier_1_blocks_avgpool_False_lr_0_00050,0.001,0.0005,1,False,evaluated,44.16,71.15,False,1
toklip_s_semantic_256,imagenet1k,toklip_s_semantic_256,classifier_1_blocks_avgpool_False_lr_0_00100,0.002,0.001,1,False,evaluated,51.18,77.24,False,1
toklip_s_semantic_256,imagenet1k,toklip_s_semantic_256,classifier_1_blocks_avgpool_False_lr_0_00250,0.005,0.0025,1,False,evaluated,60.13,83.41,False,1
toklip_s_semantic_256,imagenet1k,toklip_s_semantic_256,classifier_1_blocks_avgpool_False_lr_0_00500,0.01,0.005,1,False,evaluated,65.96,87.31,False,1
toklip_s_semantic_256,imagenet1k,toklip_s_semantic_256,classifier_1_blocks_avgpool_False_lr_0_01000,0.02,0.01,1,False,evaluated,69.72,89.84,False,1
toklip_s_semantic_256,imagenet1k,toklip_s_semantic_256,classifier_1_blocks_avgpool_False_lr_0_02500,0.05,0.025,1,False,evaluated,73.46,91.96,False,1
toklip_s_semantic_256,imagenet1k,toklip_s_semantic_256,classifier_1_blocks_avgpool_False_lr_0_05000,0.1,0.05,1,False,evaluated,75.39,93.03,False,1
toklip_s_semantic_256,imagenet1k,toklip_s_semantic_256,classifier_1_blocks_avgpool_True_lr_0_00001,1e-05,5e-06,1,True,missing_name_collision,,,False,2
toklip_s_semantic_256,imagenet1k,toklip_s_semantic_256,classifier_1_blocks_avgpool_True_lr_0_00001,2e-05,1e-05,1,True,evaluated,0.2,0.94,False,2
toklip_s_semantic_256,imagenet1k,toklip_s_semantic_256,classifier_1_blocks_avgpool_True_lr_0_00003,5e-05,2.5e-05,1,True,evaluated,0.94,3.64,False,1
toklip_s_semantic_256,imagenet1k,toklip_s_semantic_256,classifier_1_blocks_avgpool_True_lr_0_00005,0.0001,5e-05,1,True,evaluated,5.09,14.04,False,1
toklip_s_semantic_256,imagenet1k,toklip_s_semantic_256,classifier_1_blocks_avgpool_True_lr_0_00010,0.0002,0.0001,1,True,evaluated,18.92,39.92,False,1
toklip_s_semantic_256,imagenet1k,toklip_s_semantic_256,classifier_1_blocks_avgpool_True_lr_0_00025,0.0005,0.00025,1,True,evaluated,40.52,67.56,False,1
toklip_s_semantic_256,imagenet1k,toklip_s_semantic_256,classifier_1_blocks_avgpool_True_lr_0_00050,0.001,0.0005,1,True,evaluated,49.35,76.36,False,1
toklip_s_semantic_256,imagenet1k,toklip_s_semantic_256,classifier_1_blocks_avgpool_True_lr_0_00100,0.002,0.001,1,True,evaluated,57.14,81.71,False,1
toklip_s_semantic_256,imagenet1k,toklip_s_semantic_256,classifier_1_blocks_avgpool_True_lr_0_00250,0.005,0.0025,1,True,evaluated,65.77,87.28,False,1
toklip_s_semantic_256,imagenet1k,toklip_s_semantic_256,classifier_1_blocks_avgpool_True_lr_0_00500,0.01,0.005,1,True,evaluated,69.67,89.85,False,1
toklip_s_semantic_256,imagenet1k,toklip_s_semantic_256,classifier_1_blocks_avgpool_True_lr_0_01000,0.02,0.01,1,True,evaluated,72.63,91.57,False,1
toklip_s_semantic_256,imagenet1k,toklip_s_semantic_256,classifier_1_blocks_avgpool_True_lr_0_02500,0.05,0.025,1,True,evaluated,75.38,93.0,False,1
toklip_s_semantic_256,imagenet1k,toklip_s_semantic_256,classifier_1_blocks_avgpool_True_lr_0_05000,0.1,0.05,1,True,evaluated,76.7,93.64,False,1
toklip_s_semantic_256,imagenet1k,toklip_s_semantic_256,classifier_4_blocks_avgpool_False_lr_0_00001,1e-05,5e-06,4,False,missing_name_collision,,,False,2
toklip_s_semantic_256,imagenet1k,toklip_s_semantic_256,classifier_4_blocks_avgpool_False_lr_0_00001,2e-05,1e-05,4,False,evaluated,0.45,1.7,False,2
toklip_s_semantic_256,imagenet1k,toklip_s_semantic_256,classifier_4_blocks_avgpool_False_lr_0_00003,5e-05,2.5e-05,4,False,evaluated,2.24,6.96,False,1
toklip_s_semantic_256,imagenet1k,toklip_s_semantic_256,classifier_4_blocks_avgpool_False_lr_0_00005,0.0001,5e-05,4,False,evaluated,11.31,26.77,False,1
toklip_s_semantic_256,imagenet1k,toklip_s_semantic_256,classifier_4_blocks_avgpool_False_lr_0_00010,0.0002,0.0001,4,False,evaluated,28.23,53.18,False,1
toklip_s_semantic_256,imagenet1k,toklip_s_semantic_256,classifier_4_blocks_avgpool_False_lr_0_00025,0.0005,0.00025,4,False,evaluated,46.99,73.59,False,1
toklip_s_semantic_256,imagenet1k,toklip_s_semantic_256,classifier_4_blocks_avgpool_False_lr_0_00050,0.001,0.0005,4,False,evaluated,56.44,81.22,False,1
toklip_s_semantic_256,imagenet1k,toklip_s_semantic_256,classifier_4_blocks_avgpool_False_lr_0_00100,0.002,0.001,4,False,evaluated,63.87,85.88,False,1
toklip_s_semantic_256,imagenet1k,toklip_s_semantic_256,classifier_4_blocks_avgpool_False_lr_0_00250,0.005,0.0025,4,False,evaluated,69.53,89.84,False,1
toklip_s_semantic_256,imagenet1k,toklip_s_semantic_256,classifier_4_blocks_avgpool_False_lr_0_00500,0.01,0.005,4,False,evaluated,72.7,91.55,False,1
toklip_s_semantic_256,imagenet1k,toklip_s_semantic_256,classifier_4_blocks_avgpool_False_lr_0_01000,0.02,0.01,4,False,evaluated,74.76,92.68,False,1
toklip_s_semantic_256,imagenet1k,toklip_s_semantic_256,classifier_4_blocks_avgpool_False_lr_0_02500,0.05,0.025,4,False,evaluated,76.67,93.63,False,1
toklip_s_semantic_256,imagenet1k,toklip_s_semantic_256,classifier_4_blocks_avgpool_False_lr_0_05000,0.1,0.05,4,False,evaluated,77.58,93.99,False,1
toklip_s_semantic_256,imagenet1k,toklip_s_semantic_256,classifier_4_blocks_avgpool_True_lr_0_00001,1e-05,5e-06,4,True,missing_name_collision,,,False,2
toklip_s_semantic_256,imagenet1k,toklip_s_semantic_256,classifier_4_blocks_avgpool_True_lr_0_00001,2e-05,1e-05,4,True,evaluated,0.44,2.02,False,2
toklip_s_semantic_256,imagenet1k,toklip_s_semantic_256,classifier_4_blocks_avgpool_True_lr_0_00003,5e-05,2.5e-05,4,True,evaluated,2.84,8.91,False,1
toklip_s_semantic_256,imagenet1k,toklip_s_semantic_256,classifier_4_blocks_avgpool_True_lr_0_00005,0.0001,5e-05,4,True,evaluated,13.54,30.38,False,1
toklip_s_semantic_256,imagenet1k,toklip_s_semantic_256,classifier_4_blocks_avgpool_True_lr_0_00010,0.0002,0.0001,4,True,evaluated,30.04,56.59,False,1
toklip_s_semantic_256,imagenet1k,toklip_s_semantic_256,classifier_4_blocks_avgpool_True_lr_0_00025,0.0005,0.00025,4,True,evaluated,49.03,75.77,False,1
toklip_s_semantic_256,imagenet1k,toklip_s_semantic_256,classifier_4_blocks_avgpool_True_lr_0_00050,0.001,0.0005,4,True,evaluated,58.92,82.87,False,1
toklip_s_semantic_256,imagenet1k,toklip_s_semantic_256,classifier_4_blocks_avgpool_True_lr_0_00100,0.002,0.001,4,True,evaluated,65.43,87.03,False,1
toklip_s_semantic_256,imagenet1k,toklip_s_semantic_256,classifier_4_blocks_avgpool_True_lr_0_00250,0.005,0.0025,4,True,evaluated,70.74,90.47,False,1
toklip_s_semantic_256,imagenet1k,toklip_s_semantic_256,classifier_4_blocks_avgpool_True_lr_0_00500,0.01,0.005,4,True,evaluated,73.42,91.94,False,1
toklip_s_semantic_256,imagenet1k,toklip_s_semantic_256,classifier_4_blocks_avgpool_True_lr_0_01000,0.02,0.01,4,True,evaluated,75.31,92.98,False,1
toklip_s_semantic_256,imagenet1k,toklip_s_semantic_256,classifier_4_blocks_avgpool_True_lr_0_02500,0.05,0.025,4,True,evaluated,77.05,93.78,False,1
toklip_s_semantic_256,imagenet1k,toklip_s_semantic_256,classifier_4_blocks_avgpool_True_lr_0_05000,0.1,0.05,4,True,evaluated,77.72,94.06,True,1
toklip_s_zq_256,imagenet1k,toklip_s_zq_256,classifier_1_blocks_avgpool_False_lr_0_00001,1e-05,5e-06,1,False,missing_name_collision,,,False,2
toklip_s_zq_256,imagenet1k,toklip_s_zq_256,classifier_1_blocks_avgpool_False_lr_0_00001,2e-05,1e-05,1,False,evaluated,0.13,0.57,False,2
toklip_s_zq_256,imagenet1k,toklip_s_zq_256,classifier_1_blocks_avgpool_False_lr_0_00003,5e-05,2.5e-05,1,False,evaluated,0.08,0.52,False,1
toklip_s_zq_256,imagenet1k,toklip_s_zq_256,classifier_1_blocks_avgpool_False_lr_0_00005,0.0001,5e-05,1,False,evaluated,0.1,0.57,False,1
toklip_s_zq_256,imagenet1k,toklip_s_zq_256,classifier_1_blocks_avgpool_False_lr_0_00010,0.0002,0.0001,1,False,evaluated,0.11,0.65,False,1
toklip_s_zq_256,imagenet1k,toklip_s_zq_256,classifier_1_blocks_avgpool_False_lr_0_00025,0.0005,0.00025,1,False,evaluated,0.22,1.28,False,1
toklip_s_zq_256,imagenet1k,toklip_s_zq_256,classifier_1_blocks_avgpool_False_lr_0_00050,0.001,0.0005,1,False,evaluated,0.63,2.44,False,1
toklip_s_zq_256,imagenet1k,toklip_s_zq_256,classifier_1_blocks_avgpool_False_lr_0_00100,0.002,0.001,1,False,evaluated,0.93,3.37,False,1
toklip_s_zq_256,imagenet1k,toklip_s_zq_256,classifier_1_blocks_avgpool_False_lr_0_00250,0.005,0.0025,1,False,evaluated,1.17,4.4,False,1
toklip_s_zq_256,imagenet1k,toklip_s_zq_256,classifier_1_blocks_avgpool_False_lr_0_00500,0.01,0.005,1,False,evaluated,1.33,4.81,False,1
toklip_s_zq_256,imagenet1k,toklip_s_zq_256,classifier_1_blocks_avgpool_False_lr_0_01000,0.02,0.01,1,False,evaluated,1.45,5.21,False,1
toklip_s_zq_256,imagenet1k,toklip_s_zq_256,classifier_1_blocks_avgpool_False_lr_0_02500,0.05,0.025,1,False,evaluated,1.44,5.44,False,1
toklip_s_zq_256,imagenet1k,toklip_s_zq_256,classifier_1_blocks_avgpool_False_lr_0_05000,0.1,0.05,1,False,evaluated,1.57,5.84,False,1
toklip_s_zq_256,imagenet1k,toklip_s_zq_256,classifier_1_blocks_avgpool_True_lr_0_00001,1e-05,5e-06,1,True,missing_name_collision,,,False,2
toklip_s_zq_256,imagenet1k,toklip_s_zq_256,classifier_1_blocks_avgpool_True_lr_0_00001,2e-05,1e-05,1,True,evaluated,0.08,0.57,False,2
toklip_s_zq_256,imagenet1k,toklip_s_zq_256,classifier_1_blocks_avgpool_True_lr_0_00003,5e-05,2.5e-05,1,True,evaluated,0.13,0.6,False,1
toklip_s_zq_256,imagenet1k,toklip_s_zq_256,classifier_1_blocks_avgpool_True_lr_0_00005,0.0001,5e-05,1,True,evaluated,0.12,0.7,False,1
toklip_s_zq_256,imagenet1k,toklip_s_zq_256,classifier_1_blocks_avgpool_True_lr_0_00010,0.0002,0.0001,1,True,evaluated,0.19,0.96,False,1
toklip_s_zq_256,imagenet1k,toklip_s_zq_256,classifier_1_blocks_avgpool_True_lr_0_00025,0.0005,0.00025,1,True,evaluated,0.42,2.03,False,1
toklip_s_zq_256,imagenet1k,toklip_s_zq_256,classifier_1_blocks_avgpool_True_lr_0_00050,0.001,0.0005,1,True,evaluated,0.72,3.17,False,1
toklip_s_zq_256,imagenet1k,toklip_s_zq_256,classifier_1_blocks_avgpool_True_lr_0_00100,0.002,0.001,1,True,evaluated,0.93,3.69,False,1
toklip_s_zq_256,imagenet1k,toklip_s_zq_256,classifier_1_blocks_avgpool_True_lr_0_00250,0.005,0.0025,1,True,evaluated,1.32,4.41,False,1
toklip_s_zq_256,imagenet1k,toklip_s_zq_256,classifier_1_blocks_avgpool_True_lr_0_00500,0.01,0.005,1,True,evaluated,1.38,4.86,False,1
toklip_s_zq_256,imagenet1k,toklip_s_zq_256,classifier_1_blocks_avgpool_True_lr_0_01000,0.02,0.01,1,True,evaluated,1.4,5.28,False,1
toklip_s_zq_256,imagenet1k,toklip_s_zq_256,classifier_1_blocks_avgpool_True_lr_0_02500,0.05,0.025,1,True,evaluated,1.54,5.8,False,1
toklip_s_zq_256,imagenet1k,toklip_s_zq_256,classifier_1_blocks_avgpool_True_lr_0_05000,0.1,0.05,1,True,evaluated,1.75,6.48,False,1
toklip_s_zq_256,imagenet1k,toklip_s_zq_256,classifier_4_blocks_avgpool_False_lr_0_00001,1e-05,5e-06,4,False,missing_name_collision,,,False,2
toklip_s_zq_256,imagenet1k,toklip_s_zq_256,classifier_4_blocks_avgpool_False_lr_0_00001,2e-05,1e-05,4,False,evaluated,0.08,0.52,False,2
toklip_s_zq_256,imagenet1k,toklip_s_zq_256,classifier_4_blocks_avgpool_False_lr_0_00003,5e-05,2.5e-05,4,False,evaluated,0.15,0.73,False,1
toklip_s_zq_256,imagenet1k,toklip_s_zq_256,classifier_4_blocks_avgpool_False_lr_0_00005,0.0001,5e-05,4,False,evaluated,0.27,0.98,False,1
toklip_s_zq_256,imagenet1k,toklip_s_zq_256,classifier_4_blocks_avgpool_False_lr_0_00010,0.0002,0.0001,4,False,evaluated,0.21,1.16,False,1
toklip_s_zq_256,imagenet1k,toklip_s_zq_256,classifier_4_blocks_avgpool_False_lr_0_00025,0.0005,0.00025,4,False,evaluated,0.7,2.55,False,1
toklip_s_zq_256,imagenet1k,toklip_s_zq_256,classifier_4_blocks_avgpool_False_lr_0_00050,0.001,0.0005,4,False,evaluated,0.94,3.51,False,1
toklip_s_zq_256,imagenet1k,toklip_s_zq_256,classifier_4_blocks_avgpool_False_lr_0_00100,0.002,0.001,4,False,evaluated,0.99,3.86,False,1
toklip_s_zq_256,imagenet1k,toklip_s_zq_256,classifier_4_blocks_avgpool_False_lr_0_00250,0.005,0.0025,4,False,evaluated,1.32,4.43,False,1
toklip_s_zq_256,imagenet1k,toklip_s_zq_256,classifier_4_blocks_avgpool_False_lr_0_00500,0.01,0.005,4,False,evaluated,1.39,4.98,False,1
toklip_s_zq_256,imagenet1k,toklip_s_zq_256,classifier_4_blocks_avgpool_False_lr_0_01000,0.02,0.01,4,False,evaluated,1.46,5.54,False,1
toklip_s_zq_256,imagenet1k,toklip_s_zq_256,classifier_4_blocks_avgpool_False_lr_0_02500,0.05,0.025,4,False,evaluated,1.71,6.44,False,1
toklip_s_zq_256,imagenet1k,toklip_s_zq_256,classifier_4_blocks_avgpool_False_lr_0_05000,0.1,0.05,4,False,evaluated,2.08,7.42,False,1
toklip_s_zq_256,imagenet1k,toklip_s_zq_256,classifier_4_blocks_avgpool_True_lr_0_00001,1e-05,5e-06,4,True,missing_name_collision,,,False,2
toklip_s_zq_256,imagenet1k,toklip_s_zq_256,classifier_4_blocks_avgpool_True_lr_0_00001,2e-05,1e-05,4,True,evaluated,0.09,0.54,False,2
toklip_s_zq_256,imagenet1k,toklip_s_zq_256,classifier_4_blocks_avgpool_True_lr_0_00003,5e-05,2.5e-05,4,True,evaluated,0.13,0.66,False,1
toklip_s_zq_256,imagenet1k,toklip_s_zq_256,classifier_4_blocks_avgpool_True_lr_0_00005,0.0001,5e-05,4,True,evaluated,0.17,0.77,False,1
toklip_s_zq_256,imagenet1k,toklip_s_zq_256,classifier_4_blocks_avgpool_True_lr_0_00010,0.0002,0.0001,4,True,evaluated,0.25,1.22,False,1
toklip_s_zq_256,imagenet1k,toklip_s_zq_256,classifier_4_blocks_avgpool_True_lr_0_00025,0.0005,0.00025,4,True,evaluated,0.7,2.67,False,1
toklip_s_zq_256,imagenet1k,toklip_s_zq_256,classifier_4_blocks_avgpool_True_lr_0_00050,0.001,0.0005,4,True,evaluated,1.0,3.68,False,1
toklip_s_zq_256,imagenet1k,toklip_s_zq_256,classifier_4_blocks_avgpool_True_lr_0_00100,0.002,0.001,4,True,evaluated,1.15,3.92,False,1
toklip_s_zq_256,imagenet1k,toklip_s_zq_256,classifier_4_blocks_avgpool_True_lr_0_00250,0.005,0.0025,4,True,evaluated,1.34,4.57,False,1
toklip_s_zq_256,imagenet1k,toklip_s_zq_256,classifier_4_blocks_avgpool_True_lr_0_00500,0.01,0.005,4,True,evaluated,1.39,5.01,False,1
toklip_s_zq_256,imagenet1k,toklip_s_zq_256,classifier_4_blocks_avgpool_True_lr_0_01000,0.02,0.01,4,True,evaluated,1.49,5.59,False,1
toklip_s_zq_256,imagenet1k,toklip_s_zq_256,classifier_4_blocks_avgpool_True_lr_0_02500,0.05,0.025,4,True,evaluated,1.81,6.74,False,1
toklip_s_zq_256,imagenet1k,toklip_s_zq_256,classifier_4_blocks_avgpool_True_lr_0_05000,0.1,0.05,4,True,evaluated,2.18,7.73,True,1
unitok,imagenet1k,unitok,classifier_1_blocks_avgpool_False_lr_0_00001,1e-05,5e-06,1,False,missing_name_collision,,,False,2
unitok,imagenet1k,unitok,classifier_1_blocks_avgpool_False_lr_0_00001,2e-05,1e-05,1,False,evaluated,41.6,71.57,False,2
unitok,imagenet1k,unitok,classifier_1_blocks_avgpool_False_lr_0_00003,5e-05,2.5e-05,1,False,evaluated,60.46,86.56,False,1
unitok,imagenet1k,unitok,classifier_1_blocks_avgpool_False_lr_0_00005,0.0001,5e-05,1,False,evaluated,68.75,90.84,False,1
unitok,imagenet1k,unitok,classifier_1_blocks_avgpool_False_lr_0_00010,0.0002,0.0001,1,False,evaluated,73.32,93.11,False,1
unitok,imagenet1k,unitok,classifier_1_blocks_avgpool_False_lr_0_00025,0.0005,0.00025,1,False,evaluated,76.37,94.4,False,1
unitok,imagenet1k,unitok,classifier_1_blocks_avgpool_False_lr_0_00050,0.001,0.0005,1,False,evaluated,78.02,95.09,False,1
unitok,imagenet1k,unitok,classifier_1_blocks_avgpool_False_lr_0_00100,0.002,0.001,1,False,evaluated,78.94,95.5,False,1
unitok,imagenet1k,unitok,classifier_1_blocks_avgpool_False_lr_0_00250,0.005,0.0025,1,False,evaluated,79.93,95.8,False,1
unitok,imagenet1k,unitok,classifier_1_blocks_avgpool_False_lr_0_00500,0.01,0.005,1,False,evaluated,80.18,95.88,False,1
unitok,imagenet1k,unitok,classifier_1_blocks_avgpool_False_lr_0_01000,0.02,0.01,1,False,evaluated,80.47,95.9,False,1
unitok,imagenet1k,unitok,classifier_1_blocks_avgpool_False_lr_0_02500,0.05,0.025,1,False,evaluated,80.55,95.9,False,1
unitok,imagenet1k,unitok,classifier_1_blocks_avgpool_False_lr_0_05000,0.1,0.05,1,False,evaluated,80.59,95.94,False,1
unitok,imagenet1k,unitok,classifier_1_blocks_avgpool_True_lr_0_00001,1e-05,5e-06,1,True,missing_name_collision,,,False,2
unitok,imagenet1k,unitok,classifier_1_blocks_avgpool_True_lr_0_00001,2e-05,1e-05,1,True,evaluated,44.2,73.31,False,2
unitok,imagenet1k,unitok,classifier_1_blocks_avgpool_True_lr_0_00003,5e-05,2.5e-05,1,True,evaluated,61.67,87.27,False,1
unitok,imagenet1k,unitok,classifier_1_blocks_avgpool_True_lr_0_00005,0.0001,5e-05,1,True,evaluated,69.5,91.08,False,1
unitok,imagenet1k,unitok,classifier_1_blocks_avgpool_True_lr_0_00010,0.0002,0.0001,1,True,evaluated,73.59,93.21,False,1
unitok,imagenet1k,unitok,classifier_1_blocks_avgpool_True_lr_0_00025,0.0005,0.00025,1,True,evaluated,76.66,94.51,False,1
unitok,imagenet1k,unitok,classifier_1_blocks_avgpool_True_lr_0_00050,0.001,0.0005,1,True,evaluated,78.06,95.22,False,1
unitok,imagenet1k,unitok,classifier_1_blocks_avgpool_True_lr_0_00100,0.002,0.001,1,True,evaluated,79.1,95.6,False,1
unitok,imagenet1k,unitok,classifier_1_blocks_avgpool_True_lr_0_00250,0.005,0.0025,1,True,evaluated,79.94,95.82,False,1
unitok,imagenet1k,unitok,classifier_1_blocks_avgpool_True_lr_0_00500,0.01,0.005,1,True,evaluated,80.33,95.88,False,1
unitok,imagenet1k,unitok,classifier_1_blocks_avgpool_True_lr_0_01000,0.02,0.01,1,True,evaluated,80.53,95.9,False,1
unitok,imagenet1k,unitok,classifier_1_blocks_avgpool_True_lr_0_02500,0.05,0.025,1,True,evaluated,80.61,95.95,False,1
unitok,imagenet1k,unitok,classifier_1_blocks_avgpool_True_lr_0_05000,0.1,0.05,1,True,evaluated,80.62,95.96,True,1
unitok,imagenet1k,unitok,classifier_4_blocks_avgpool_False_lr_0_00001,1e-05,5e-06,4,False,missing_name_collision,,,False,2
unitok,imagenet1k,unitok,classifier_4_blocks_avgpool_False_lr_0_00001,2e-05,1e-05,4,False,evaluated,61.6,86.98,False,2
unitok,imagenet1k,unitok,classifier_4_blocks_avgpool_False_lr_0_00003,5e-05,2.5e-05,4,False,evaluated,71.95,92.47,False,1
unitok,imagenet1k,unitok,classifier_4_blocks_avgpool_False_lr_0_00005,0.0001,5e-05,4,False,evaluated,75.45,94.07,False,1
unitok,imagenet1k,unitok,classifier_4_blocks_avgpool_False_lr_0_00010,0.0002,0.0001,4,False,evaluated,77.15,94.77,False,1
unitok,imagenet1k,unitok,classifier_4_blocks_avgpool_False_lr_0_00025,0.0005,0.00025,4,False,evaluated,78.79,95.47,False,1
unitok,imagenet1k,unitok,classifier_4_blocks_avgpool_False_lr_0_00050,0.001,0.0005,4,False,evaluated,79.72,95.67,False,1
unitok,imagenet1k,unitok,classifier_4_blocks_avgpool_False_lr_0_00100,0.002,0.001,4,False,evaluated,80.11,95.84,False,1
unitok,imagenet1k,unitok,classifier_4_blocks_avgpool_False_lr_0_00250,0.005,0.0025,4,False,evaluated,80.46,95.9,False,1
unitok,imagenet1k,unitok,classifier_4_blocks_avgpool_False_lr_0_00500,0.01,0.005,4,False,evaluated,80.52,95.89,False,1
unitok,imagenet1k,unitok,classifier_4_blocks_avgpool_False_lr_0_01000,0.02,0.01,4,False,evaluated,80.54,95.95,False,1
unitok,imagenet1k,unitok,classifier_4_blocks_avgpool_False_lr_0_02500,0.05,0.025,4,False,evaluated,80.48,95.86,False,1
unitok,imagenet1k,unitok,classifier_4_blocks_avgpool_False_lr_0_05000,0.1,0.05,4,False,evaluated,79.74,95.43,False,1
unitok,imagenet1k,unitok,classifier_4_blocks_avgpool_True_lr_0_00001,1e-05,5e-06,4,True,missing_name_collision,,,False,2
unitok,imagenet1k,unitok,classifier_4_blocks_avgpool_True_lr_0_00001,2e-05,1e-05,4,True,evaluated,61.6,87.02,False,2
unitok,imagenet1k,unitok,classifier_4_blocks_avgpool_True_lr_0_00003,5e-05,2.5e-05,4,True,evaluated,72.26,92.61,False,1
unitok,imagenet1k,unitok,classifier_4_blocks_avgpool_True_lr_0_00005,0.0001,5e-05,4,True,evaluated,75.46,94.06,False,1
unitok,imagenet1k,unitok,classifier_4_blocks_avgpool_True_lr_0_00010,0.0002,0.0001,4,True,evaluated,77.24,94.82,False,1
unitok,imagenet1k,unitok,classifier_4_blocks_avgpool_True_lr_0_00025,0.0005,0.00025,4,True,evaluated,78.85,95.47,False,1
unitok,imagenet1k,unitok,classifier_4_blocks_avgpool_True_lr_0_00050,0.001,0.0005,4,True,evaluated,79.67,95.73,False,1
unitok,imagenet1k,unitok,classifier_4_blocks_avgpool_True_lr_0_00100,0.002,0.001,4,True,evaluated,80.11,95.82,False,1
unitok,imagenet1k,unitok,classifier_4_blocks_avgpool_True_lr_0_00250,0.005,0.0025,4,True,evaluated,80.46,95.91,False,1
unitok,imagenet1k,unitok,classifier_4_blocks_avgpool_True_lr_0_00500,0.01,0.005,4,True,evaluated,80.54,95.9,False,1
unitok,imagenet1k,unitok,classifier_4_blocks_avgpool_True_lr_0_01000,0.02,0.01,4,True,evaluated,80.56,95.94,False,1
unitok,imagenet1k,unitok,classifier_4_blocks_avgpool_True_lr_0_02500,0.05,0.025,4,True,evaluated,80.48,95.87,False,1
unitok,imagenet1k,unitok,classifier_4_blocks_avgpool_True_lr_0_05000,0.1,0.05,4,True,evaluated,79.73,95.47,False,1
vilau_7b_256_semantic_penultimate,imagenet1k,vilau_7b_256_semantic_penultimate,classifier_1_blocks_avgpool_False_lr_0_00001,1e-05,5e-06,1,False,missing_name_collision,,,False,2
vilau_7b_256_semantic_penultimate,imagenet1k,vilau_7b_256_semantic_penultimate,classifier_1_blocks_avgpool_False_lr_0_00001,2e-05,1e-05,1,False,evaluated,24.01,43.16,False,2
vilau_7b_256_semantic_penultimate,imagenet1k,vilau_7b_256_semantic_penultimate,classifier_1_blocks_avgpool_False_lr_0_00003,5e-05,2.5e-05,1,False,evaluated,49.16,73.73,False,1
vilau_7b_256_semantic_penultimate,imagenet1k,vilau_7b_256_semantic_penultimate,classifier_1_blocks_avgpool_False_lr_0_00005,0.0001,5e-05,1,False,evaluated,59.88,83.07,False,1
vilau_7b_256_semantic_penultimate,imagenet1k,vilau_7b_256_semantic_penultimate,classifier_1_blocks_avgpool_False_lr_0_00010,0.0002,0.0001,1,False,evaluated,67.75,88.57,False,1
vilau_7b_256_semantic_penultimate,imagenet1k,vilau_7b_256_semantic_penultimate,classifier_1_blocks_avgpool_False_lr_0_00025,0.0005,0.00025,1,False,evaluated,74.09,92.6,False,1
vilau_7b_256_semantic_penultimate,imagenet1k,vilau_7b_256_semantic_penultimate,classifier_1_blocks_avgpool_False_lr_0_00050,0.001,0.0005,1,False,evaluated,77.17,94.37,False,1
vilau_7b_256_semantic_penultimate,imagenet1k,vilau_7b_256_semantic_penultimate,classifier_1_blocks_avgpool_False_lr_0_00100,0.002,0.001,1,False,evaluated,79.26,95.29,False,1
vilau_7b_256_semantic_penultimate,imagenet1k,vilau_7b_256_semantic_penultimate,classifier_1_blocks_avgpool_False_lr_0_00250,0.005,0.0025,1,False,evaluated,81.16,95.95,False,1
vilau_7b_256_semantic_penultimate,imagenet1k,vilau_7b_256_semantic_penultimate,classifier_1_blocks_avgpool_False_lr_0_00500,0.01,0.005,1,False,evaluated,82.25,96.34,False,1
vilau_7b_256_semantic_penultimate,imagenet1k,vilau_7b_256_semantic_penultimate,classifier_1_blocks_avgpool_False_lr_0_01000,0.02,0.01,1,False,evaluated,82.87,96.59,False,1
vilau_7b_256_semantic_penultimate,imagenet1k,vilau_7b_256_semantic_penultimate,classifier_1_blocks_avgpool_False_lr_0_02500,0.05,0.025,1,False,evaluated,83.35,96.75,False,1
vilau_7b_256_semantic_penultimate,imagenet1k,vilau_7b_256_semantic_penultimate,classifier_1_blocks_avgpool_False_lr_0_05000,0.1,0.05,1,False,evaluated,83.53,96.74,False,1
vilau_7b_256_semantic_penultimate,imagenet1k,vilau_7b_256_semantic_penultimate,classifier_1_blocks_avgpool_True_lr_0_00001,1e-05,5e-06,1,True,missing_name_collision,,,False,2
vilau_7b_256_semantic_penultimate,imagenet1k,vilau_7b_256_semantic_penultimate,classifier_1_blocks_avgpool_True_lr_0_00001,2e-05,1e-05,1,True,evaluated,36.21,59.29,False,2
vilau_7b_256_semantic_penultimate,imagenet1k,vilau_7b_256_semantic_penultimate,classifier_1_blocks_avgpool_True_lr_0_00003,5e-05,2.5e-05,1,True,evaluated,57.81,81.1,False,1
vilau_7b_256_semantic_penultimate,imagenet1k,vilau_7b_256_semantic_penultimate,classifier_1_blocks_avgpool_True_lr_0_00005,0.0001,5e-05,1,True,evaluated,66.84,87.65,False,1
vilau_7b_256_semantic_penultimate,imagenet1k,vilau_7b_256_semantic_penultimate,classifier_1_blocks_avgpool_True_lr_0_00010,0.0002,0.0001,1,True,evaluated,72.84,91.57,False,1
vilau_7b_256_semantic_penultimate,imagenet1k,vilau_7b_256_semantic_penultimate,classifier_1_blocks_avgpool_True_lr_0_00025,0.0005,0.00025,1,True,evaluated,77.06,94.31,False,1
vilau_7b_256_semantic_penultimate,imagenet1k,vilau_7b_256_semantic_penultimate,classifier_1_blocks_avgpool_True_lr_0_00050,0.001,0.0005,1,True,evaluated,79.27,95.24,False,1
vilau_7b_256_semantic_penultimate,imagenet1k,vilau_7b_256_semantic_penultimate,classifier_1_blocks_avgpool_True_lr_0_00100,0.002,0.001,1,True,evaluated,80.8,95.83,False,1
vilau_7b_256_semantic_penultimate,imagenet1k,vilau_7b_256_semantic_penultimate,classifier_1_blocks_avgpool_True_lr_0_00250,0.005,0.0025,1,True,evaluated,82.22,96.31,False,1
vilau_7b_256_semantic_penultimate,imagenet1k,vilau_7b_256_semantic_penultimate,classifier_1_blocks_avgpool_True_lr_0_00500,0.01,0.005,1,True,evaluated,82.85,96.58,False,1
vilau_7b_256_semantic_penultimate,imagenet1k,vilau_7b_256_semantic_penultimate,classifier_1_blocks_avgpool_True_lr_0_01000,0.02,0.01,1,True,evaluated,83.25,96.71,False,1
vilau_7b_256_semantic_penultimate,imagenet1k,vilau_7b_256_semantic_penultimate,classifier_1_blocks_avgpool_True_lr_0_02500,0.05,0.025,1,True,evaluated,83.53,96.74,False,1
vilau_7b_256_semantic_penultimate,imagenet1k,vilau_7b_256_semantic_penultimate,classifier_1_blocks_avgpool_True_lr_0_05000,0.1,0.05,1,True,evaluated,83.29,96.49,False,1
vilau_7b_256_semantic_penultimate,imagenet1k,vilau_7b_256_semantic_penultimate,classifier_4_blocks_avgpool_False_lr_0_00001,1e-05,5e-06,4,False,missing_name_collision,,,False,2
vilau_7b_256_semantic_penultimate,imagenet1k,vilau_7b_256_semantic_penultimate,classifier_4_blocks_avgpool_False_lr_0_00001,2e-05,1e-05,4,False,evaluated,47.26,71.83,False,2
vilau_7b_256_semantic_penultimate,imagenet1k,vilau_7b_256_semantic_penultimate,classifier_4_blocks_avgpool_False_lr_0_00003,5e-05,2.5e-05,4,False,evaluated,65.5,86.71,False,1
vilau_7b_256_semantic_penultimate,imagenet1k,vilau_7b_256_semantic_penultimate,classifier_4_blocks_avgpool_False_lr_0_00005,0.0001,5e-05,4,False,evaluated,72.37,91.51,False,1
vilau_7b_256_semantic_penultimate,imagenet1k,vilau_7b_256_semantic_penultimate,classifier_4_blocks_avgpool_False_lr_0_00010,0.0002,0.0001,4,False,evaluated,76.09,93.71,False,1
vilau_7b_256_semantic_penultimate,imagenet1k,vilau_7b_256_semantic_penultimate,classifier_4_blocks_avgpool_False_lr_0_00025,0.0005,0.00025,4,False,evaluated,79.1,95.24,False,1
vilau_7b_256_semantic_penultimate,imagenet1k,vilau_7b_256_semantic_penultimate,classifier_4_blocks_avgpool_False_lr_0_00050,0.001,0.0005,4,False,evaluated,80.71,95.79,False,1
vilau_7b_256_semantic_penultimate,imagenet1k,vilau_7b_256_semantic_penultimate,classifier_4_blocks_avgpool_False_lr_0_00100,0.002,0.001,4,False,evaluated,81.88,96.21,False,1
vilau_7b_256_semantic_penultimate,imagenet1k,vilau_7b_256_semantic_penultimate,classifier_4_blocks_avgpool_False_lr_0_00250,0.005,0.0025,4,False,evaluated,82.81,96.6,False,1
vilau_7b_256_semantic_penultimate,imagenet1k,vilau_7b_256_semantic_penultimate,classifier_4_blocks_avgpool_False_lr_0_00500,0.01,0.005,4,False,evaluated,83.25,96.71,False,1
vilau_7b_256_semantic_penultimate,imagenet1k,vilau_7b_256_semantic_penultimate,classifier_4_blocks_avgpool_False_lr_0_01000,0.02,0.01,4,False,evaluated,83.58,96.75,True,1
vilau_7b_256_semantic_penultimate,imagenet1k,vilau_7b_256_semantic_penultimate,classifier_4_blocks_avgpool_False_lr_0_02500,0.05,0.025,4,False,evaluated,83.33,96.49,False,1
vilau_7b_256_semantic_penultimate,imagenet1k,vilau_7b_256_semantic_penultimate,classifier_4_blocks_avgpool_False_lr_0_05000,0.1,0.05,4,False,evaluated,82.63,96.08,False,1
vilau_7b_256_semantic_penultimate,imagenet1k,vilau_7b_256_semantic_penultimate,classifier_4_blocks_avgpool_True_lr_0_00001,1e-05,5e-06,4,True,missing_name_collision,,,False,2
vilau_7b_256_semantic_penultimate,imagenet1k,vilau_7b_256_semantic_penultimate,classifier_4_blocks_avgpool_True_lr_0_00001,2e-05,1e-05,4,True,evaluated,51.16,75.05,False,2
vilau_7b_256_semantic_penultimate,imagenet1k,vilau_7b_256_semantic_penultimate,classifier_4_blocks_avgpool_True_lr_0_00003,5e-05,2.5e-05,4,True,evaluated,67.31,88.33,False,1
vilau_7b_256_semantic_penultimate,imagenet1k,vilau_7b_256_semantic_penultimate,classifier_4_blocks_avgpool_True_lr_0_00005,0.0001,5e-05,4,True,evaluated,73.56,92.13,False,1
vilau_7b_256_semantic_penultimate,imagenet1k,vilau_7b_256_semantic_penultimate,classifier_4_blocks_avgpool_True_lr_0_00010,0.0002,0.0001,4,True,evaluated,76.77,94.22,False,1
vilau_7b_256_semantic_penultimate,imagenet1k,vilau_7b_256_semantic_penultimate,classifier_4_blocks_avgpool_True_lr_0_00025,0.0005,0.00025,4,True,evaluated,79.67,95.45,False,1
vilau_7b_256_semantic_penultimate,imagenet1k,vilau_7b_256_semantic_penultimate,classifier_4_blocks_avgpool_True_lr_0_00050,0.001,0.0005,4,True,evaluated,81.13,95.94,False,1
vilau_7b_256_semantic_penultimate,imagenet1k,vilau_7b_256_semantic_penultimate,classifier_4_blocks_avgpool_True_lr_0_00100,0.002,0.001,4,True,evaluated,82.15,96.29,False,1
vilau_7b_256_semantic_penultimate,imagenet1k,vilau_7b_256_semantic_penultimate,classifier_4_blocks_avgpool_True_lr_0_00250,0.005,0.0025,4,True,evaluated,83.0,96.63,False,1
vilau_7b_256_semantic_penultimate,imagenet1k,vilau_7b_256_semantic_penultimate,classifier_4_blocks_avgpool_True_lr_0_00500,0.01,0.005,4,True,evaluated,83.36,96.74,False,1
vilau_7b_256_semantic_penultimate,imagenet1k,vilau_7b_256_semantic_penultimate,classifier_4_blocks_avgpool_True_lr_0_01000,0.02,0.01,4,True,evaluated,83.55,96.73,False,1
vilau_7b_256_semantic_penultimate,imagenet1k,vilau_7b_256_semantic_penultimate,classifier_4_blocks_avgpool_True_lr_0_02500,0.05,0.025,4,True,evaluated,83.12,96.36,False,1
vilau_7b_256_semantic_penultimate,imagenet1k,vilau_7b_256_semantic_penultimate,classifier_4_blocks_avgpool_True_lr_0_05000,0.1,0.05,4,True,evaluated,82.41,95.93,False,1
